CREATE DATABASE PIZZARIA;

CREATE TABLE PIZZARIA.CLIENTE (
	COD_CLIENTE 			INT 			NOT NULL 	AUTO_INCREMENT,
	NOME_CLIENTE 			VARCHAR(150) 	NOT NULL,
	RUA 					VARCHAR(150) 	NOT NULL,
	NUMERO 					VARCHAR(20) 	NOT NULL,
	COMPLEMENTO 			VARCHAR(30),
	SENHA 					VARCHAR(100) 	NOT NULL,
	EMAIL 					VARCHAR(100) 	NOT NULL,
	CPF 					VARCHAR(11) 	NOT NULL,
	IDF_SEXO 				VARCHAR(1) 		COMMENT "F - FEMININO / M - MASCULINO",
	IDF_ATIVO 				VARCHAR(1) 		DEFAULT 'S' COMMENT "S - SIM / N - NÃO",
	CONSTRAINT PK_CLIENTE PRIMARY KEY (COD_CLIENTE),
	CONSTRAINT CK_CLIENTE_SEXO  CHECK (IDF_SEXO  IN ('F', 'M')),
	CONSTRAINT CK_CLIENTE_ATIVO CHECK (IDF_ATIVO IN ('S', 'N'))
);

DROP TABLE IF EXISTS PIZZARIA.TELEFONE_CLIENTE;
CREATE TABLE PIZZARIA.TELEFONE_CLIENTE (
	COD_CLIENTE 				INT 			NOT NULL,
	TELEFONE 					VARCHAR(11) 	NOT NULL,
	CONSTRAINT PK_TELEFONE_CLIENTE PRIMARY KEY (COD_CLIENTE,TELEFONE),
	CONSTRAINT FK_TELEFONE_CLIENTE_2_CLIENTE 
		FOREIGN KEY (COD_CLIENTE) REFERENCES PIZZARIA.CLIENTE (COD_CLIENTE)
);

DROP TABLE IF EXISTS PIZZARIA.PIZZA;
CREATE TABLE PIZZARIA.PIZZA (
	COD_PIZZA 				INT 			NOT NULL AUTO_INCREMENT,
	NOME_PIZZA 				VARCHAR(150) 	NOT NULL,
	CONSTRAINT PK_PIZZA PRIMARY KEY (COD_PIZZA)
);

DROP TABLE IF EXISTS PIZZARIA.TAMANHO_PIZZA;
CREATE TABLE PIZZARIA.TAMANHO_PIZZA (
	COD_PIZZA 				INT 				NOT NULL,
	DESC_TAMANHO_PIZZA 		VARCHAR(20) 		NOT NULL,
	PRECO_TAMANHO_PIZZA 	DECIMAL(10,2) 		NOT NULL DEFAULT 0,
	PRIMARY KEY (COD_PIZZA,DESC_TAMANHO_PIZZA),
	CONSTRAINT FK_TAMANHO_PIZZA_2_PIZZA 
		FOREIGN KEY (COD_PIZZA) REFERENCES PIZZARIA.PIZZA (COD_PIZZA)
);

DROP TABLE IF EXISTS PIZZARIA.PEDIDO;
CREATE TABLE PIZZARIA.PEDIDO (
	NUM_PEDIDO 					INT 			NOT NULL AUTO_INCREMENT,
	DTA_HOR_ABERTURA_PEDIDO 	DATETIME 		NOT NULL,
    DTA_HOR_FECHAMENTO_PEDIDO	DATETIME,
	IDF_ORIGEM_PEDIDO 			VARCHAR(1) 		NOT NULL COMMENT "1 - TELEFONE  / 2 - BALCÃO / 3 - INTERNET",
	IDF_FORMA_PAGAMENTO			VARCHAR(1) 		NOT NULL COMMENT "1 - DINHEIRO  / 2 - CHEQUE / 3 - CARTÃO DE DÉBITO / 4 - CARTÃO DE CRÉDITO",
	COD_CLIENTE 				INT 			NOT NULL,
	CONSTRAINT PK_PEDIDO PRIMARY KEY (NUM_PEDIDO),
	CONSTRAINT FK_PEDIDO_2_CLIENTE 
		FOREIGN KEY (COD_CLIENTE) REFERENCES PIZZARIA.CLIENTE (COD_CLIENTE),
	CONSTRAINT CK_PEDIDO_ORIGEM          CHECK (IDF_ORIGEM_PEDIDO   BETWEEN 1 AND 3),
	CONSTRAINT CK_PEDIDO_FORMA_PAGAMENTO CHECK (IDF_FORMA_PAGAMENTO BETWEEN 1 AND 4)
);

DROP TABLE IF EXISTS PIZZARIA.CONTEM;
CREATE TABLE PIZZARIA.CONTEM (
	NUM_PEDIDO 			INT 			NOT NULL,
	COD_PIZZA 			INT 			NOT NULL,
	DESC_TAMANHO_PIZZA 	VARCHAR(20) 	NOT NULL,
	QUANTIDADE 			DECIMAL(5,2) 	DEFAULT 1,
	PRECO 				DECIMAL(10,2) 	DEFAULT 0,
	CONSTRAINT PK_CONTEM PRIMARY KEY (NUM_PEDIDO, COD_PIZZA, DESC_TAMANHO_PIZZA),
	CONSTRAINT FK_CONTEM_2_PEDIDO 
		FOREIGN KEY (NUM_PEDIDO) REFERENCES PIZZARIA.PEDIDO (NUM_PEDIDO),
	CONSTRAINT FK_CONTEM_2_TAMANHO_PIZZA 
		FOREIGN KEY (COD_PIZZA, DESC_TAMANHO_PIZZA) REFERENCES PIZZARIA.TAMANHO_PIZZA (COD_PIZZA, DESC_TAMANHO_PIZZA)
);

DROP TABLE IF EXISTS PIZZARIA.INGREDIENTES_PIZZA;
CREATE TABLE IF NOT EXISTS PIZZARIA.INGREDIENTES_PIZZA (
	COD_PIZZA			INT				NOT NULL,
	INGREDIENTE			VARCHAR(255)	NOT NULL,
	CONSTRAINT PK_INGREDIENTES_PIZZA PRIMARY KEY (COD_PIZZA, INGREDIENTE),
	CONSTRAINT FK_INGREDIENTES_PIZZA_2_PIZZA
		FOREIGN KEY (COD_PIZZA) REFERENCES PIZZARIA.PIZZA (COD_PIZZA)
);

INSERT INTO PIZZARIA.CLIENTE (COD_CLIENTE,NOME_CLIENTE,RUA,NUMERO,COMPLEMENTO,SENHA,EMAIL,CPF,IDF_SEXO,IDF_ATIVO) VALUES (1,"BEATRICE A. MCCORMICK","5024 NON, STREET",303,"BLOCO G","3925","VEL.EST@PEDE.NET",11938377576,"M","S");
INSERT INTO PIZZARIA.CLIENTE (COD_CLIENTE,NOME_CLIENTE,RUA,NUMERO,COMPLEMENTO,SENHA,EMAIL,CPF,IDF_SEXO,IDF_ATIVO) VALUES (2,"SELMA Y. ROWE","3639 NAM ST.",387,"BLOCO A","6640","NON@MORBISIT.CO.UK",11580934987,"F","N");
INSERT INTO PIZZARIA.CLIENTE (COD_CLIENTE,NOME_CLIENTE,RUA,NUMERO,COMPLEMENTO,SENHA,EMAIL,CPF,IDF_SEXO,IDF_ATIVO) VALUES (3,"DECLAN D. REYNOLDS","AP #930-7408 ET, ROAD",208,"BLOCO I","9825","EGET.TINCIDUNT.DUI@LIGULAELITPRETIUM.CA",9310153098,"F","S");
INSERT INTO PIZZARIA.CLIENTE (COD_CLIENTE,NOME_CLIENTE,RUA,NUMERO,COMPLEMENTO,SENHA,EMAIL,CPF,IDF_SEXO,IDF_ATIVO) VALUES (4,"ALIKA Q. REED","248-2833 ANTE. STREET",214,"BLOCO H","3428","DUI.FUSCE.ALIQUAM@ETLIBERO.EDU",8058224534,"M","S");
INSERT INTO PIZZARIA.CLIENTE (COD_CLIENTE,NOME_CLIENTE,RUA,NUMERO,COMPLEMENTO,SENHA,EMAIL,CPF,IDF_SEXO,IDF_ATIVO) VALUES (5,"SONYA S. HARDY","463-9608 AMET, AVE",264,"BLOCO D","8798","ELIT.ETIAM.LAOREET@SUSPENDISSE.CO.UK",4684168293,"M","S");
INSERT INTO PIZZARIA.CLIENTE (COD_CLIENTE,NOME_CLIENTE,RUA,NUMERO,COMPLEMENTO,SENHA,EMAIL,CPF,IDF_SEXO,IDF_ATIVO) VALUES (6,"LAWRENCE V. NORTON","P.O. BOX 160, 6054 ERAT. ST.",258,"BLOCO F","3574","ORNARE@ODIOSEMPERCURSUS.ORG",4074234848,"F","S");
INSERT INTO PIZZARIA.CLIENTE (COD_CLIENTE,NOME_CLIENTE,RUA,NUMERO,COMPLEMENTO,SENHA,EMAIL,CPF,IDF_SEXO,IDF_ATIVO) VALUES (7,"ERASMUS A. WALLACE","3601 VEHICULA AVENUE",111,"BLOCO F","6983","TURPIS.VITAE@MAGNA.CA",8494672865,"M","N");
INSERT INTO PIZZARIA.CLIENTE (COD_CLIENTE,NOME_CLIENTE,RUA,NUMERO,COMPLEMENTO,SENHA,EMAIL,CPF,IDF_SEXO,IDF_ATIVO) VALUES (8,"QUINN Z. ROBINSON","P.O. BOX 889, 9278 A ST.",275,"BLOCO A","4807","DIGNISSIM.PHARETRA@NISLELEMENTUMPURUS.CA",11514429206,"F","S");
INSERT INTO PIZZARIA.CLIENTE (COD_CLIENTE,NOME_CLIENTE,RUA,NUMERO,COMPLEMENTO,SENHA,EMAIL,CPF,IDF_SEXO,IDF_ATIVO) VALUES (9,"URSULA J. MCLEAN","513-3882 SIT AV.",65,"BLOCO B","7532","FEUGIAT@ARCUAC.CO.UK",7134179110,"F","S");
INSERT INTO PIZZARIA.CLIENTE (COD_CLIENTE,NOME_CLIENTE,RUA,NUMERO,COMPLEMENTO,SENHA,EMAIL,CPF,IDF_SEXO,IDF_ATIVO) VALUES (10,"COBY O. GENTRY","597-1974 VELIT. AVE",487,"BLOCO C","3996","TORTOR.NIBH.SIT@NONBIBENDUMSED.CA",95054676,"M","N");
INSERT INTO PIZZARIA.CLIENTE (COD_CLIENTE,NOME_CLIENTE,RUA,NUMERO,COMPLEMENTO,SENHA,EMAIL,CPF,IDF_SEXO,IDF_ATIVO) VALUES (11,"BLAZE H. BRADSHAW","780-9849 DOLOR. STREET",177,"BLOCO C","6772","VEL.FAUCIBUS@GRAVIDANON.COM",6525011030,"M","S");
INSERT INTO PIZZARIA.CLIENTE (COD_CLIENTE,NOME_CLIENTE,RUA,NUMERO,COMPLEMENTO,SENHA,EMAIL,CPF,IDF_SEXO,IDF_ATIVO) VALUES (12,"BRYNN E. HAYDEN","9466 CURSUS AV.",434,"BLOCO G","3861","EU@MATTISORNARE.EDU",788891990,"M","N");
INSERT INTO PIZZARIA.CLIENTE (COD_CLIENTE,NOME_CLIENTE,RUA,NUMERO,COMPLEMENTO,SENHA,EMAIL,CPF,IDF_SEXO,IDF_ATIVO) VALUES (13,"ROARY T. REILLY","P.O. BOX 438, 3791 DIAM ST.",188,"BLOCO J","9567","MI@EGESTAS.EDU",4844771028,"M","N");
INSERT INTO PIZZARIA.CLIENTE (COD_CLIENTE,NOME_CLIENTE,RUA,NUMERO,COMPLEMENTO,SENHA,EMAIL,CPF,IDF_SEXO,IDF_ATIVO) VALUES (14,"EVAN L. DUDLEY","AP #313-3192 ODIO. RD.",45,"BLOCO G","6722","METUS.EU@CONGUE.EDU",8197445814,"M","S");
INSERT INTO PIZZARIA.CLIENTE (COD_CLIENTE,NOME_CLIENTE,RUA,NUMERO,COMPLEMENTO,SENHA,EMAIL,CPF,IDF_SEXO,IDF_ATIVO) VALUES (15,"PIPER Y. STEELE","P.O. BOX 299, 3780 INTERDUM. RD.",30,"BLOCO A","1784","TINCIDUNT.NUNC@AMETANTE.COM",11583419390,"M","S");
INSERT INTO PIZZARIA.CLIENTE (COD_CLIENTE,NOME_CLIENTE,RUA,NUMERO,COMPLEMENTO,SENHA,EMAIL,CPF,IDF_SEXO,IDF_ATIVO) VALUES (16,"JERRY C. BENDER","P.O. BOX 227, 2897 ULTRICIES AV.",310,"BLOCO I","7570","ET@ATARCUVESTIBULUM.COM",7278363232,"M","N");
INSERT INTO PIZZARIA.CLIENTE (COD_CLIENTE,NOME_CLIENTE,RUA,NUMERO,COMPLEMENTO,SENHA,EMAIL,CPF,IDF_SEXO,IDF_ATIVO) VALUES (17,"SHARON Z. MACK","AP #800-8987 TINCIDUNT ST.",91,"BLOCO I","2516","A.FACILISIS@ENIM.COM",8585460112,"M","N");
INSERT INTO PIZZARIA.CLIENTE (COD_CLIENTE,NOME_CLIENTE,RUA,NUMERO,COMPLEMENTO,SENHA,EMAIL,CPF,IDF_SEXO,IDF_ATIVO) VALUES (18,"KAREEM T. SCHWARTZ","P.O. BOX 588, 7056 ORCI. AVE",201,"BLOCO B","3841","EGET@ACCUMSANINTERDUM.COM",51780613,"M","N");
INSERT INTO PIZZARIA.CLIENTE (COD_CLIENTE,NOME_CLIENTE,RUA,NUMERO,COMPLEMENTO,SENHA,EMAIL,CPF,IDF_SEXO,IDF_ATIVO) VALUES (19,"INGA M. SALAS","7416 SEMPER ST.",73,"BLOCO E","6910","MORBI@PELLENTESQUE.ORG",12226347988,"M","S");
INSERT INTO PIZZARIA.CLIENTE (COD_CLIENTE,NOME_CLIENTE,RUA,NUMERO,COMPLEMENTO,SENHA,EMAIL,CPF,IDF_SEXO,IDF_ATIVO) VALUES (20,"ASHELY V. SANDOVAL","P.O. BOX 978, 5143 IPSUM. RD.",96,"BLOCO E","2067","ENIM@NATOQUE.CO.UK",8403597467,"M","S");
INSERT INTO PIZZARIA.CLIENTE (COD_CLIENTE,NOME_CLIENTE,RUA,NUMERO,COMPLEMENTO,SENHA,EMAIL,CPF,IDF_SEXO,IDF_ATIVO) VALUES (21,"THADDEUS S. INGRAM","AP #643-9643 PARTURIENT AVENUE",461,"BLOCO C","3931","ACCUMSAN.NEQUE.ET@ESTACMATTIS.CA",8083321922,"F","N");
INSERT INTO PIZZARIA.CLIENTE (COD_CLIENTE,NOME_CLIENTE,RUA,NUMERO,COMPLEMENTO,SENHA,EMAIL,CPF,IDF_SEXO,IDF_ATIVO) VALUES (22,"AARON O. TRUJILLO","AP #918-5829 FELIS AVENUE",231,"BLOCO G","8080","IACULIS@SAPIENNUNC.CO.UK",12191784307,"F","N");
INSERT INTO PIZZARIA.CLIENTE (COD_CLIENTE,NOME_CLIENTE,RUA,NUMERO,COMPLEMENTO,SENHA,EMAIL,CPF,IDF_SEXO,IDF_ATIVO) VALUES (23,"TODD A. PARK","AP #938-4662 MAECENAS RD.",18,"BLOCO A","7810","FACILISIS.NON@AUGUEID.NET",6303329901,"F","S");
INSERT INTO PIZZARIA.CLIENTE (COD_CLIENTE,NOME_CLIENTE,RUA,NUMERO,COMPLEMENTO,SENHA,EMAIL,CPF,IDF_SEXO,IDF_ATIVO) VALUES (24,"DARIA C. MERCER","P.O. BOX 278, 9142 ALIQUAM AVE",81,"BLOCO H","9954","MORBI.SIT@PRIMISIN.NET",11573551712,"M","S");
INSERT INTO PIZZARIA.CLIENTE (COD_CLIENTE,NOME_CLIENTE,RUA,NUMERO,COMPLEMENTO,SENHA,EMAIL,CPF,IDF_SEXO,IDF_ATIVO) VALUES (25,"CALVIN E. MCKEE","9004 FACILISIS ST.",453,"BLOCO D","2878","EGESTAS.RHONCUS@ORCILOBORTISAUGUE.CA",3043061776,"M","N");
INSERT INTO PIZZARIA.CLIENTE (COD_CLIENTE,NOME_CLIENTE,RUA,NUMERO,COMPLEMENTO,SENHA,EMAIL,CPF,IDF_SEXO,IDF_ATIVO) VALUES (26,"LEWIS O. BRITT","P.O. BOX 251, 1822 ERAT ST.",266,"BLOCO J","5766","POSUERE.ENIM@VIVAMUSNISIMAURIS.COM",8531134168,"M","S");
INSERT INTO PIZZARIA.CLIENTE (COD_CLIENTE,NOME_CLIENTE,RUA,NUMERO,COMPLEMENTO,SENHA,EMAIL,CPF,IDF_SEXO,IDF_ATIVO) VALUES (27,"COOPER P. GUERRERO","2235 CURABITUR AV.",315,"BLOCO E","8816","PURUS.GRAVIDA.SAGITTIS@LUCTUSUT.EDU",9006086210,"M","N");
INSERT INTO PIZZARIA.CLIENTE (COD_CLIENTE,NOME_CLIENTE,RUA,NUMERO,COMPLEMENTO,SENHA,EMAIL,CPF,IDF_SEXO,IDF_ATIVO) VALUES (28,"LEVI F. JENNINGS","P.O. BOX 994, 5899 SED, RD.",33,"BLOCO C","6285","LECTUS.PEDE@PER.COM",9831085220,"F","N");
INSERT INTO PIZZARIA.CLIENTE (COD_CLIENTE,NOME_CLIENTE,RUA,NUMERO,COMPLEMENTO,SENHA,EMAIL,CPF,IDF_SEXO,IDF_ATIVO) VALUES (29,"GERMANE K. BERNARD","5055 URNA ROAD",212,"BLOCO F","3137","NUNC@CURABITUR.NET",455139317,"M","N");
INSERT INTO PIZZARIA.CLIENTE (COD_CLIENTE,NOME_CLIENTE,RUA,NUMERO,COMPLEMENTO,SENHA,EMAIL,CPF,IDF_SEXO,IDF_ATIVO) VALUES (30,"ABIGAIL M. THOMPSON","P.O. BOX 974, 5820 ELIT ST.",154,"BLOCO F","1883","URNA@TINCIDUNTDUIAUGUE.CA",5742810492,"M","S");
INSERT INTO PIZZARIA.CLIENTE (COD_CLIENTE,NOME_CLIENTE,RUA,NUMERO,COMPLEMENTO,SENHA,EMAIL,CPF,IDF_SEXO,IDF_ATIVO) VALUES (31,"BIANCA B. SIMON","P.O. BOX 154, 4704 SED, RD.",106,"BLOCO J","7242","ELIT.CURABITUR.SED@VITAE.EDU",237704300,"M","S");
INSERT INTO PIZZARIA.CLIENTE (COD_CLIENTE,NOME_CLIENTE,RUA,NUMERO,COMPLEMENTO,SENHA,EMAIL,CPF,IDF_SEXO,IDF_ATIVO) VALUES (32,"DEMETRIUS H. MERCER","P.O. BOX 395, 9885 NEC, STREET",114,"BLOCO C","8670","INTERDUM@SUSPENDISSEACMETUS.NET",4535861168,"F","N");
INSERT INTO PIZZARIA.CLIENTE (COD_CLIENTE,NOME_CLIENTE,RUA,NUMERO,COMPLEMENTO,SENHA,EMAIL,CPF,IDF_SEXO,IDF_ATIVO) VALUES (33,"DAHLIA Y. OWENS","8343 NISI. AVENUE",381,"BLOCO C","2225","SED.PEDE.CUM@SED.CA",663900125,"F","S");
INSERT INTO PIZZARIA.CLIENTE (COD_CLIENTE,NOME_CLIENTE,RUA,NUMERO,COMPLEMENTO,SENHA,EMAIL,CPF,IDF_SEXO,IDF_ATIVO) VALUES (34,"MALLORY R. DONALDSON","442-554 LAOREET AV.",229,"BLOCO H","8316","PEDE.BLANDIT.CONGUE@CONSECTETUERRHONCUS.CO.UK",4827236935,"F","S");
INSERT INTO PIZZARIA.CLIENTE (COD_CLIENTE,NOME_CLIENTE,RUA,NUMERO,COMPLEMENTO,SENHA,EMAIL,CPF,IDF_SEXO,IDF_ATIVO) VALUES (35,"KIRESTIN U. WITT","278-4233 NULLA ST.",103,"BLOCO H","5508","EGET.IPSUM.SUSPENDISSE@PEDENUNCSED.CO.UK",1688907841,"M","N");
INSERT INTO PIZZARIA.CLIENTE (COD_CLIENTE,NOME_CLIENTE,RUA,NUMERO,COMPLEMENTO,SENHA,EMAIL,CPF,IDF_SEXO,IDF_ATIVO) VALUES (36,"SOPOLINE U. COHEN","7371 ID RD.",363,"BLOCO I","8796","DICTUM@LACUSCRASINTERDUM.COM",2063333187,"F","N");
INSERT INTO PIZZARIA.CLIENTE (COD_CLIENTE,NOME_CLIENTE,RUA,NUMERO,COMPLEMENTO,SENHA,EMAIL,CPF,IDF_SEXO,IDF_ATIVO) VALUES (37,"SHEILA X. FISHER","507-4520 RISUS. AVENUE",289,"BLOCO G","4970","TELLUS.LOREM@DUIINSODALES.EDU",5361302378,"F","N");
INSERT INTO PIZZARIA.CLIENTE (COD_CLIENTE,NOME_CLIENTE,RUA,NUMERO,COMPLEMENTO,SENHA,EMAIL,CPF,IDF_SEXO,IDF_ATIVO) VALUES (38,"YAEL E. HINES","8453 EU, RD.",236,"BLOCO C","8749","A.PURUS@MONTESNASCETUR.COM",5145135066,"M","N");
INSERT INTO PIZZARIA.CLIENTE (COD_CLIENTE,NOME_CLIENTE,RUA,NUMERO,COMPLEMENTO,SENHA,EMAIL,CPF,IDF_SEXO,IDF_ATIVO) VALUES (39,"ILA M. WILLIS","3411 COMMODO ROAD",486,"BLOCO G","3689","ELEMENTUM.SEM.VITAE@AMET.CO.UK",9157233224,"M","S");
INSERT INTO PIZZARIA.CLIENTE (COD_CLIENTE,NOME_CLIENTE,RUA,NUMERO,COMPLEMENTO,SENHA,EMAIL,CPF,IDF_SEXO,IDF_ATIVO) VALUES (40,"RONAN H. RATLIFF","AP #777-8700 RISUS ST.",197,"BLOCO I","3795","FACILISIS.FACILISIS@CONVALLISINCURSUS.EDU",11406985313,"F","N");
INSERT INTO PIZZARIA.CLIENTE (COD_CLIENTE,NOME_CLIENTE,RUA,NUMERO,COMPLEMENTO,SENHA,EMAIL,CPF,IDF_SEXO,IDF_ATIVO) VALUES (41,"GUY G. BATTLE","P.O. BOX 187, 4974 LOREM, AV.",325,"BLOCO I","8270","A@ET.CA",9502086301,"M","N");
INSERT INTO PIZZARIA.CLIENTE (COD_CLIENTE,NOME_CLIENTE,RUA,NUMERO,COMPLEMENTO,SENHA,EMAIL,CPF,IDF_SEXO,IDF_ATIVO) VALUES (42,"YVONNE G. FLYNN","AP #686-5490 QUIS RD.",1,"BLOCO G","2849","ARCU.EU.ODIO@INTEGER.CA",10294761878,"F","N");
INSERT INTO PIZZARIA.CLIENTE (COD_CLIENTE,NOME_CLIENTE,RUA,NUMERO,COMPLEMENTO,SENHA,EMAIL,CPF,IDF_SEXO,IDF_ATIVO) VALUES (43,"ERICA O. SNIDER","463-9845 EGESTAS AV.",214,"BLOCO F","7122","PEDE.NUNC@AENEAN.EDU",1980367618,"F","N");
INSERT INTO PIZZARIA.CLIENTE (COD_CLIENTE,NOME_CLIENTE,RUA,NUMERO,COMPLEMENTO,SENHA,EMAIL,CPF,IDF_SEXO,IDF_ATIVO) VALUES (44,"ROSS E. MULLEN","818-6492 LIGULA. AVENUE",344,"BLOCO A","1159","ELIT.A@AT.CO.UK",5723921560,"M","N");
INSERT INTO PIZZARIA.CLIENTE (COD_CLIENTE,NOME_CLIENTE,RUA,NUMERO,COMPLEMENTO,SENHA,EMAIL,CPF,IDF_SEXO,IDF_ATIVO) VALUES (45,"RALPH S. HANCOCK","9908 VITAE ST.",484,"BLOCO B","5379","UT@MONTESNASCETUR.EDU",421101656,"M","N");
INSERT INTO PIZZARIA.CLIENTE (COD_CLIENTE,NOME_CLIENTE,RUA,NUMERO,COMPLEMENTO,SENHA,EMAIL,CPF,IDF_SEXO,IDF_ATIVO) VALUES (46,"JARROD O. REED","P.O. BOX 661, 8103 ALIQUET. ROAD",459,"BLOCO E","2080","MAGNA.SUSPENDISSE@INTEGER.ORG",3483907057,"M","N");
INSERT INTO PIZZARIA.CLIENTE (COD_CLIENTE,NOME_CLIENTE,RUA,NUMERO,COMPLEMENTO,SENHA,EMAIL,CPF,IDF_SEXO,IDF_ATIVO) VALUES (47,"LAITH T. PATTON","P.O. BOX 567, 4989 CRAS AVENUE",496,"BLOCO C","9503","ADIPISCING.LACUS@EU.EDU",7795318318,"M","N");
INSERT INTO PIZZARIA.CLIENTE (COD_CLIENTE,NOME_CLIENTE,RUA,NUMERO,COMPLEMENTO,SENHA,EMAIL,CPF,IDF_SEXO,IDF_ATIVO) VALUES (48,"KEIKO S. KNOX","306-1262 LECTUS ST.",159,"BLOCO F","4248","HENDRERIT.CONSECTETUER.CURSUS@ETRUTRUM.CO.UK",4719428810,"M","N");
INSERT INTO PIZZARIA.CLIENTE (COD_CLIENTE,NOME_CLIENTE,RUA,NUMERO,COMPLEMENTO,SENHA,EMAIL,CPF,IDF_SEXO,IDF_ATIVO) VALUES (49,"LILA L. FLETCHER","7510 SOLLICITUDIN ROAD",489,"BLOCO A","7401","ET.MALESUADA@ELEIFENDNUNC.NET",7799210903,"M","S");
INSERT INTO PIZZARIA.CLIENTE (COD_CLIENTE,NOME_CLIENTE,RUA,NUMERO,COMPLEMENTO,SENHA,EMAIL,CPF,IDF_SEXO,IDF_ATIVO) VALUES (50,"WILLIAM D. MERRITT","4375 AT RD.",109,"BLOCO G","1368","QUIS@AENEAN.EDU",2258859500,"M","N");
INSERT INTO PIZZARIA.CLIENTE (COD_CLIENTE,NOME_CLIENTE,RUA,NUMERO,COMPLEMENTO,SENHA,EMAIL,CPF,IDF_SEXO,IDF_ATIVO) VALUES (51,"CONNOR P. HARRISON","P.O. BOX 472, 9672 AUCTOR AVENUE",320,"BLOCO I","9826","NEQUE.IN.ORNARE@ESTVITAESODALES.CA",10397601668,"F","N");
INSERT INTO PIZZARIA.CLIENTE (COD_CLIENTE,NOME_CLIENTE,RUA,NUMERO,COMPLEMENTO,SENHA,EMAIL,CPF,IDF_SEXO,IDF_ATIVO) VALUES (52,"OCTAVIA M. POTTER","AP #909-6852 MORBI ST.",451,"BLOCO D","2656","NIBH.ENIM@AMI.ORG",1864685702,"F","N");
INSERT INTO PIZZARIA.CLIENTE (COD_CLIENTE,NOME_CLIENTE,RUA,NUMERO,COMPLEMENTO,SENHA,EMAIL,CPF,IDF_SEXO,IDF_ATIVO) VALUES (53,"SACHA C. FRENCH","AP #865-3843 LACUS RD.",496,"BLOCO A","6106","VELIT.IN.ALIQUET@NUNCQUISQUEORNARE.ORG",10429306349,"M","N");
INSERT INTO PIZZARIA.CLIENTE (COD_CLIENTE,NOME_CLIENTE,RUA,NUMERO,COMPLEMENTO,SENHA,EMAIL,CPF,IDF_SEXO,IDF_ATIVO) VALUES (54,"AMY F. MAYER","7610 SED ST.",458,"BLOCO I","6794","ETIAM.LIGULA.TORTOR@ORCIUTSEMPER.EDU",7811931819,"M","S");
INSERT INTO PIZZARIA.CLIENTE (COD_CLIENTE,NOME_CLIENTE,RUA,NUMERO,COMPLEMENTO,SENHA,EMAIL,CPF,IDF_SEXO,IDF_ATIVO) VALUES (55,"KRISTEN T. SIMS","P.O. BOX 728, 5490 CONSECTETUER AVENUE",492,"BLOCO D","3008","CRAS.CONVALLIS.CONVALLIS@CLASS.CA",1313160455,"F","N");
INSERT INTO PIZZARIA.CLIENTE (COD_CLIENTE,NOME_CLIENTE,RUA,NUMERO,COMPLEMENTO,SENHA,EMAIL,CPF,IDF_SEXO,IDF_ATIVO) VALUES (56,"CAIRO L. DURHAM","AP #260-4838 SOCIIS AVENUE",172,"BLOCO H","1610","LAOREET.LIBERO@LIBERO.COM",5231263707,"F","S");
INSERT INTO PIZZARIA.CLIENTE (COD_CLIENTE,NOME_CLIENTE,RUA,NUMERO,COMPLEMENTO,SENHA,EMAIL,CPF,IDF_SEXO,IDF_ATIVO) VALUES (57,"BUCKMINSTER A. BOWMAN","434-7975 SUSPENDISSE RD.",311,"BLOCO G","4891","AT@ALIQUETLIBERO.COM",7365204678,"M","N");
INSERT INTO PIZZARIA.CLIENTE (COD_CLIENTE,NOME_CLIENTE,RUA,NUMERO,COMPLEMENTO,SENHA,EMAIL,CPF,IDF_SEXO,IDF_ATIVO) VALUES (58,"CIARAN Z. ESTES","P.O. BOX 663, 6807 FRINGILLA AVE",10,"BLOCO C","1955","TURPIS@DONECNONJUSTO.CA",9829211005,"F","S");
INSERT INTO PIZZARIA.CLIENTE (COD_CLIENTE,NOME_CLIENTE,RUA,NUMERO,COMPLEMENTO,SENHA,EMAIL,CPF,IDF_SEXO,IDF_ATIVO) VALUES (59,"CLEO C. SINGLETON","P.O. BOX 453, 909 MUS. ROAD",285,"BLOCO E","9615","JUSTO.EU.ARCU@TRISTIQUE.COM",513456973,"M","S");
INSERT INTO PIZZARIA.CLIENTE (COD_CLIENTE,NOME_CLIENTE,RUA,NUMERO,COMPLEMENTO,SENHA,EMAIL,CPF,IDF_SEXO,IDF_ATIVO) VALUES (60,"ALMA Q. RAMOS","987-5305 ELIT, AVENUE",487,"BLOCO A","2026","SEM.ELIT.PHARETRA@AMETORCI.COM",8658459370,"F","S");
INSERT INTO PIZZARIA.CLIENTE (COD_CLIENTE,NOME_CLIENTE,RUA,NUMERO,COMPLEMENTO,SENHA,EMAIL,CPF,IDF_SEXO,IDF_ATIVO) VALUES (61,"ALTHEA C. STEPHENSON","AP #810-4257 MI, RD.",332,"BLOCO C","2916","SEMPER@FERMENTUMMETUSAENEAN.NET",9538938776,"F","S");
INSERT INTO PIZZARIA.CLIENTE (COD_CLIENTE,NOME_CLIENTE,RUA,NUMERO,COMPLEMENTO,SENHA,EMAIL,CPF,IDF_SEXO,IDF_ATIVO) VALUES (62,"OCTAVIA C. BOONE","5916 IN, ST.",237,"BLOCO G","7255","MAGNA.A@BLANDITAT.CO.UK",2011000585,"F","N");
INSERT INTO PIZZARIA.CLIENTE (COD_CLIENTE,NOME_CLIENTE,RUA,NUMERO,COMPLEMENTO,SENHA,EMAIL,CPF,IDF_SEXO,IDF_ATIVO) VALUES (63,"WESLEY F. AVERY","P.O. BOX 725, 9137 NEC AVE",199,"BLOCO A","4482","NUNC@NECMALESUADAUT.ORG",770710697,"M","S");
INSERT INTO PIZZARIA.CLIENTE (COD_CLIENTE,NOME_CLIENTE,RUA,NUMERO,COMPLEMENTO,SENHA,EMAIL,CPF,IDF_SEXO,IDF_ATIVO) VALUES (64,"ERICH S. GOODWIN","P.O. BOX 442, 7738 NAM STREET",410,"BLOCO E","8848","QUISQUE.NONUMMY@JUSTO.ORG",52203781,"F","S");
INSERT INTO PIZZARIA.CLIENTE (COD_CLIENTE,NOME_CLIENTE,RUA,NUMERO,COMPLEMENTO,SENHA,EMAIL,CPF,IDF_SEXO,IDF_ATIVO) VALUES (65,"YASIR B. HAYS","P.O. BOX 809, 7119 ULTRICIES STREET",24,"BLOCO F","9039","LIBERO@MAURIS.EDU",2055627593,"F","S");
INSERT INTO PIZZARIA.CLIENTE (COD_CLIENTE,NOME_CLIENTE,RUA,NUMERO,COMPLEMENTO,SENHA,EMAIL,CPF,IDF_SEXO,IDF_ATIVO) VALUES (66,"CARLA H. MEYERS","895-3207 CUBILIA ST.",395,"BLOCO D","6610","URNA.ET.ARCU@VELTURPISALIQUAM.ORG",2971301698,"F","S");
INSERT INTO PIZZARIA.CLIENTE (COD_CLIENTE,NOME_CLIENTE,RUA,NUMERO,COMPLEMENTO,SENHA,EMAIL,CPF,IDF_SEXO,IDF_ATIVO) VALUES (67,"KENNEDY F. JOHNSTON","101 NIBH RD.",146,"BLOCO B","8586","SCELERISQUE.NEQUE.NULLAM@INMIPEDE.EDU",3349603856,"M","S");
INSERT INTO PIZZARIA.CLIENTE (COD_CLIENTE,NOME_CLIENTE,RUA,NUMERO,COMPLEMENTO,SENHA,EMAIL,CPF,IDF_SEXO,IDF_ATIVO) VALUES (68,"MCKENZIE C. ROSALES","9446 ALIQUAM ST.",214,"BLOCO J","1707","ELEMENTUM@SCELERISQUEMOLLISPHASELLUS.COM",8035716426,"F","S");
INSERT INTO PIZZARIA.CLIENTE (COD_CLIENTE,NOME_CLIENTE,RUA,NUMERO,COMPLEMENTO,SENHA,EMAIL,CPF,IDF_SEXO,IDF_ATIVO) VALUES (69,"LAITH T. FREEMAN","3543 INCEPTOS RD.",61,"BLOCO G","4670","SED.DUI.FUSCE@DIAMPELLENTESQUE.ORG",10110521894,"M","S");
INSERT INTO PIZZARIA.CLIENTE (COD_CLIENTE,NOME_CLIENTE,RUA,NUMERO,COMPLEMENTO,SENHA,EMAIL,CPF,IDF_SEXO,IDF_ATIVO) VALUES (70,"WINTER Z. MELENDEZ","P.O. BOX 649, 9944 LECTUS ST.",370,"BLOCO I","5604","DIAM.SED.DIAM@PURUS.ORG",810216415,"F","N");
INSERT INTO PIZZARIA.CLIENTE (COD_CLIENTE,NOME_CLIENTE,RUA,NUMERO,COMPLEMENTO,SENHA,EMAIL,CPF,IDF_SEXO,IDF_ATIVO) VALUES (71,"JASON R. WHITEHEAD","119-3912 ULTRICIES AV.",194,"BLOCO E","3149","NEQUE.NON.QUAM@BLANDITCONGUEIN.CA",8810806831,"M","N");
INSERT INTO PIZZARIA.CLIENTE (COD_CLIENTE,NOME_CLIENTE,RUA,NUMERO,COMPLEMENTO,SENHA,EMAIL,CPF,IDF_SEXO,IDF_ATIVO) VALUES (72,"VERONICA Q. NEAL","P.O. BOX 204, 3425 IPSUM AV.",419,"BLOCO H","8522","DAPIBUS@EUDOLOR.NET",4461508812,"M","S");
INSERT INTO PIZZARIA.CLIENTE (COD_CLIENTE,NOME_CLIENTE,RUA,NUMERO,COMPLEMENTO,SENHA,EMAIL,CPF,IDF_SEXO,IDF_ATIVO) VALUES (73,"WING A. CARNEY","AP #649-8008 PROIN AVE",222,"BLOCO G","7160","FACILISIS.SUSPENDISSE.COMMODO@NAMNULLA.EDU",11703750560,"F","S");
INSERT INTO PIZZARIA.CLIENTE (COD_CLIENTE,NOME_CLIENTE,RUA,NUMERO,COMPLEMENTO,SENHA,EMAIL,CPF,IDF_SEXO,IDF_ATIVO) VALUES (74,"DONOVAN F. HEBERT","P.O. BOX 174, 597 LIBERO ST.",297,"BLOCO G","3500","PURUS.MAURIS.A@LIBERO.CA",2217088887,"F","S");
INSERT INTO PIZZARIA.CLIENTE (COD_CLIENTE,NOME_CLIENTE,RUA,NUMERO,COMPLEMENTO,SENHA,EMAIL,CPF,IDF_SEXO,IDF_ATIVO) VALUES (75,"SADE E. HUGHES","AP #828-1581 ODIO. AVE",199,"BLOCO A","3214","MUS.AENEAN@PRAESENT.COM",2524630402,"M","S");
INSERT INTO PIZZARIA.CLIENTE (COD_CLIENTE,NOME_CLIENTE,RUA,NUMERO,COMPLEMENTO,SENHA,EMAIL,CPF,IDF_SEXO,IDF_ATIVO) VALUES (76,"AMOS S. HANCOCK","P.O. BOX 982, 6975 EU, ST.",81,"BLOCO H","1737","URNA.NUNC.QUIS@EULACUS.NET",8166116650,"M","S");
INSERT INTO PIZZARIA.CLIENTE (COD_CLIENTE,NOME_CLIENTE,RUA,NUMERO,COMPLEMENTO,SENHA,EMAIL,CPF,IDF_SEXO,IDF_ATIVO) VALUES (77,"DEREK K. VELASQUEZ","AP #470-1918 ET ROAD",478,"BLOCO G","6633","DONEC@JUSTOPROINNON.NET",7818846889,"M","N");
INSERT INTO PIZZARIA.CLIENTE (COD_CLIENTE,NOME_CLIENTE,RUA,NUMERO,COMPLEMENTO,SENHA,EMAIL,CPF,IDF_SEXO,IDF_ATIVO) VALUES (78,"ZEPHR U. WALKER","441-6021 CONGUE RD.",303,"BLOCO I","1356","EU@UTCURSUS.EDU",230808987,"F","S");
INSERT INTO PIZZARIA.CLIENTE (COD_CLIENTE,NOME_CLIENTE,RUA,NUMERO,COMPLEMENTO,SENHA,EMAIL,CPF,IDF_SEXO,IDF_ATIVO) VALUES (79,"MIRA A. BUSH","570-5725 MAURIS ST.",326,"BLOCO D","9144","CUBILIA@GRAVIDANUNC.NET",4202128240,"M","S");
INSERT INTO PIZZARIA.CLIENTE (COD_CLIENTE,NOME_CLIENTE,RUA,NUMERO,COMPLEMENTO,SENHA,EMAIL,CPF,IDF_SEXO,IDF_ATIVO) VALUES (80,"AUDREY G. GREGORY","AP #915-9405 NISL RD.",268,"BLOCO E","6855","ALIQUAM.ARCU.ALIQUAM@DOLORDOLORTEMPUS.CA",3382271764,"F","N");
INSERT INTO PIZZARIA.CLIENTE (COD_CLIENTE,NOME_CLIENTE,RUA,NUMERO,COMPLEMENTO,SENHA,EMAIL,CPF,IDF_SEXO,IDF_ATIVO) VALUES (81,"BELLE L. BEAN","482-7367 MOLESTIE AV.",405,"BLOCO F","1787","CURSUS@DAPIBUSLIGULAALIQUAM.NET",1694893081,"F","N");
INSERT INTO PIZZARIA.CLIENTE (COD_CLIENTE,NOME_CLIENTE,RUA,NUMERO,COMPLEMENTO,SENHA,EMAIL,CPF,IDF_SEXO,IDF_ATIVO) VALUES (82,"DOROTHY W. ADKINS","P.O. BOX 396, 7466 AC, AVENUE",406,"BLOCO I","8909","AT.VELIT@ETMAGNIS.COM",3351369154,"F","N");
INSERT INTO PIZZARIA.CLIENTE (COD_CLIENTE,NOME_CLIENTE,RUA,NUMERO,COMPLEMENTO,SENHA,EMAIL,CPF,IDF_SEXO,IDF_ATIVO) VALUES (83,"SADE F. RUTLEDGE","7112 LECTUS, RD.",451,"BLOCO A","2839","VITAE.MAURIS.SIT@CRASINTERDUM.COM",6620579201,"M","S");
INSERT INTO PIZZARIA.CLIENTE (COD_CLIENTE,NOME_CLIENTE,RUA,NUMERO,COMPLEMENTO,SENHA,EMAIL,CPF,IDF_SEXO,IDF_ATIVO) VALUES (84,"CULLEN W. WITT","P.O. BOX 159, 6433 RIDICULUS ST.",205,"BLOCO H","4068","NUNC.ULLAMCORPER@INFAUCIBUSORCI.NET",4650710565,"F","S");
INSERT INTO PIZZARIA.CLIENTE (COD_CLIENTE,NOME_CLIENTE,RUA,NUMERO,COMPLEMENTO,SENHA,EMAIL,CPF,IDF_SEXO,IDF_ATIVO) VALUES (85,"JOCELYN O. MARKS","P.O. BOX 934, 6168 VIVAMUS ROAD",352,"BLOCO G","3244","ELEMENTUM@DOLOR.CA",2435539715,"F","N");
INSERT INTO PIZZARIA.CLIENTE (COD_CLIENTE,NOME_CLIENTE,RUA,NUMERO,COMPLEMENTO,SENHA,EMAIL,CPF,IDF_SEXO,IDF_ATIVO) VALUES (86,"MEGHAN K. POTTER","425-1465 NON, STREET",337,"BLOCO H","3731","LEO@ERATVEL.NET",5735962429,"F","N");
INSERT INTO PIZZARIA.CLIENTE (COD_CLIENTE,NOME_CLIENTE,RUA,NUMERO,COMPLEMENTO,SENHA,EMAIL,CPF,IDF_SEXO,IDF_ATIVO) VALUES (87,"HONORATO B. AYALA","6688 MORBI AVENUE",38,"BLOCO F","6502","EST.MAURIS@MAECENASLIBEROEST.NET",10809935364,"M","S");
INSERT INTO PIZZARIA.CLIENTE (COD_CLIENTE,NOME_CLIENTE,RUA,NUMERO,COMPLEMENTO,SENHA,EMAIL,CPF,IDF_SEXO,IDF_ATIVO) VALUES (88,"AILEEN S. BERGER","P.O. BOX 712, 2799 MAGNIS ST.",488,"BLOCO E","5296","LOBORTIS@NULLA.ORG",3727302423,"M","N");
INSERT INTO PIZZARIA.CLIENTE (COD_CLIENTE,NOME_CLIENTE,RUA,NUMERO,COMPLEMENTO,SENHA,EMAIL,CPF,IDF_SEXO,IDF_ATIVO) VALUES (89,"ODYSSEUS Z. BROWN","AP #444-6352 QUISQUE ST.",34,"BLOCO I","8949","ODIO.ALIQUAM@ENIM.EDU",788160612,"M","N");
INSERT INTO PIZZARIA.CLIENTE (COD_CLIENTE,NOME_CLIENTE,RUA,NUMERO,COMPLEMENTO,SENHA,EMAIL,CPF,IDF_SEXO,IDF_ATIVO) VALUES (90,"STONE X. SCHNEIDER","178-1437 PENATIBUS AVE",81,"BLOCO F","6131","SED.HENDRERIT.A@VESTIBULUMUTEROS.CA",8430832246,"M","N");
INSERT INTO PIZZARIA.CLIENTE (COD_CLIENTE,NOME_CLIENTE,RUA,NUMERO,COMPLEMENTO,SENHA,EMAIL,CPF,IDF_SEXO,IDF_ATIVO) VALUES (91,"MERCEDES I. BARTLETT","AP #116-6353 FUSCE AV.",308,"BLOCO A","5015","AC.ELEIFEND@RISUSDONECNIBH.EDU",10617810055,"M","N");
INSERT INTO PIZZARIA.CLIENTE (COD_CLIENTE,NOME_CLIENTE,RUA,NUMERO,COMPLEMENTO,SENHA,EMAIL,CPF,IDF_SEXO,IDF_ATIVO) VALUES (92,"SHAINE R. CRUZ","802-4072 EGET, ST.",52,"BLOCO B","2650","ULTRICIES.SEM@SAGITTISNULLAMVITAE.EDU",6369914240,"F","S");
INSERT INTO PIZZARIA.CLIENTE (COD_CLIENTE,NOME_CLIENTE,RUA,NUMERO,COMPLEMENTO,SENHA,EMAIL,CPF,IDF_SEXO,IDF_ATIVO) VALUES (93,"CHRISTEN Y. YOUNG","P.O. BOX 896, 442 IN AVENUE",197,"BLOCO A","6289","AC@UTNISI.CO.UK",4602247850,"F","S");
INSERT INTO PIZZARIA.CLIENTE (COD_CLIENTE,NOME_CLIENTE,RUA,NUMERO,COMPLEMENTO,SENHA,EMAIL,CPF,IDF_SEXO,IDF_ATIVO) VALUES (94,"FREDERICKA J. SIMMONS","1467 AT AV.",410,"BLOCO I","7566","EUISMOD@DICTUMULTRICIESLIGULA.ORG",3441044465,"M","S");
INSERT INTO PIZZARIA.CLIENTE (COD_CLIENTE,NOME_CLIENTE,RUA,NUMERO,COMPLEMENTO,SENHA,EMAIL,CPF,IDF_SEXO,IDF_ATIVO) VALUES (95,"OCTAVIA B. BURTON","9782 ET, ST.",312,"BLOCO D","8519","RISUS@PEDESAGITTISAUGUE.CA",561894623,"M","S");
INSERT INTO PIZZARIA.CLIENTE (COD_CLIENTE,NOME_CLIENTE,RUA,NUMERO,COMPLEMENTO,SENHA,EMAIL,CPF,IDF_SEXO,IDF_ATIVO) VALUES (96,"WARREN N. HENDRICKS","748-7162 NETUS AVENUE",117,"BLOCO I","4763","ET.MAGNIS.DIS@SUSPENDISSENONLEO.NET",6514213860,"F","N");
INSERT INTO PIZZARIA.CLIENTE (COD_CLIENTE,NOME_CLIENTE,RUA,NUMERO,COMPLEMENTO,SENHA,EMAIL,CPF,IDF_SEXO,IDF_ATIVO) VALUES (97,"IONA F. BARR","725-825 RIDICULUS STREET",158,"BLOCO E","3644","TINCIDUNT.TEMPUS.RISUS@PRAESENT.NET",4603596052,"M","N");
INSERT INTO PIZZARIA.CLIENTE (COD_CLIENTE,NOME_CLIENTE,RUA,NUMERO,COMPLEMENTO,SENHA,EMAIL,CPF,IDF_SEXO,IDF_ATIVO) VALUES (98,"MALIK W. WHITEHEAD","P.O. BOX 619, 7735 AENEAN STREET",174,"BLOCO I","4430","PHASELLUS.DOLOR.ELIT@NECLIGULA.CO.UK",352738546,"M","S");
INSERT INTO PIZZARIA.CLIENTE (COD_CLIENTE,NOME_CLIENTE,RUA,NUMERO,COMPLEMENTO,SENHA,EMAIL,CPF,IDF_SEXO,IDF_ATIVO) VALUES (99,"WYLIE W. BEACH","P.O. BOX 934, 2108 EROS AV.",264,"BLOCO C","6553","RUTRUM@ORCILOBORTIS.EDU",2256113786,"M","S");
INSERT INTO PIZZARIA.CLIENTE (COD_CLIENTE,NOME_CLIENTE,RUA,NUMERO,COMPLEMENTO,SENHA,EMAIL,CPF,IDF_SEXO,IDF_ATIVO) VALUES (100,"HOYT F. LOGAN","P.O. BOX 803, 5952 MASSA. AV.",10,"BLOCO B","5609","NETUS@LAOREETIPSUMCURABITUR.NET",10198265835,"F","N");
INSERT INTO PIZZARIA.CLIENTE (COD_CLIENTE,NOME_CLIENTE,RUA,NUMERO,COMPLEMENTO,SENHA,EMAIL,CPF,IDF_SEXO,IDF_ATIVO) VALUES (101,"ALEC T. STEELE","AP #441-5911 NULLA ROAD",400,"BLOCO J","8300","ADIPISCING@TURPISNULLAALIQUET.COM",5092948490,"F","N");
INSERT INTO PIZZARIA.CLIENTE (COD_CLIENTE,NOME_CLIENTE,RUA,NUMERO,COMPLEMENTO,SENHA,EMAIL,CPF,IDF_SEXO,IDF_ATIVO) VALUES (102,"KIONA B. BREWER","P.O. BOX 511, 6720 MAURIS AV.",398,"BLOCO A","9202","MASSA.NON@DONEC.CO.UK",8985565318,"F","S");
INSERT INTO PIZZARIA.CLIENTE (COD_CLIENTE,NOME_CLIENTE,RUA,NUMERO,COMPLEMENTO,SENHA,EMAIL,CPF,IDF_SEXO,IDF_ATIVO) VALUES (103,"CASSIDY K. PIERCE","P.O. BOX 405, 2302 UT AV.",125,"BLOCO A","1415","NUNC@LOREMIPSUM.NET",8700301399,"F","S");
INSERT INTO PIZZARIA.CLIENTE (COD_CLIENTE,NOME_CLIENTE,RUA,NUMERO,COMPLEMENTO,SENHA,EMAIL,CPF,IDF_SEXO,IDF_ATIVO) VALUES (104,"TANA N. ANTHONY","P.O. BOX 823, 6682 RISUS, AVENUE",182,"BLOCO E","7603","ORNARE@AMETCONSECTETUER.CO.UK",2781155507,"M","S");
INSERT INTO PIZZARIA.CLIENTE (COD_CLIENTE,NOME_CLIENTE,RUA,NUMERO,COMPLEMENTO,SENHA,EMAIL,CPF,IDF_SEXO,IDF_ATIVO) VALUES (105,"LEROY W. BLEVINS","P.O. BOX 532, 3527 NEC AV.",61,"BLOCO F","1619","LOREM.EU@PRETIUMNEQUEMORBI.ORG",10527742383,"M","S");
INSERT INTO PIZZARIA.CLIENTE (COD_CLIENTE,NOME_CLIENTE,RUA,NUMERO,COMPLEMENTO,SENHA,EMAIL,CPF,IDF_SEXO,IDF_ATIVO) VALUES (106,"SASHA M. GRIFFITH","256 AUCTOR RD.",102,"BLOCO F","2380","CURABITUR@LOREMLUCTUS.ORG",7401544059,"M","N");
INSERT INTO PIZZARIA.CLIENTE (COD_CLIENTE,NOME_CLIENTE,RUA,NUMERO,COMPLEMENTO,SENHA,EMAIL,CPF,IDF_SEXO,IDF_ATIVO) VALUES (107,"ALIKA J. MULLINS","3075 POSUERE AVE",129,"BLOCO C","3147","NIBH@RHONCUSDONECEST.EDU",3255519020,"F","N");
INSERT INTO PIZZARIA.CLIENTE (COD_CLIENTE,NOME_CLIENTE,RUA,NUMERO,COMPLEMENTO,SENHA,EMAIL,CPF,IDF_SEXO,IDF_ATIVO) VALUES (108,"JORDAN W. DURAN","AP #489-3550 ODIO AV.",280,"BLOCO H","1158","NON.SOLLICITUDIN@BIBENDUM.NET",8078083851,"M","S");
INSERT INTO PIZZARIA.CLIENTE (COD_CLIENTE,NOME_CLIENTE,RUA,NUMERO,COMPLEMENTO,SENHA,EMAIL,CPF,IDF_SEXO,IDF_ATIVO) VALUES (109,"CHEROKEE B. GOLDEN","P.O. BOX 876, 7335 PURUS. STREET",423,"BLOCO H","8783","IPSUM.SUSPENDISSE.SAGITTIS@DAPIBUS.NET",12072644886,"F","S");
INSERT INTO PIZZARIA.CLIENTE (COD_CLIENTE,NOME_CLIENTE,RUA,NUMERO,COMPLEMENTO,SENHA,EMAIL,CPF,IDF_SEXO,IDF_ATIVO) VALUES (110,"JELANI O. DAY","AP #671-817 VITAE ST.",6,"BLOCO D","9637","VESTIBULUM@UTMOLESTIEIN.CA",8025291972,"M","S");
INSERT INTO PIZZARIA.CLIENTE (COD_CLIENTE,NOME_CLIENTE,RUA,NUMERO,COMPLEMENTO,SENHA,EMAIL,CPF,IDF_SEXO,IDF_ATIVO) VALUES (111,"GAY I. CARSON","457-7267 IPSUM ROAD",402,"BLOCO A","5205","EROS.NAM.CONSEQUAT@NISLELEMENTUM.CA",2881304862,"M","S");
INSERT INTO PIZZARIA.CLIENTE (COD_CLIENTE,NOME_CLIENTE,RUA,NUMERO,COMPLEMENTO,SENHA,EMAIL,CPF,IDF_SEXO,IDF_ATIVO) VALUES (112,"KIMBERLY G. DAWSON","AP #281-3012 TRISTIQUE AV.",139,"BLOCO H","7784","DIAM.LOREM.AUCTOR@MAGNISDIS.EDU",3854143661,"M","S");
INSERT INTO PIZZARIA.CLIENTE (COD_CLIENTE,NOME_CLIENTE,RUA,NUMERO,COMPLEMENTO,SENHA,EMAIL,CPF,IDF_SEXO,IDF_ATIVO) VALUES (113,"HARLAN B. TATE","AP #585-310 ARCU AVENUE",37,"BLOCO E","7655","CURABITUR.VEL@DICTUMPLACERATAUGUE.NET",363110210,"F","S");
INSERT INTO PIZZARIA.CLIENTE (COD_CLIENTE,NOME_CLIENTE,RUA,NUMERO,COMPLEMENTO,SENHA,EMAIL,CPF,IDF_SEXO,IDF_ATIVO) VALUES (114,"DARYL G. MENDOZA","459-6361 TEMPOR AVE",478,"BLOCO B","7525","TELLUS.LOREM@CURSUSAENIM.CO.UK",10475243431,"F","N");
INSERT INTO PIZZARIA.CLIENTE (COD_CLIENTE,NOME_CLIENTE,RUA,NUMERO,COMPLEMENTO,SENHA,EMAIL,CPF,IDF_SEXO,IDF_ATIVO) VALUES (115,"LILLITH N. AGUILAR","AP #768-5275 AMET ST.",327,"BLOCO E","5165","NEC@CRASEU.EDU",8628297540,"F","S");
INSERT INTO PIZZARIA.CLIENTE (COD_CLIENTE,NOME_CLIENTE,RUA,NUMERO,COMPLEMENTO,SENHA,EMAIL,CPF,IDF_SEXO,IDF_ATIVO) VALUES (116,"FULTON G. EVANS","476 RISUS STREET",139,"BLOCO F","7944","DOLOR@NIBHDOLORNONUMMY.CA",3959080436,"M","S");
INSERT INTO PIZZARIA.CLIENTE (COD_CLIENTE,NOME_CLIENTE,RUA,NUMERO,COMPLEMENTO,SENHA,EMAIL,CPF,IDF_SEXO,IDF_ATIVO) VALUES (117,"CHLOE R. GRAHAM","AP #325-5284 SUSCIPIT, ROAD",276,"BLOCO J","6626","MASSA.MAURIS.VESTIBULUM@ORCILUCTUSET.EDU",3674184446,"M","N");
INSERT INTO PIZZARIA.CLIENTE (COD_CLIENTE,NOME_CLIENTE,RUA,NUMERO,COMPLEMENTO,SENHA,EMAIL,CPF,IDF_SEXO,IDF_ATIVO) VALUES (118,"BARCLAY P. RIVERS","P.O. BOX 885, 1289 ORCI, ST.",351,"BLOCO H","8533","ID.BLANDIT.AT@ALIQUAMFRINGILLA.COM",7381380395,"F","S");
INSERT INTO PIZZARIA.CLIENTE (COD_CLIENTE,NOME_CLIENTE,RUA,NUMERO,COMPLEMENTO,SENHA,EMAIL,CPF,IDF_SEXO,IDF_ATIVO) VALUES (119,"YEN S. FARRELL","1188 ULLAMCORPER, STREET",120,"BLOCO G","5496","LUCTUS@EUDUICUM.COM",10998145950,"M","N");
INSERT INTO PIZZARIA.CLIENTE (COD_CLIENTE,NOME_CLIENTE,RUA,NUMERO,COMPLEMENTO,SENHA,EMAIL,CPF,IDF_SEXO,IDF_ATIVO) VALUES (120,"LILAH U. WILLIS","9463 ULTRICIES ST.",437,"BLOCO H","9641","CRAS.DOLOR@ANTEMAECENASMI.EDU",11969358699,"F","N");
INSERT INTO PIZZARIA.CLIENTE (COD_CLIENTE,NOME_CLIENTE,RUA,NUMERO,COMPLEMENTO,SENHA,EMAIL,CPF,IDF_SEXO,IDF_ATIVO) VALUES (121,"FITZGERALD J. ROBERTS","P.O. BOX 930, 1457 CONSEQUAT AVENUE",113,"BLOCO B","4342","VULPUTATE@DUIIN.COM",10159706216,"F","N");
INSERT INTO PIZZARIA.CLIENTE (COD_CLIENTE,NOME_CLIENTE,RUA,NUMERO,COMPLEMENTO,SENHA,EMAIL,CPF,IDF_SEXO,IDF_ATIVO) VALUES (122,"KIARA H. MARKS","AP #111-6225 LOREM AV.",199,"BLOCO E","7249","DICTUM.EU.PLACERAT@DONECAT.CA",2105637755,"M","S");
INSERT INTO PIZZARIA.CLIENTE (COD_CLIENTE,NOME_CLIENTE,RUA,NUMERO,COMPLEMENTO,SENHA,EMAIL,CPF,IDF_SEXO,IDF_ATIVO) VALUES (123,"STEPHANIE W. WATKINS","AP #735-5804 NUNC STREET",164,"BLOCO I","5268","ET@ORCIPHASELLUS.CO.UK",5173844605,"F","S");
INSERT INTO PIZZARIA.CLIENTE (COD_CLIENTE,NOME_CLIENTE,RUA,NUMERO,COMPLEMENTO,SENHA,EMAIL,CPF,IDF_SEXO,IDF_ATIVO) VALUES (124,"GALENA K. BRAY","P.O. BOX 502, 7623 VEL AVENUE",383,"BLOCO A","4378","SAGITTIS.FELIS.DONEC@NECIMPERDIET.EDU",252406769,"M","N");
INSERT INTO PIZZARIA.CLIENTE (COD_CLIENTE,NOME_CLIENTE,RUA,NUMERO,COMPLEMENTO,SENHA,EMAIL,CPF,IDF_SEXO,IDF_ATIVO) VALUES (125,"VENUS U. FRYE","3387 ALIQUAM ST.",344,"BLOCO H","9669","CRAS.EGET@NONMASSANON.EDU",4701104867,"M","S");
INSERT INTO PIZZARIA.CLIENTE (COD_CLIENTE,NOME_CLIENTE,RUA,NUMERO,COMPLEMENTO,SENHA,EMAIL,CPF,IDF_SEXO,IDF_ATIVO) VALUES (126,"CHARDE N. MCDANIEL","9353 MOLLIS ST.",291,"BLOCO A","2812","FELIS.ULLAMCORPER@NONUMMYULTRICIESORNARE.COM",7723108202,"F","N");
INSERT INTO PIZZARIA.CLIENTE (COD_CLIENTE,NOME_CLIENTE,RUA,NUMERO,COMPLEMENTO,SENHA,EMAIL,CPF,IDF_SEXO,IDF_ATIVO) VALUES (127,"YOLANDA C. RAYMOND","217-8158 AUCTOR ST.",277,"BLOCO I","2390","EGESTAS.URNA@NIBHQUISQUENONUMMY.COM",11983458687,"M","S");
INSERT INTO PIZZARIA.CLIENTE (COD_CLIENTE,NOME_CLIENTE,RUA,NUMERO,COMPLEMENTO,SENHA,EMAIL,CPF,IDF_SEXO,IDF_ATIVO) VALUES (128,"AILEEN H. GUERRA","852-1841 NON, ROAD",409,"BLOCO E","7083","SIT.AMET@NUNC.CO.UK",2284632483,"M","N");
INSERT INTO PIZZARIA.CLIENTE (COD_CLIENTE,NOME_CLIENTE,RUA,NUMERO,COMPLEMENTO,SENHA,EMAIL,CPF,IDF_SEXO,IDF_ATIVO) VALUES (129,"MACY F. REID","AP #788-7977 NULLA RD.",247,"BLOCO J","6860","SIT.AMET@INCEPTOS.EDU",9371335019,"F","S");
INSERT INTO PIZZARIA.CLIENTE (COD_CLIENTE,NOME_CLIENTE,RUA,NUMERO,COMPLEMENTO,SENHA,EMAIL,CPF,IDF_SEXO,IDF_ATIVO) VALUES (130,"IAN X. FORD","770-2677 VULPUTATE STREET",133,"BLOCO H","1921","SEM.PELLENTESQUE@MOLLISDUI.CO.UK",810560737,"M","S");
INSERT INTO PIZZARIA.CLIENTE (COD_CLIENTE,NOME_CLIENTE,RUA,NUMERO,COMPLEMENTO,SENHA,EMAIL,CPF,IDF_SEXO,IDF_ATIVO) VALUES (131,"LILA Q. GARRETT","360-9988 VITAE ROAD",394,"BLOCO E","2662","UT.CURSUS@TINCIDUNT.NET",8297385475,"M","N");
INSERT INTO PIZZARIA.CLIENTE (COD_CLIENTE,NOME_CLIENTE,RUA,NUMERO,COMPLEMENTO,SENHA,EMAIL,CPF,IDF_SEXO,IDF_ATIVO) VALUES (132,"JAMESON M. COHEN","4724 ARCU. AV.",49,"BLOCO I","3447","ACCUMSAN.SED@AC.ORG",3330108302,"F","N");
INSERT INTO PIZZARIA.CLIENTE (COD_CLIENTE,NOME_CLIENTE,RUA,NUMERO,COMPLEMENTO,SENHA,EMAIL,CPF,IDF_SEXO,IDF_ATIVO) VALUES (133,"WINTER N. MALDONADO","7762 PHASELLUS RD.",233,"BLOCO F","3739","ALIQUAM.AUCTOR.VELIT@NONBIBENDUMSED.ORG",4297697472,"F","S");
INSERT INTO PIZZARIA.CLIENTE (COD_CLIENTE,NOME_CLIENTE,RUA,NUMERO,COMPLEMENTO,SENHA,EMAIL,CPF,IDF_SEXO,IDF_ATIVO) VALUES (134,"CALISTA K. GREGORY","P.O. BOX 837, 4056 VEHICULA RD.",324,"BLOCO A","9861","SENECTUS.ET@SUSCIPITNONUMMYFUSCE.CA",7240497825,"M","N");
INSERT INTO PIZZARIA.CLIENTE (COD_CLIENTE,NOME_CLIENTE,RUA,NUMERO,COMPLEMENTO,SENHA,EMAIL,CPF,IDF_SEXO,IDF_ATIVO) VALUES (135,"BARRY W. MCGEE","986-6848 NON, AV.",443,"BLOCO E","6664","IACULIS.ODIO.NAM@IACULISLACUSPEDE.CO.UK",11591909273,"M","N");
INSERT INTO PIZZARIA.CLIENTE (COD_CLIENTE,NOME_CLIENTE,RUA,NUMERO,COMPLEMENTO,SENHA,EMAIL,CPF,IDF_SEXO,IDF_ATIVO) VALUES (136,"ALIKA B. PATE","938-5524 AC AVE",82,"BLOCO E","2575","IMPERDIET@NISLELEMENTUM.EDU",2633772412,"F","S");
INSERT INTO PIZZARIA.CLIENTE (COD_CLIENTE,NOME_CLIENTE,RUA,NUMERO,COMPLEMENTO,SENHA,EMAIL,CPF,IDF_SEXO,IDF_ATIVO) VALUES (137,"RAFAEL G. CHAN","P.O. BOX 950, 8838 SAPIEN, AVENUE",265,"BLOCO C","5519","EU.TELLUS.PHASELLUS@IN.NET",3978380572,"F","N");
INSERT INTO PIZZARIA.CLIENTE (COD_CLIENTE,NOME_CLIENTE,RUA,NUMERO,COMPLEMENTO,SENHA,EMAIL,CPF,IDF_SEXO,IDF_ATIVO) VALUES (138,"CLARK P. COLEMAN","1644 SCELERISQUE, AVE",185,"BLOCO D","2938","EU.ODIO.TRISTIQUE@MOLLISNEC.CO.UK",8112947431,"M","S");
INSERT INTO PIZZARIA.CLIENTE (COD_CLIENTE,NOME_CLIENTE,RUA,NUMERO,COMPLEMENTO,SENHA,EMAIL,CPF,IDF_SEXO,IDF_ATIVO) VALUES (139,"RAYMOND Q. SHEPPARD","4096 NON STREET",243,"BLOCO C","2452","LIBERO.MORBI@SEMPELLENTESQUEUT.CA",3690494366,"F","N");
INSERT INTO PIZZARIA.CLIENTE (COD_CLIENTE,NOME_CLIENTE,RUA,NUMERO,COMPLEMENTO,SENHA,EMAIL,CPF,IDF_SEXO,IDF_ATIVO) VALUES (140,"JAKEEM U. DELACRUZ","640-5133 EGET RD.",18,"BLOCO E","8814","ADIPISCING.ENIM@TELLUSLOREM.NET",5260834736,"M","N");
INSERT INTO PIZZARIA.CLIENTE (COD_CLIENTE,NOME_CLIENTE,RUA,NUMERO,COMPLEMENTO,SENHA,EMAIL,CPF,IDF_SEXO,IDF_ATIVO) VALUES (141,"KEELY Z. WHEELER","533-8301 DICTUM. ST.",291,"BLOCO D","2424","INTEGER.MOLLIS@IDLIBERO.EDU",7188132705,"M","N");
INSERT INTO PIZZARIA.CLIENTE (COD_CLIENTE,NOME_CLIENTE,RUA,NUMERO,COMPLEMENTO,SENHA,EMAIL,CPF,IDF_SEXO,IDF_ATIVO) VALUES (142,"HANNAH P. HERRING","6461 RUTRUM RD.",74,"BLOCO A","6277","MUS.PROIN.VEL@URNANULLAM.CO.UK",9705803821,"F","N");
INSERT INTO PIZZARIA.CLIENTE (COD_CLIENTE,NOME_CLIENTE,RUA,NUMERO,COMPLEMENTO,SENHA,EMAIL,CPF,IDF_SEXO,IDF_ATIVO) VALUES (143,"ZEUS M. DUFFY","1919 ET ST.",339,"BLOCO C","7246","NEC@ACFERMENTUM.NET",10092243540,"F","S");
INSERT INTO PIZZARIA.CLIENTE (COD_CLIENTE,NOME_CLIENTE,RUA,NUMERO,COMPLEMENTO,SENHA,EMAIL,CPF,IDF_SEXO,IDF_ATIVO) VALUES (144,"CAIRO K. KELLEY","P.O. BOX 739, 1567 ULLAMCORPER ST.",73,"BLOCO D","1564","LACINIA.AT@MAURISALIQUAMEU.NET",3576734887,"M","N");
INSERT INTO PIZZARIA.CLIENTE (COD_CLIENTE,NOME_CLIENTE,RUA,NUMERO,COMPLEMENTO,SENHA,EMAIL,CPF,IDF_SEXO,IDF_ATIVO) VALUES (145,"RICHARD F. KIRBY","AP #422-9603 MONTES, ST.",63,"BLOCO A","1749","DONEC.VITAE.ERAT@INTEGERSEM.COM",8127057720,"F","S");
INSERT INTO PIZZARIA.CLIENTE (COD_CLIENTE,NOME_CLIENTE,RUA,NUMERO,COMPLEMENTO,SENHA,EMAIL,CPF,IDF_SEXO,IDF_ATIVO) VALUES (146,"ODYSSEUS Y. MONTGOMERY","4628 VITAE RD.",64,"BLOCO B","8528","PHASELLUS.LIBERO.MAURIS@EU.CO.UK",12041417714,"F","N");
INSERT INTO PIZZARIA.CLIENTE (COD_CLIENTE,NOME_CLIENTE,RUA,NUMERO,COMPLEMENTO,SENHA,EMAIL,CPF,IDF_SEXO,IDF_ATIVO) VALUES (147,"LAITH G. HESTER","P.O. BOX 489, 556 ALIQUAM AVENUE",479,"BLOCO F","6719","LOREM.DONEC.ELEMENTUM@ULTRICIESADIPISCING.EDU",7579007445,"F","S");
INSERT INTO PIZZARIA.CLIENTE (COD_CLIENTE,NOME_CLIENTE,RUA,NUMERO,COMPLEMENTO,SENHA,EMAIL,CPF,IDF_SEXO,IDF_ATIVO) VALUES (148,"KALIA A. MORGAN","AP #395-8086 NUNC RD.",280,"BLOCO H","3704","QUISQUE.ORNARE.TORTOR@CONVALLISCONVALLISDOLOR.EDU",5187633545,"M","S");
INSERT INTO PIZZARIA.CLIENTE (COD_CLIENTE,NOME_CLIENTE,RUA,NUMERO,COMPLEMENTO,SENHA,EMAIL,CPF,IDF_SEXO,IDF_ATIVO) VALUES (149,"NORMAN J. MONTGOMERY","P.O. BOX 387, 5050 MALESUADA STREET",30,"BLOCO I","5929","LIBERO.INTEGER.IN@PHASELLUSELITPEDE.ORG",10688918067,"M","N");
INSERT INTO PIZZARIA.CLIENTE (COD_CLIENTE,NOME_CLIENTE,RUA,NUMERO,COMPLEMENTO,SENHA,EMAIL,CPF,IDF_SEXO,IDF_ATIVO) VALUES (150,"JOSEPHINE Z. MATHIS","4794 NONUMMY. ROAD",215,"BLOCO B","5634","MAURIS.ELIT@NECQUAMCURABITUR.EDU",7643048641,"F","S");
INSERT INTO PIZZARIA.CLIENTE (COD_CLIENTE,NOME_CLIENTE,RUA,NUMERO,COMPLEMENTO,SENHA,EMAIL,CPF,IDF_SEXO,IDF_ATIVO) VALUES (151,"JAYME G. RHODES","P.O. BOX 656, 4448 ORNARE. AVE",419,"BLOCO B","1407","VIVAMUS@ACMATTIS.NET",623217901,"F","S");
INSERT INTO PIZZARIA.CLIENTE (COD_CLIENTE,NOME_CLIENTE,RUA,NUMERO,COMPLEMENTO,SENHA,EMAIL,CPF,IDF_SEXO,IDF_ATIVO) VALUES (152,"GRADY O. ROGERS","7526 IN ROAD",193,"BLOCO F","7463","ET.EUISMOD@MALESUADAINTEGER.ORG",263095083,"F","N");
INSERT INTO PIZZARIA.CLIENTE (COD_CLIENTE,NOME_CLIENTE,RUA,NUMERO,COMPLEMENTO,SENHA,EMAIL,CPF,IDF_SEXO,IDF_ATIVO) VALUES (153,"MOSES D. BURKE","P.O. BOX 529, 166 PRAESENT STREET",427,"BLOCO E","8643","FELIS.NULLA.TEMPOR@NON.NET",10618278999,"M","N");
INSERT INTO PIZZARIA.CLIENTE (COD_CLIENTE,NOME_CLIENTE,RUA,NUMERO,COMPLEMENTO,SENHA,EMAIL,CPF,IDF_SEXO,IDF_ATIVO) VALUES (154,"SYDNEE R. LIVINGSTON","7280 QUISQUE RD.",122,"BLOCO B","3132","AC.TURPIS@EU.COM",6072963580,"M","S");
INSERT INTO PIZZARIA.CLIENTE (COD_CLIENTE,NOME_CLIENTE,RUA,NUMERO,COMPLEMENTO,SENHA,EMAIL,CPF,IDF_SEXO,IDF_ATIVO) VALUES (155,"ALANA O. YOUNG","8656 PRAESENT AVENUE",248,"BLOCO J","3531","LIGULA.AENEAN@PROINSEDTURPIS.COM",10516552408,"M","S");
INSERT INTO PIZZARIA.CLIENTE (COD_CLIENTE,NOME_CLIENTE,RUA,NUMERO,COMPLEMENTO,SENHA,EMAIL,CPF,IDF_SEXO,IDF_ATIVO) VALUES (156,"TATE R. LINDSEY","4968 NUNC RD.",438,"BLOCO I","6391","ENIM.DIAM@ALIQUAMENIMNEC.COM",8497314825,"F","N");
INSERT INTO PIZZARIA.CLIENTE (COD_CLIENTE,NOME_CLIENTE,RUA,NUMERO,COMPLEMENTO,SENHA,EMAIL,CPF,IDF_SEXO,IDF_ATIVO) VALUES (157,"SYDNEY D. DIXON","P.O. BOX 733, 9514 ENIM. ST.",122,"BLOCO I","9644","DIAM.DUIS@TORQUENTPER.ORG",3123633926,"F","N");
INSERT INTO PIZZARIA.CLIENTE (COD_CLIENTE,NOME_CLIENTE,RUA,NUMERO,COMPLEMENTO,SENHA,EMAIL,CPF,IDF_SEXO,IDF_ATIVO) VALUES (158,"JOAN S. MITCHELL","907-6331 TORTOR STREET",30,"BLOCO B","3665","DUIS@ANTEDICTUM.EDU",3460972504,"F","N");
INSERT INTO PIZZARIA.CLIENTE (COD_CLIENTE,NOME_CLIENTE,RUA,NUMERO,COMPLEMENTO,SENHA,EMAIL,CPF,IDF_SEXO,IDF_ATIVO) VALUES (159,"JUDAH D. BRITT","523-6125 HENDRERIT ST.",408,"BLOCO I","3225","QUISQUE.PURUS@GRAVIDASIT.CO.UK",11967275207,"M","N");
INSERT INTO PIZZARIA.CLIENTE (COD_CLIENTE,NOME_CLIENTE,RUA,NUMERO,COMPLEMENTO,SENHA,EMAIL,CPF,IDF_SEXO,IDF_ATIVO) VALUES (160,"CHRISTINE S. CONLEY","498-2386 HABITANT STREET",323,"BLOCO I","8945","ALIQUAM.GRAVIDA.MAURIS@MAGNA.COM",12015253935,"M","N");
INSERT INTO PIZZARIA.CLIENTE (COD_CLIENTE,NOME_CLIENTE,RUA,NUMERO,COMPLEMENTO,SENHA,EMAIL,CPF,IDF_SEXO,IDF_ATIVO) VALUES (161,"CASSANDRA I. WAGNER","P.O. BOX 262, 8999 UT ROAD",152,"BLOCO E","2350","MAURIS.RHONCUS.ID@TURPISNULLAALIQUET.CA",8089617072,"F","S");
INSERT INTO PIZZARIA.CLIENTE (COD_CLIENTE,NOME_CLIENTE,RUA,NUMERO,COMPLEMENTO,SENHA,EMAIL,CPF,IDF_SEXO,IDF_ATIVO) VALUES (162,"WESLEY O. ONEAL","999-7222 ORNARE. STREET",366,"BLOCO E","3812","FELIS.EGET@TINCIDUNTTEMPUSRISUS.COM",9119120395,"F","S");
INSERT INTO PIZZARIA.CLIENTE (COD_CLIENTE,NOME_CLIENTE,RUA,NUMERO,COMPLEMENTO,SENHA,EMAIL,CPF,IDF_SEXO,IDF_ATIVO) VALUES (163,"TATYANA W. MCCORMICK","P.O. BOX 101, 5967 ET ST.",392,"BLOCO H","9727","HENDRERIT.DONEC@NECTEMPUS.NET",6755566166,"F","S");
INSERT INTO PIZZARIA.CLIENTE (COD_CLIENTE,NOME_CLIENTE,RUA,NUMERO,COMPLEMENTO,SENHA,EMAIL,CPF,IDF_SEXO,IDF_ATIVO) VALUES (164,"HERMAN I. WALSH","7765 NUNC ST.",38,"BLOCO E","4174","ET.ARCU.IMPERDIET@VITAEPOSUERE.CA",7292994898,"F","S");
INSERT INTO PIZZARIA.CLIENTE (COD_CLIENTE,NOME_CLIENTE,RUA,NUMERO,COMPLEMENTO,SENHA,EMAIL,CPF,IDF_SEXO,IDF_ATIVO) VALUES (165,"KITRA S. THOMAS","P.O. BOX 829, 1379 PER ST.",33,"BLOCO F","2177","TURPIS.EGESTAS.ALIQUAM@VELIT.EDU",9956503364,"M","S");
INSERT INTO PIZZARIA.CLIENTE (COD_CLIENTE,NOME_CLIENTE,RUA,NUMERO,COMPLEMENTO,SENHA,EMAIL,CPF,IDF_SEXO,IDF_ATIVO) VALUES (166,"HOLMES D. RUIZ","221-9907 FAUCIBUS ROAD",173,"BLOCO J","2924","TINCIDUNT.CONGUE@NIBHVULPUTATE.CA",7514486354,"M","S");
INSERT INTO PIZZARIA.CLIENTE (COD_CLIENTE,NOME_CLIENTE,RUA,NUMERO,COMPLEMENTO,SENHA,EMAIL,CPF,IDF_SEXO,IDF_ATIVO) VALUES (167,"CURRAN X. HARDY","P.O. BOX 878, 9281 FAMES AVE",363,"BLOCO D","3426","QUISQUE.AC@ALIQUAM.EDU",10002882260,"F","N");
INSERT INTO PIZZARIA.CLIENTE (COD_CLIENTE,NOME_CLIENTE,RUA,NUMERO,COMPLEMENTO,SENHA,EMAIL,CPF,IDF_SEXO,IDF_ATIVO) VALUES (168,"ARMANDO D. LOWERY","P.O. BOX 744, 8949 CONVALLIS ST.",428,"BLOCO F","7824","CUM.SOCIIS.NATOQUE@AMETCONSECTETUER.ORG",11486042047,"F","N");
INSERT INTO PIZZARIA.CLIENTE (COD_CLIENTE,NOME_CLIENTE,RUA,NUMERO,COMPLEMENTO,SENHA,EMAIL,CPF,IDF_SEXO,IDF_ATIVO) VALUES (169,"WALTER E. CLEMONS","950-1569 VELIT ST.",127,"BLOCO G","2904","TELLUS@VULPUTATERISUS.NET",4261512791,"F","S");
INSERT INTO PIZZARIA.CLIENTE (COD_CLIENTE,NOME_CLIENTE,RUA,NUMERO,COMPLEMENTO,SENHA,EMAIL,CPF,IDF_SEXO,IDF_ATIVO) VALUES (170,"ANDREW H. BEASLEY","P.O. BOX 685, 8584 PEDE, AV.",393,"BLOCO A","7997","TURPIS.IN.CONDIMENTUM@DUICUM.COM",7698874556,"F","N");
INSERT INTO PIZZARIA.CLIENTE (COD_CLIENTE,NOME_CLIENTE,RUA,NUMERO,COMPLEMENTO,SENHA,EMAIL,CPF,IDF_SEXO,IDF_ATIVO) VALUES (171,"JELANI P. RODRIGUEZ","910 NON AVE",474,"BLOCO D","4501","NISL@CONUBIANOSTRAPER.CA",78670916,"F","N");
INSERT INTO PIZZARIA.CLIENTE (COD_CLIENTE,NOME_CLIENTE,RUA,NUMERO,COMPLEMENTO,SENHA,EMAIL,CPF,IDF_SEXO,IDF_ATIVO) VALUES (172,"CLINTON Q. BRADY","878-7545 IN STREET",119,"BLOCO E","8026","ID.SAPIEN@EGESTASNUNC.CA",5103264188,"M","S");
INSERT INTO PIZZARIA.CLIENTE (COD_CLIENTE,NOME_CLIENTE,RUA,NUMERO,COMPLEMENTO,SENHA,EMAIL,CPF,IDF_SEXO,IDF_ATIVO) VALUES (173,"VAUGHAN A. ZIMMERMAN","AP #390-1802 NEC STREET",143,"BLOCO G","7353","DONEC.EST@CUBILIACURAEPHASELLUS.NET",11686372450,"F","N");
INSERT INTO PIZZARIA.CLIENTE (COD_CLIENTE,NOME_CLIENTE,RUA,NUMERO,COMPLEMENTO,SENHA,EMAIL,CPF,IDF_SEXO,IDF_ATIVO) VALUES (174,"ALFONSO H. PARK","AP #354-8040 A, STREET",3,"BLOCO D","5721","MOLESTIE.SED@QUAM.NET",10328400380,"M","N");
INSERT INTO PIZZARIA.CLIENTE (COD_CLIENTE,NOME_CLIENTE,RUA,NUMERO,COMPLEMENTO,SENHA,EMAIL,CPF,IDF_SEXO,IDF_ATIVO) VALUES (175,"SEBASTIAN A. HUBBARD","453-7074 EU AV.",218,"BLOCO I","1438","MI@QUISQUE.CO.UK",7669840682,"F","S");
INSERT INTO PIZZARIA.CLIENTE (COD_CLIENTE,NOME_CLIENTE,RUA,NUMERO,COMPLEMENTO,SENHA,EMAIL,CPF,IDF_SEXO,IDF_ATIVO) VALUES (176,"SHAINE J. WILDER","425-7941 PHARETRA. AV.",374,"BLOCO G","7436","NEC.MAURIS@IPSUMPRIMISIN.COM",6677322426,"F","N");
INSERT INTO PIZZARIA.CLIENTE (COD_CLIENTE,NOME_CLIENTE,RUA,NUMERO,COMPLEMENTO,SENHA,EMAIL,CPF,IDF_SEXO,IDF_ATIVO) VALUES (177,"TANNER Q. DAVIDSON","AP #669-3332 LACINIA AV.",329,"BLOCO B","4457","NUNC.ULLAMCORPER@DOLORVITAEDOLOR.EDU",2163060414,"F","S");
INSERT INTO PIZZARIA.CLIENTE (COD_CLIENTE,NOME_CLIENTE,RUA,NUMERO,COMPLEMENTO,SENHA,EMAIL,CPF,IDF_SEXO,IDF_ATIVO) VALUES (178,"ASHER J. CHRISTENSEN","P.O. BOX 154, 9446 LOREM AVENUE",324,"BLOCO E","9375","IPSUM@ACCUMSANNEQUE.COM",11354411255,"M","S");
INSERT INTO PIZZARIA.CLIENTE (COD_CLIENTE,NOME_CLIENTE,RUA,NUMERO,COMPLEMENTO,SENHA,EMAIL,CPF,IDF_SEXO,IDF_ATIVO) VALUES (179,"LEN R. PENNINGTON","762-5470 RISUS RD.",193,"BLOCO A","6342","IPSUM@ORCIQUIS.CO.UK",12020720263,"F","N");
INSERT INTO PIZZARIA.CLIENTE (COD_CLIENTE,NOME_CLIENTE,RUA,NUMERO,COMPLEMENTO,SENHA,EMAIL,CPF,IDF_SEXO,IDF_ATIVO) VALUES (180,"AMELIA F. HARVEY","947-6272 LIBERO ST.",99,"BLOCO H","5284","TURPIS.EGESTAS@URNASUSCIPITNONUMMY.CO.UK",2737872255,"M","N");
INSERT INTO PIZZARIA.CLIENTE (COD_CLIENTE,NOME_CLIENTE,RUA,NUMERO,COMPLEMENTO,SENHA,EMAIL,CPF,IDF_SEXO,IDF_ATIVO) VALUES (181,"JOHN Z. DELANEY","231 SAPIEN, ST.",378,"BLOCO I","8284","CURABITUR@NUNC.EDU",365349877,"F","S");
INSERT INTO PIZZARIA.CLIENTE (COD_CLIENTE,NOME_CLIENTE,RUA,NUMERO,COMPLEMENTO,SENHA,EMAIL,CPF,IDF_SEXO,IDF_ATIVO) VALUES (182,"FARRAH B. TUCKER","AP #889-5441 ULTRICIES RD.",361,"BLOCO G","9269","NASCETUR@TINCIDUNTADIPISCING.EDU",9513167792,"F","N");
INSERT INTO PIZZARIA.CLIENTE (COD_CLIENTE,NOME_CLIENTE,RUA,NUMERO,COMPLEMENTO,SENHA,EMAIL,CPF,IDF_SEXO,IDF_ATIVO) VALUES (183,"ASHER D. RASMUSSEN","P.O. BOX 934, 1639 DUI. ROAD",137,"BLOCO J","8771","CURSUS@DONECVITAE.EDU",10202946968,"M","N");
INSERT INTO PIZZARIA.CLIENTE (COD_CLIENTE,NOME_CLIENTE,RUA,NUMERO,COMPLEMENTO,SENHA,EMAIL,CPF,IDF_SEXO,IDF_ATIVO) VALUES (184,"GINGER R. DUNN","P.O. BOX 910, 6599 UT ROAD",110,"BLOCO A","5243","LOBORTIS.ULTRICES.VIVAMUS@FELIS.ORG",6044524125,"M","N");
INSERT INTO PIZZARIA.CLIENTE (COD_CLIENTE,NOME_CLIENTE,RUA,NUMERO,COMPLEMENTO,SENHA,EMAIL,CPF,IDF_SEXO,IDF_ATIVO) VALUES (185,"MELODIE V. HATFIELD","AP #809-6798 CURSUS, AV.",137,"BLOCO H","6709","EGESTAS@QUISQUEIMPERDIET.EDU",2015432753,"F","S");
INSERT INTO PIZZARIA.CLIENTE (COD_CLIENTE,NOME_CLIENTE,RUA,NUMERO,COMPLEMENTO,SENHA,EMAIL,CPF,IDF_SEXO,IDF_ATIVO) VALUES (186,"CARTER S. MEYERS","808 SENECTUS ROAD",482,"BLOCO G","4462","RIDICULUS.MUS@NONFEUGIAT.EDU",1773993396,"F","N");
INSERT INTO PIZZARIA.CLIENTE (COD_CLIENTE,NOME_CLIENTE,RUA,NUMERO,COMPLEMENTO,SENHA,EMAIL,CPF,IDF_SEXO,IDF_ATIVO) VALUES (187,"IVORY A. HARDY","AP #993-8162 PRAESENT AVE",393,"BLOCO E","4932","ALIQUAM.FRINGILLA.CURSUS@LOREM.EDU",6050996875,"M","S");
INSERT INTO PIZZARIA.CLIENTE (COD_CLIENTE,NOME_CLIENTE,RUA,NUMERO,COMPLEMENTO,SENHA,EMAIL,CPF,IDF_SEXO,IDF_ATIVO) VALUES (188,"ANTHONY S. HINES","AP #358-9248 QUISQUE AVE",263,"BLOCO E","9825","URNA@ERATSEDNUNC.CO.UK",20311631,"F","S");
INSERT INTO PIZZARIA.CLIENTE (COD_CLIENTE,NOME_CLIENTE,RUA,NUMERO,COMPLEMENTO,SENHA,EMAIL,CPF,IDF_SEXO,IDF_ATIVO) VALUES (189,"WESLEY T. BOOKER","P.O. BOX 810, 1605 SIT STREET",267,"BLOCO B","1293","SODALES.NISI@EGETMASSASUSPENDISSE.ORG",9980766739,"F","N");
INSERT INTO PIZZARIA.CLIENTE (COD_CLIENTE,NOME_CLIENTE,RUA,NUMERO,COMPLEMENTO,SENHA,EMAIL,CPF,IDF_SEXO,IDF_ATIVO) VALUES (190,"KADEN I. GAY","224-5091 AT AVENUE",278,"BLOCO A","1415","TINCIDUNT@NISIMAGNA.ORG",244608866,"F","S");
INSERT INTO PIZZARIA.CLIENTE (COD_CLIENTE,NOME_CLIENTE,RUA,NUMERO,COMPLEMENTO,SENHA,EMAIL,CPF,IDF_SEXO,IDF_ATIVO) VALUES (191,"SHELBY G. WALLACE","8823 LIBERO STREET",323,"BLOCO J","6515","LOREM@LIGULACONSECTETUER.NET",10665454259,"M","S");
INSERT INTO PIZZARIA.CLIENTE (COD_CLIENTE,NOME_CLIENTE,RUA,NUMERO,COMPLEMENTO,SENHA,EMAIL,CPF,IDF_SEXO,IDF_ATIVO) VALUES (192,"PORTIA T. ACOSTA","AP #198-8384 RISUS. ST.",380,"BLOCO A","5365","CONVALLIS.IN.CURSUS@NON.CA",6897938151,"F","S");
INSERT INTO PIZZARIA.CLIENTE (COD_CLIENTE,NOME_CLIENTE,RUA,NUMERO,COMPLEMENTO,SENHA,EMAIL,CPF,IDF_SEXO,IDF_ATIVO) VALUES (193,"CHRISTIAN X. RUSSO","967-5265 IN ROAD",336,"BLOCO B","8379","SED.DOLOR.FUSCE@CONGUETURPISIN.CO.UK",11931817216,"F","N");
INSERT INTO PIZZARIA.CLIENTE (COD_CLIENTE,NOME_CLIENTE,RUA,NUMERO,COMPLEMENTO,SENHA,EMAIL,CPF,IDF_SEXO,IDF_ATIVO) VALUES (194,"REUBEN P. WILDER","P.O. BOX 925, 2614 TEMPUS ST.",401,"BLOCO A","5318","SAPIEN.MOLESTIE@ADUI.CO.UK",159111403,"F","N");
INSERT INTO PIZZARIA.CLIENTE (COD_CLIENTE,NOME_CLIENTE,RUA,NUMERO,COMPLEMENTO,SENHA,EMAIL,CPF,IDF_SEXO,IDF_ATIVO) VALUES (195,"AHMED Z. VELAZQUEZ","AP #867-4333 NON, AV.",351,"BLOCO F","3377","SAPIEN@IACULIS.ORG",10474307511,"M","N");
INSERT INTO PIZZARIA.CLIENTE (COD_CLIENTE,NOME_CLIENTE,RUA,NUMERO,COMPLEMENTO,SENHA,EMAIL,CPF,IDF_SEXO,IDF_ATIVO) VALUES (196,"GRAY P. CHRISTENSEN","AP #967-3554 NON, AVENUE",327,"BLOCO C","3484","MAURIS.ID@ARCU.COM",1324029644,"F","N");
INSERT INTO PIZZARIA.CLIENTE (COD_CLIENTE,NOME_CLIENTE,RUA,NUMERO,COMPLEMENTO,SENHA,EMAIL,CPF,IDF_SEXO,IDF_ATIVO) VALUES (197,"KARLEIGH T. ARNOLD","P.O. BOX 790, 6149 ALIQUET ST.",302,"BLOCO D","4853","NULLA.FACILISI.SED@ARCUIACULIS.CA",2734315609,"M","S");
INSERT INTO PIZZARIA.CLIENTE (COD_CLIENTE,NOME_CLIENTE,RUA,NUMERO,COMPLEMENTO,SENHA,EMAIL,CPF,IDF_SEXO,IDF_ATIVO) VALUES (198,"CAIN X. MCMILLAN","P.O. BOX 854, 9669 SAGITTIS. ST.",409,"BLOCO B","3140","AMET@TINCIDUNTORCIQUIS.COM",6119178738,"F","N");
INSERT INTO PIZZARIA.CLIENTE (COD_CLIENTE,NOME_CLIENTE,RUA,NUMERO,COMPLEMENTO,SENHA,EMAIL,CPF,IDF_SEXO,IDF_ATIVO) VALUES (199,"CARLA C. MCDONALD","4033 NISI. RD.",132,"BLOCO A","2154","AT.EGESTAS@AUGUEPORTTITORINTERDUM.NET",7725663942,"F","S");
INSERT INTO PIZZARIA.CLIENTE (COD_CLIENTE,NOME_CLIENTE,RUA,NUMERO,COMPLEMENTO,SENHA,EMAIL,CPF,IDF_SEXO,IDF_ATIVO) VALUES (200,"HENRY T. LE","P.O. BOX 128, 8396 MOLESTIE AVE",64,"BLOCO F","9936","NON.HENDRERIT@LACUS.COM",9449216645,"M","S");
INSERT INTO PIZZARIA.CLIENTE (COD_CLIENTE,NOME_CLIENTE,RUA,NUMERO,COMPLEMENTO,SENHA,EMAIL,CPF,IDF_SEXO,IDF_ATIVO) VALUES (201,"DANIEL R. COPELAND","AP #643-2225 SED ROAD",354,"BLOCO A","4972","IN.AT@NONLOBORTIS.EDU",1193184280,"F","S");
INSERT INTO PIZZARIA.CLIENTE (COD_CLIENTE,NOME_CLIENTE,RUA,NUMERO,COMPLEMENTO,SENHA,EMAIL,CPF,IDF_SEXO,IDF_ATIVO) VALUES (202,"ELIJAH B. SANTOS","AP #557-209 NULLA. AV.",128,"BLOCO I","7959","DOLOR.DOLOR.TEMPUS@DICTUMMAGNAUT.ORG",11651544587,"M","S");
INSERT INTO PIZZARIA.CLIENTE (COD_CLIENTE,NOME_CLIENTE,RUA,NUMERO,COMPLEMENTO,SENHA,EMAIL,CPF,IDF_SEXO,IDF_ATIVO) VALUES (203,"XENA D. TAYLOR","AP #970-9436 DIGNISSIM ROAD",114,"BLOCO E","7720","NEC@VELITJUSTONEC.COM",12202436624,"M","N");
INSERT INTO PIZZARIA.CLIENTE (COD_CLIENTE,NOME_CLIENTE,RUA,NUMERO,COMPLEMENTO,SENHA,EMAIL,CPF,IDF_SEXO,IDF_ATIVO) VALUES (204,"FLORENCE Y. CONNER","P.O. BOX 704, 677 VOLUTPAT RD.",156,"BLOCO E","1541","FELIS.ULLAMCORPER@QUAM.CO.UK",7872884426,"M","N");
INSERT INTO PIZZARIA.CLIENTE (COD_CLIENTE,NOME_CLIENTE,RUA,NUMERO,COMPLEMENTO,SENHA,EMAIL,CPF,IDF_SEXO,IDF_ATIVO) VALUES (205,"MAITE F. JORDAN","AP #477-8956 DONEC AV.",152,"BLOCO H","8799","ORCI@ETIPSUM.CO.UK",10236948989,"F","S");
INSERT INTO PIZZARIA.CLIENTE (COD_CLIENTE,NOME_CLIENTE,RUA,NUMERO,COMPLEMENTO,SENHA,EMAIL,CPF,IDF_SEXO,IDF_ATIVO) VALUES (206,"KAMEKO S. JACOBSON","AP #233-9662 LIBERO. AVENUE",64,"BLOCO B","6481","ANTE.DICTUM.CURSUS@NISI.CO.UK",12323922277,"M","S");
INSERT INTO PIZZARIA.CLIENTE (COD_CLIENTE,NOME_CLIENTE,RUA,NUMERO,COMPLEMENTO,SENHA,EMAIL,CPF,IDF_SEXO,IDF_ATIVO) VALUES (207,"RASHAD E. INGRAM","P.O. BOX 874, 4370 IACULIS ST.",437,"BLOCO I","5181","SODALES.MAURIS@FERMENTUM.ORG",1457357081,"M","S");
INSERT INTO PIZZARIA.CLIENTE (COD_CLIENTE,NOME_CLIENTE,RUA,NUMERO,COMPLEMENTO,SENHA,EMAIL,CPF,IDF_SEXO,IDF_ATIVO) VALUES (208,"JUDITH A. LAMBERT","7512 LOBORTIS RD.",170,"BLOCO C","8867","METUS.URNA@LOBORTIS.CA",2031096127,"M","N");
INSERT INTO PIZZARIA.CLIENTE (COD_CLIENTE,NOME_CLIENTE,RUA,NUMERO,COMPLEMENTO,SENHA,EMAIL,CPF,IDF_SEXO,IDF_ATIVO) VALUES (209,"CALLUM N. BERNARD","8442 MAGNIS ROAD",390,"BLOCO G","6500","ALIQUAM@ETIAM.EDU",236839040,"M","N");
INSERT INTO PIZZARIA.CLIENTE (COD_CLIENTE,NOME_CLIENTE,RUA,NUMERO,COMPLEMENTO,SENHA,EMAIL,CPF,IDF_SEXO,IDF_ATIVO) VALUES (210,"JIN A. FLOWERS","AP #604-8003 MAURIS ST.",179,"BLOCO F","5744","NUNC.UT@LECTUSCONVALLISEST.ORG",1234043638,"M","S");
INSERT INTO PIZZARIA.CLIENTE (COD_CLIENTE,NOME_CLIENTE,RUA,NUMERO,COMPLEMENTO,SENHA,EMAIL,CPF,IDF_SEXO,IDF_ATIVO) VALUES (211,"DORIAN R. DUDLEY","2180 PURUS RD.",271,"BLOCO G","8051","JUSTO@TELLUS.NET",12176801652,"M","S");
INSERT INTO PIZZARIA.CLIENTE (COD_CLIENTE,NOME_CLIENTE,RUA,NUMERO,COMPLEMENTO,SENHA,EMAIL,CPF,IDF_SEXO,IDF_ATIVO) VALUES (212,"SIMONE R. BULLOCK","AP #414-6856 UT RD.",403,"BLOCO H","3559","FELIS@DAPIBUSQUAM.COM",7569220122,"F","S");
INSERT INTO PIZZARIA.CLIENTE (COD_CLIENTE,NOME_CLIENTE,RUA,NUMERO,COMPLEMENTO,SENHA,EMAIL,CPF,IDF_SEXO,IDF_ATIVO) VALUES (213,"MADONNA P. CLARK","869-6036 ENIM, RD.",248,"BLOCO H","6406","TURPIS.VITAE.PURUS@TEMPOR.NET",211002702,"F","N");
INSERT INTO PIZZARIA.CLIENTE (COD_CLIENTE,NOME_CLIENTE,RUA,NUMERO,COMPLEMENTO,SENHA,EMAIL,CPF,IDF_SEXO,IDF_ATIVO) VALUES (214,"ASHELY U. TATE","AP #467-8203 ID ROAD",58,"BLOCO H","2453","TINCIDUNT.DONEC.VITAE@PROIN.CO.UK",9139538604,"F","S");
INSERT INTO PIZZARIA.CLIENTE (COD_CLIENTE,NOME_CLIENTE,RUA,NUMERO,COMPLEMENTO,SENHA,EMAIL,CPF,IDF_SEXO,IDF_ATIVO) VALUES (215,"HU S. CHAVEZ","AP #841-7504 NIBH STREET",216,"BLOCO D","2958","LIGULA.AENEAN@FUSCEDIAMNUNC.CO.UK",12236797379,"F","N");
INSERT INTO PIZZARIA.CLIENTE (COD_CLIENTE,NOME_CLIENTE,RUA,NUMERO,COMPLEMENTO,SENHA,EMAIL,CPF,IDF_SEXO,IDF_ATIVO) VALUES (216,"MADELINE A. SHEPARD","AP #563-6796 ANTE. ST.",492,"BLOCO J","4616","PURUS.ACCUMSAN.INTERDUM@ENIMSITAMET.CO.UK",957603616,"F","S");
INSERT INTO PIZZARIA.CLIENTE (COD_CLIENTE,NOME_CLIENTE,RUA,NUMERO,COMPLEMENTO,SENHA,EMAIL,CPF,IDF_SEXO,IDF_ATIVO) VALUES (217,"MARTHA I. LYNN","7574 CURABITUR ST.",129,"BLOCO F","8142","UT.MI.DUIS@MOLLISINTEGERTINCIDUNT.COM",9926184829,"F","N");
INSERT INTO PIZZARIA.CLIENTE (COD_CLIENTE,NOME_CLIENTE,RUA,NUMERO,COMPLEMENTO,SENHA,EMAIL,CPF,IDF_SEXO,IDF_ATIVO) VALUES (218,"JORDAN C. BARNETT","228-2462 DONEC RD.",34,"BLOCO G","8036","NON.LUCTUS@CURSUS.ORG",5988081365,"F","N");
INSERT INTO PIZZARIA.CLIENTE (COD_CLIENTE,NOME_CLIENTE,RUA,NUMERO,COMPLEMENTO,SENHA,EMAIL,CPF,IDF_SEXO,IDF_ATIVO) VALUES (219,"NORMAN N. TREVINO","582-1433 RISUS. ST.",358,"BLOCO J","8517","DIAM.SED.DIAM@CURABITURCONSEQUAT.ORG",3888231564,"F","S");
INSERT INTO PIZZARIA.CLIENTE (COD_CLIENTE,NOME_CLIENTE,RUA,NUMERO,COMPLEMENTO,SENHA,EMAIL,CPF,IDF_SEXO,IDF_ATIVO) VALUES (220,"CHANEY H. RIVERS","AP #879-5723 PHASELLUS AVE",445,"BLOCO F","7224","DOLOR@SED.NET",1511013545,"F","N");
INSERT INTO PIZZARIA.CLIENTE (COD_CLIENTE,NOME_CLIENTE,RUA,NUMERO,COMPLEMENTO,SENHA,EMAIL,CPF,IDF_SEXO,IDF_ATIVO) VALUES (221,"MECHELLE Y. HULL","P.O. BOX 445, 6143 NUNC ROAD",259,"BLOCO E","8206","EST.CONGUE@INTERDUMNUNCSOLLICITUDIN.CA",1966271096,"M","N");
INSERT INTO PIZZARIA.CLIENTE (COD_CLIENTE,NOME_CLIENTE,RUA,NUMERO,COMPLEMENTO,SENHA,EMAIL,CPF,IDF_SEXO,IDF_ATIVO) VALUES (222,"GUY M. GUERRA","P.O. BOX 510, 8707 LOBORTIS AVENUE",210,"BLOCO B","3818","VITAE.SEMPER@UT.COM",9200455216,"M","N");
INSERT INTO PIZZARIA.CLIENTE (COD_CLIENTE,NOME_CLIENTE,RUA,NUMERO,COMPLEMENTO,SENHA,EMAIL,CPF,IDF_SEXO,IDF_ATIVO) VALUES (223,"FARRAH V. LONG","P.O. BOX 542, 7587 QUAM AVENUE",285,"BLOCO E","5681","VELIT.EGESTAS@ODIONAMINTERDUM.ORG",6399281830,"F","S");
INSERT INTO PIZZARIA.CLIENTE (COD_CLIENTE,NOME_CLIENTE,RUA,NUMERO,COMPLEMENTO,SENHA,EMAIL,CPF,IDF_SEXO,IDF_ATIVO) VALUES (224,"SHELBY E. WILLIAMSON","790-3612 LEO STREET",279,"BLOCO H","2415","CUM@SUSPENDISSETRISTIQUENEQUE.ORG",6602450341,"F","N");
INSERT INTO PIZZARIA.CLIENTE (COD_CLIENTE,NOME_CLIENTE,RUA,NUMERO,COMPLEMENTO,SENHA,EMAIL,CPF,IDF_SEXO,IDF_ATIVO) VALUES (225,"NEVE D. ELLISON","860-7101 MASSA. RD.",29,"BLOCO I","7416","TEMPOR@NULLAFACILISIS.ORG",9496764133,"F","S");
INSERT INTO PIZZARIA.CLIENTE (COD_CLIENTE,NOME_CLIENTE,RUA,NUMERO,COMPLEMENTO,SENHA,EMAIL,CPF,IDF_SEXO,IDF_ATIVO) VALUES (226,"MARA R. PATE","AP #934-3498 ANTE. RD.",267,"BLOCO D","2333","ELEMENTUM@SEMPEREGESTAS.COM",12059445338,"F","S");
INSERT INTO PIZZARIA.CLIENTE (COD_CLIENTE,NOME_CLIENTE,RUA,NUMERO,COMPLEMENTO,SENHA,EMAIL,CPF,IDF_SEXO,IDF_ATIVO) VALUES (227,"DYLAN U. CLINE","AP #642-2671 IPSUM AVE",69,"BLOCO H","2393","CUBILIA.CURAE@VELCONVALLIS.NET",547038588,"F","S");
INSERT INTO PIZZARIA.CLIENTE (COD_CLIENTE,NOME_CLIENTE,RUA,NUMERO,COMPLEMENTO,SENHA,EMAIL,CPF,IDF_SEXO,IDF_ATIVO) VALUES (228,"RACHEL P. LOTT","721-3890 VESTIBULUM ST.",194,"BLOCO D","1918","ID@CRASSED.NET",6369589216,"F","N");
INSERT INTO PIZZARIA.CLIENTE (COD_CLIENTE,NOME_CLIENTE,RUA,NUMERO,COMPLEMENTO,SENHA,EMAIL,CPF,IDF_SEXO,IDF_ATIVO) VALUES (229,"NISSIM F. TURNER","269-3918 RHONCUS. AVE",425,"BLOCO A","9275","DIGNISSIM.MAECENAS.ORNARE@PELLENTESQUE.ORG",390766014,"F","S");
INSERT INTO PIZZARIA.CLIENTE (COD_CLIENTE,NOME_CLIENTE,RUA,NUMERO,COMPLEMENTO,SENHA,EMAIL,CPF,IDF_SEXO,IDF_ATIVO) VALUES (230,"ODETTE M. KENNEDY","AP #784-2868 IPSUM AVENUE",374,"BLOCO J","5709","NUNC.SED.ORCI@SEMMOLLIS.CA",3985870328,"F","N");
INSERT INTO PIZZARIA.CLIENTE (COD_CLIENTE,NOME_CLIENTE,RUA,NUMERO,COMPLEMENTO,SENHA,EMAIL,CPF,IDF_SEXO,IDF_ATIVO) VALUES (231,"BRIAN H. NIXON","7202 NULLA ST.",86,"BLOCO F","9204","PURUS.MAECENAS.LIBERO@DONECDIGNISSIM.NET",10325887745,"M","N");
INSERT INTO PIZZARIA.CLIENTE (COD_CLIENTE,NOME_CLIENTE,RUA,NUMERO,COMPLEMENTO,SENHA,EMAIL,CPF,IDF_SEXO,IDF_ATIVO) VALUES (232,"MARIS G. SHELTON","P.O. BOX 624, 7455 VELIT ST.",265,"BLOCO B","4694","HYMENAEOS.MAURIS.UT@NIBHENIMGRAVIDA.EDU",9450194475,"F","N");
INSERT INTO PIZZARIA.CLIENTE (COD_CLIENTE,NOME_CLIENTE,RUA,NUMERO,COMPLEMENTO,SENHA,EMAIL,CPF,IDF_SEXO,IDF_ATIVO) VALUES (233,"TATUM P. MELTON","AP #858-5218 NISL RD.",232,"BLOCO J","2423","LACINIA@ACTURPISEGESTAS.COM",8799999406,"M","S");
INSERT INTO PIZZARIA.CLIENTE (COD_CLIENTE,NOME_CLIENTE,RUA,NUMERO,COMPLEMENTO,SENHA,EMAIL,CPF,IDF_SEXO,IDF_ATIVO) VALUES (234,"KNOX P. MALDONADO","9834 IPSUM. AVENUE",357,"BLOCO J","9910","NISL.ELEMENTUM.PURUS@VELIT.COM",5563489777,"F","S");
INSERT INTO PIZZARIA.CLIENTE (COD_CLIENTE,NOME_CLIENTE,RUA,NUMERO,COMPLEMENTO,SENHA,EMAIL,CPF,IDF_SEXO,IDF_ATIVO) VALUES (235,"RAMONA J. WORKMAN","432-7204 MAURIS, ROAD",58,"BLOCO E","2382","ALIQUAM.ERAT@FACILISIS.EDU",6714407485,"M","S");
INSERT INTO PIZZARIA.CLIENTE (COD_CLIENTE,NOME_CLIENTE,RUA,NUMERO,COMPLEMENTO,SENHA,EMAIL,CPF,IDF_SEXO,IDF_ATIVO) VALUES (236,"GARTH H. RUIZ","497-5680 SOCIIS AVE",354,"BLOCO E","2194","LEO.CRAS.VEHICULA@SITAMET.EDU",3021231074,"F","N");
INSERT INTO PIZZARIA.CLIENTE (COD_CLIENTE,NOME_CLIENTE,RUA,NUMERO,COMPLEMENTO,SENHA,EMAIL,CPF,IDF_SEXO,IDF_ATIVO) VALUES (237,"RENEE S. HAYNES","AP #935-5543 QUIS AVENUE",125,"BLOCO I","4477","ENIM.CONDIMENTUM@ETIAMIMPERDIET.CA",11369669066,"F","S");
INSERT INTO PIZZARIA.CLIENTE (COD_CLIENTE,NOME_CLIENTE,RUA,NUMERO,COMPLEMENTO,SENHA,EMAIL,CPF,IDF_SEXO,IDF_ATIVO) VALUES (238,"COBY T. MCCRAY","AP #104-272 FACILISIS AV.",159,"BLOCO E","1805","LIGULA.NULLAM.FEUGIAT@IN.CA",5577973937,"F","N");
INSERT INTO PIZZARIA.CLIENTE (COD_CLIENTE,NOME_CLIENTE,RUA,NUMERO,COMPLEMENTO,SENHA,EMAIL,CPF,IDF_SEXO,IDF_ATIVO) VALUES (239,"DOLAN X. HOPPER","467-4904 UT RD.",448,"BLOCO H","2942","DIAM@PROINVELITSED.NET",2650360269,"F","S");
INSERT INTO PIZZARIA.CLIENTE (COD_CLIENTE,NOME_CLIENTE,RUA,NUMERO,COMPLEMENTO,SENHA,EMAIL,CPF,IDF_SEXO,IDF_ATIVO) VALUES (240,"IRMA L. JARVIS","2397 ELEMENTUM AVE",454,"BLOCO B","8243","TRISTIQUE.SENECTUS@ACCUMSANSEDFACILISIS.CO.UK",3058849233,"F","N");
INSERT INTO PIZZARIA.CLIENTE (COD_CLIENTE,NOME_CLIENTE,RUA,NUMERO,COMPLEMENTO,SENHA,EMAIL,CPF,IDF_SEXO,IDF_ATIVO) VALUES (241,"HAMISH G. JIMENEZ","AP #158-8623 HENDRERIT AV.",481,"BLOCO C","6043","FUSCE.FERMENTUM.FERMENTUM@ELEIFENDNON.CO.UK",2716330208,"F","N");
INSERT INTO PIZZARIA.CLIENTE (COD_CLIENTE,NOME_CLIENTE,RUA,NUMERO,COMPLEMENTO,SENHA,EMAIL,CPF,IDF_SEXO,IDF_ATIVO) VALUES (242,"HEDY M. CAREY","744-8823 FACILISIS. STREET",178,"BLOCO B","2996","LITORA@ORCI.CA",8755792136,"F","S");
INSERT INTO PIZZARIA.CLIENTE (COD_CLIENTE,NOME_CLIENTE,RUA,NUMERO,COMPLEMENTO,SENHA,EMAIL,CPF,IDF_SEXO,IDF_ATIVO) VALUES (243,"PRISCILLA B. POOLE","620-6003 ORNARE RD.",217,"BLOCO J","3707","IPSUM@INTERDUMFEUGIATSED.COM",6392779604,"F","N");
INSERT INTO PIZZARIA.CLIENTE (COD_CLIENTE,NOME_CLIENTE,RUA,NUMERO,COMPLEMENTO,SENHA,EMAIL,CPF,IDF_SEXO,IDF_ATIVO) VALUES (244,"RAJA C. CAMACHO","4452 PURUS. ST.",302,"BLOCO B","4042","MALESUADA.MALESUADA@SIT.CA",6155566771,"F","N");
INSERT INTO PIZZARIA.CLIENTE (COD_CLIENTE,NOME_CLIENTE,RUA,NUMERO,COMPLEMENTO,SENHA,EMAIL,CPF,IDF_SEXO,IDF_ATIVO) VALUES (245,"QUYNN Y. GAY","877-6791 ENIM AVE",366,"BLOCO D","5460","LOREM@LACINIAORCICONSECTETUER.ORG",6803036883,"F","S");
INSERT INTO PIZZARIA.CLIENTE (COD_CLIENTE,NOME_CLIENTE,RUA,NUMERO,COMPLEMENTO,SENHA,EMAIL,CPF,IDF_SEXO,IDF_ATIVO) VALUES (246,"ALAN N. JEFFERSON","AP #558-3759 MORBI AVENUE",178,"BLOCO I","9414","ODIO.A.PURUS@ETEUISMOD.CA",7137627487,"F","S");
INSERT INTO PIZZARIA.CLIENTE (COD_CLIENTE,NOME_CLIENTE,RUA,NUMERO,COMPLEMENTO,SENHA,EMAIL,CPF,IDF_SEXO,IDF_ATIVO) VALUES (247,"LEONARD L. HOUSE","P.O. BOX 588, 6623 CURABITUR RD.",221,"BLOCO F","9522","PRIMIS.IN.FAUCIBUS@MAURISMOLESTIEPHARETRA.COM",2742830897,"M","N");
INSERT INTO PIZZARIA.CLIENTE (COD_CLIENTE,NOME_CLIENTE,RUA,NUMERO,COMPLEMENTO,SENHA,EMAIL,CPF,IDF_SEXO,IDF_ATIVO) VALUES (248,"KALIA G. NIEVES","AP #602-111 EST ST.",5,"BLOCO I","8076","IPSUM@NAMINTERDUM.CO.UK",2716361609,"M","S");
INSERT INTO PIZZARIA.CLIENTE (COD_CLIENTE,NOME_CLIENTE,RUA,NUMERO,COMPLEMENTO,SENHA,EMAIL,CPF,IDF_SEXO,IDF_ATIVO) VALUES (249,"EMILY D. PRICE","553-2848 AT RD.",309,"BLOCO E","6102","ERAT.VOLUTPAT.NULLA@ELEMENTUMLOREMUT.ORG",5242774966,"M","S");
INSERT INTO PIZZARIA.CLIENTE (COD_CLIENTE,NOME_CLIENTE,RUA,NUMERO,COMPLEMENTO,SENHA,EMAIL,CPF,IDF_SEXO,IDF_ATIVO) VALUES (250,"GRIFFITH M. CUMMINGS","5167 AT ROAD",371,"BLOCO F","1285","ALIQUAM.EROS@LAOREET.NET",12034931407,"M","S");
INSERT INTO PIZZARIA.CLIENTE (COD_CLIENTE,NOME_CLIENTE,RUA,NUMERO,COMPLEMENTO,SENHA,EMAIL,CPF,IDF_SEXO,IDF_ATIVO) VALUES (251,"KYRA Y. NGUYEN","AP #639-9335 MAURIS, RD.",191,"BLOCO E","2122","DUIS.VOLUTPAT@PLACERATAUGUE.EDU",5028499262,"M","N");
INSERT INTO PIZZARIA.CLIENTE (COD_CLIENTE,NOME_CLIENTE,RUA,NUMERO,COMPLEMENTO,SENHA,EMAIL,CPF,IDF_SEXO,IDF_ATIVO) VALUES (252,"TAYLOR L. VALENZUELA","7096 FEUGIAT ST.",465,"BLOCO D","1815","ALIQUAM@PELLENTESQUEHABITANTMORBI.CA",3562652003,"F","N");
INSERT INTO PIZZARIA.CLIENTE (COD_CLIENTE,NOME_CLIENTE,RUA,NUMERO,COMPLEMENTO,SENHA,EMAIL,CPF,IDF_SEXO,IDF_ATIVO) VALUES (253,"CECILIA E. ALEXANDER","555-3488 EUISMOD AV.",185,"BLOCO E","6531","NULLA.INTERDUM@EGESTAS.NET",10514784205,"M","N");
INSERT INTO PIZZARIA.CLIENTE (COD_CLIENTE,NOME_CLIENTE,RUA,NUMERO,COMPLEMENTO,SENHA,EMAIL,CPF,IDF_SEXO,IDF_ATIVO) VALUES (254,"LEV U. KIM","AP #485-9156 RISUS ST.",429,"BLOCO G","8319","AC.TELLUS.SUSPENDISSE@SAPIEN.EDU",4908400731,"M","S");
INSERT INTO PIZZARIA.CLIENTE (COD_CLIENTE,NOME_CLIENTE,RUA,NUMERO,COMPLEMENTO,SENHA,EMAIL,CPF,IDF_SEXO,IDF_ATIVO) VALUES (255,"SHOSHANA Z. VARGAS","AP #478-5824 EU ST.",111,"BLOCO H","1484","ELIT.A.FEUGIAT@ELEIFENDEGESTAS.NET",10519276481,"M","S");
INSERT INTO PIZZARIA.CLIENTE (COD_CLIENTE,NOME_CLIENTE,RUA,NUMERO,COMPLEMENTO,SENHA,EMAIL,CPF,IDF_SEXO,IDF_ATIVO) VALUES (256,"YOKO Y. SHEPHERD","P.O. BOX 929, 9419 UT, ROAD",334,"BLOCO F","9522","LECTUS@ERATNONUMMYULTRICIES.CA",3373871633,"F","N");
INSERT INTO PIZZARIA.CLIENTE (COD_CLIENTE,NOME_CLIENTE,RUA,NUMERO,COMPLEMENTO,SENHA,EMAIL,CPF,IDF_SEXO,IDF_ATIVO) VALUES (257,"SHANNON F. WOLFE","AP #202-6203 AMET, ST.",193,"BLOCO H","3363","NULLA.TEMPOR@FERMENTUMCONVALLISLIGULA.CO.UK",10935195732,"M","N");
INSERT INTO PIZZARIA.CLIENTE (COD_CLIENTE,NOME_CLIENTE,RUA,NUMERO,COMPLEMENTO,SENHA,EMAIL,CPF,IDF_SEXO,IDF_ATIVO) VALUES (258,"HASAD C. DANIELS","9103 BIBENDUM RD.",266,"BLOCO D","5974","PHASELLUS.IN@PRETIUMET.EDU",10007328098,"F","N");
INSERT INTO PIZZARIA.CLIENTE (COD_CLIENTE,NOME_CLIENTE,RUA,NUMERO,COMPLEMENTO,SENHA,EMAIL,CPF,IDF_SEXO,IDF_ATIVO) VALUES (259,"ILIANA I. MARSHALL","331-1131 VITAE, ROAD",291,"BLOCO E","7131","MAURIS@URNAETARCU.ORG",8384576598,"F","N");
INSERT INTO PIZZARIA.CLIENTE (COD_CLIENTE,NOME_CLIENTE,RUA,NUMERO,COMPLEMENTO,SENHA,EMAIL,CPF,IDF_SEXO,IDF_ATIVO) VALUES (260,"GEOFFREY C. BOND","7887 ETIAM ST.",105,"BLOCO E","3372","SED.DUI.FUSCE@FAUCIBUS.CO.UK",931510354,"F","S");
INSERT INTO PIZZARIA.CLIENTE (COD_CLIENTE,NOME_CLIENTE,RUA,NUMERO,COMPLEMENTO,SENHA,EMAIL,CPF,IDF_SEXO,IDF_ATIVO) VALUES (261,"STACEY G. NOBLE","557-876 ORCI. RD.",132,"BLOCO I","3811","PORTTITOR@ETIAMVESTIBULUMMASSA.CA",5350505615,"M","S");
INSERT INTO PIZZARIA.CLIENTE (COD_CLIENTE,NOME_CLIENTE,RUA,NUMERO,COMPLEMENTO,SENHA,EMAIL,CPF,IDF_SEXO,IDF_ATIVO) VALUES (262,"BECK H. CAMPBELL","AP #793-8949 CRAS RD.",10,"BLOCO J","2279","MORBI@VESTIBULUMMASSARUTRUM.EDU",9644664254,"F","N");
INSERT INTO PIZZARIA.CLIENTE (COD_CLIENTE,NOME_CLIENTE,RUA,NUMERO,COMPLEMENTO,SENHA,EMAIL,CPF,IDF_SEXO,IDF_ATIVO) VALUES (263,"ADENA X. STAFFORD","AP #854-8063 ADIPISCING AVENUE",366,"BLOCO G","4887","NULLA@NONFEUGIAT.CA",9402744950,"M","N");
INSERT INTO PIZZARIA.CLIENTE (COD_CLIENTE,NOME_CLIENTE,RUA,NUMERO,COMPLEMENTO,SENHA,EMAIL,CPF,IDF_SEXO,IDF_ATIVO) VALUES (264,"BREE R. AYERS","AP #428-8798 LEO. AV.",203,"BLOCO E","2885","NUNC@MOLLIS.CO.UK",8511732160,"M","N");
INSERT INTO PIZZARIA.CLIENTE (COD_CLIENTE,NOME_CLIENTE,RUA,NUMERO,COMPLEMENTO,SENHA,EMAIL,CPF,IDF_SEXO,IDF_ATIVO) VALUES (265,"NATHANIEL P. MCCARTY","2668 TELLUS. ST.",127,"BLOCO G","4218","LOREM@CUBILIACURAEDONEC.CO.UK",6944461397,"M","S");
INSERT INTO PIZZARIA.CLIENTE (COD_CLIENTE,NOME_CLIENTE,RUA,NUMERO,COMPLEMENTO,SENHA,EMAIL,CPF,IDF_SEXO,IDF_ATIVO) VALUES (266,"QUYN Y. MANN","399-1693 ERAT RD.",27,"BLOCO G","3417","VEL.ARCU.EU@SITAMETDAPIBUS.ORG",3477063568,"F","N");
INSERT INTO PIZZARIA.CLIENTE (COD_CLIENTE,NOME_CLIENTE,RUA,NUMERO,COMPLEMENTO,SENHA,EMAIL,CPF,IDF_SEXO,IDF_ATIVO) VALUES (267,"ZANE Y. MAYS","825-1896 PHASELLUS ROAD",395,"BLOCO I","4023","NUNC@VULPUTATEULLAMCORPER.ORG",1949540478,"F","S");
INSERT INTO PIZZARIA.CLIENTE (COD_CLIENTE,NOME_CLIENTE,RUA,NUMERO,COMPLEMENTO,SENHA,EMAIL,CPF,IDF_SEXO,IDF_ATIVO) VALUES (268,"BREANNA W. FIGUEROA","3283 CONSEQUAT ROAD",40,"BLOCO J","7649","CONSEQUAT@FRINGILLADONEC.NET",4884665743,"M","S");
INSERT INTO PIZZARIA.CLIENTE (COD_CLIENTE,NOME_CLIENTE,RUA,NUMERO,COMPLEMENTO,SENHA,EMAIL,CPF,IDF_SEXO,IDF_ATIVO) VALUES (269,"BROCK D. POWERS","814-2111 SIT RD.",11,"BLOCO H","1715","SED.LIBERO@VELIT.CO.UK",2432173308,"M","S");
INSERT INTO PIZZARIA.CLIENTE (COD_CLIENTE,NOME_CLIENTE,RUA,NUMERO,COMPLEMENTO,SENHA,EMAIL,CPF,IDF_SEXO,IDF_ATIVO) VALUES (270,"LARISSA N. MCLAUGHLIN","AP #731-7995 ULTRICES ST.",283,"BLOCO G","1648","PHASELLUS.AT.AUGUE@NUNCINAT.NET",8552856392,"F","N");
INSERT INTO PIZZARIA.CLIENTE (COD_CLIENTE,NOME_CLIENTE,RUA,NUMERO,COMPLEMENTO,SENHA,EMAIL,CPF,IDF_SEXO,IDF_ATIVO) VALUES (271,"MELODIE Y. SMALL","P.O. BOX 689, 9568 DUI, AV.",358,"BLOCO I","8729","ANTE.IPSUM@PERCONUBIANOSTRA.EDU",6084069051,"F","S");
INSERT INTO PIZZARIA.CLIENTE (COD_CLIENTE,NOME_CLIENTE,RUA,NUMERO,COMPLEMENTO,SENHA,EMAIL,CPF,IDF_SEXO,IDF_ATIVO) VALUES (272,"RAMONA C. DENNIS","P.O. BOX 146, 5594 NULLA. AVENUE",357,"BLOCO A","8552","RISUS@ORNAREEGESTASLIGULA.ORG",9789819845,"F","S");
INSERT INTO PIZZARIA.CLIENTE (COD_CLIENTE,NOME_CLIENTE,RUA,NUMERO,COMPLEMENTO,SENHA,EMAIL,CPF,IDF_SEXO,IDF_ATIVO) VALUES (273,"LILA G. DYER","272 MOLESTIE ST.",116,"BLOCO G","7841","VARIUS.ORCI@MOLLIS.EDU",549169307,"F","N");
INSERT INTO PIZZARIA.CLIENTE (COD_CLIENTE,NOME_CLIENTE,RUA,NUMERO,COMPLEMENTO,SENHA,EMAIL,CPF,IDF_SEXO,IDF_ATIVO) VALUES (274,"COLTON J. JOSEPH","871-4245 MASSA. AV.",404,"BLOCO F","2455","DIAM.SED@SEMPERERATIN.ORG",84315808,"M","N");
INSERT INTO PIZZARIA.CLIENTE (COD_CLIENTE,NOME_CLIENTE,RUA,NUMERO,COMPLEMENTO,SENHA,EMAIL,CPF,IDF_SEXO,IDF_ATIVO) VALUES (275,"ORLANDO B. HURLEY","P.O. BOX 238, 9192 ACCUMSAN AVE",432,"BLOCO C","1276","ULTRICIES.ADIPISCING@ALIQUAMNEC.ORG",6755913351,"M","S");
INSERT INTO PIZZARIA.CLIENTE (COD_CLIENTE,NOME_CLIENTE,RUA,NUMERO,COMPLEMENTO,SENHA,EMAIL,CPF,IDF_SEXO,IDF_ATIVO) VALUES (276,"LYDIA W. MCGUIRE","AP #130-7241 ELIT. AVE",346,"BLOCO H","4733","LAOREET@PROINVELIT.NET",7110654233,"F","N");
INSERT INTO PIZZARIA.CLIENTE (COD_CLIENTE,NOME_CLIENTE,RUA,NUMERO,COMPLEMENTO,SENHA,EMAIL,CPF,IDF_SEXO,IDF_ATIVO) VALUES (277,"DUSTIN U. WITT","608-4279 MI ROAD",92,"BLOCO E","3539","EST.AC@ET.CA",3257235542,"F","N");
INSERT INTO PIZZARIA.CLIENTE (COD_CLIENTE,NOME_CLIENTE,RUA,NUMERO,COMPLEMENTO,SENHA,EMAIL,CPF,IDF_SEXO,IDF_ATIVO) VALUES (278,"GRIFFITH R. MCFARLAND","4687 TACITI ST.",260,"BLOCO A","5650","IPSUM@NEQUEPELLENTESQUE.CA",8900619337,"M","N");
INSERT INTO PIZZARIA.CLIENTE (COD_CLIENTE,NOME_CLIENTE,RUA,NUMERO,COMPLEMENTO,SENHA,EMAIL,CPF,IDF_SEXO,IDF_ATIVO) VALUES (279,"NELLE W. TOWNSEND","262-1080 LIBERO ST.",176,"BLOCO E","3588","PURUS.MAURIS.A@ULLAMCORPER.NET",2246202596,"F","N");
INSERT INTO PIZZARIA.CLIENTE (COD_CLIENTE,NOME_CLIENTE,RUA,NUMERO,COMPLEMENTO,SENHA,EMAIL,CPF,IDF_SEXO,IDF_ATIVO) VALUES (280,"PERRY S. MAYO","AP #123-8335 EU RD.",291,"BLOCO C","1151","DUI.AUGUE.EU@LACUSMAURISNON.NET",9769988516,"F","S");
INSERT INTO PIZZARIA.CLIENTE (COD_CLIENTE,NOME_CLIENTE,RUA,NUMERO,COMPLEMENTO,SENHA,EMAIL,CPF,IDF_SEXO,IDF_ATIVO) VALUES (281,"ADELE I. WOLF","427-6526 ELEIFEND AVENUE",6,"BLOCO B","3515","DICTUM.ELEIFEND@IDLIBERODONEC.CA",9000695088,"M","S");
INSERT INTO PIZZARIA.CLIENTE (COD_CLIENTE,NOME_CLIENTE,RUA,NUMERO,COMPLEMENTO,SENHA,EMAIL,CPF,IDF_SEXO,IDF_ATIVO) VALUES (282,"JARED U. KING","P.O. BOX 381, 5599 AC ST.",362,"BLOCO E","3381","AENEAN@DIAM.ORG",11944651334,"M","N");
INSERT INTO PIZZARIA.CLIENTE (COD_CLIENTE,NOME_CLIENTE,RUA,NUMERO,COMPLEMENTO,SENHA,EMAIL,CPF,IDF_SEXO,IDF_ATIVO) VALUES (283,"HALEE E. OLIVER","9361 BLANDIT STREET",183,"BLOCO A","5962","VESTIBULUM.NEQUE@AUCTOR.CO.UK",2069065374,"F","S");
INSERT INTO PIZZARIA.CLIENTE (COD_CLIENTE,NOME_CLIENTE,RUA,NUMERO,COMPLEMENTO,SENHA,EMAIL,CPF,IDF_SEXO,IDF_ATIVO) VALUES (284,"ECHO M. EWING","AP #943-7148 LEO, AVE",270,"BLOCO F","5560","NIBH.SIT@MIFELIS.CA",10323618334,"M","S");
INSERT INTO PIZZARIA.CLIENTE (COD_CLIENTE,NOME_CLIENTE,RUA,NUMERO,COMPLEMENTO,SENHA,EMAIL,CPF,IDF_SEXO,IDF_ATIVO) VALUES (285,"XENOS H. NASH","AP #834-8344 ELEMENTUM RD.",485,"BLOCO I","7856","LIBERO@CRASEGETNISI.CO.UK",6060524557,"M","N");
INSERT INTO PIZZARIA.CLIENTE (COD_CLIENTE,NOME_CLIENTE,RUA,NUMERO,COMPLEMENTO,SENHA,EMAIL,CPF,IDF_SEXO,IDF_ATIVO) VALUES (286,"AMIR J. OCHOA","934-4927 METUS STREET",306,"BLOCO C","3548","HENDRERIT.DONEC@LACUS.CA",449796115,"M","N");
INSERT INTO PIZZARIA.CLIENTE (COD_CLIENTE,NOME_CLIENTE,RUA,NUMERO,COMPLEMENTO,SENHA,EMAIL,CPF,IDF_SEXO,IDF_ATIVO) VALUES (287,"FRITZ M. LE","AP #804-8806 IPSUM. AVENUE",406,"BLOCO J","7942","NISL.ARCU.IACULIS@ENIM.NET",12188297455,"M","N");
INSERT INTO PIZZARIA.CLIENTE (COD_CLIENTE,NOME_CLIENTE,RUA,NUMERO,COMPLEMENTO,SENHA,EMAIL,CPF,IDF_SEXO,IDF_ATIVO) VALUES (288,"AMBER K. VANG","AP #172-4954 NON, STREET",24,"BLOCO A","6043","MATTIS@EGETLAOREETPOSUERE.CA",6818648476,"M","S");
INSERT INTO PIZZARIA.CLIENTE (COD_CLIENTE,NOME_CLIENTE,RUA,NUMERO,COMPLEMENTO,SENHA,EMAIL,CPF,IDF_SEXO,IDF_ATIVO) VALUES (289,"AMANDA O. GUTIERREZ","144-4450 PROIN AVE",109,"BLOCO C","8374","NASCETUR@AALIQUET.COM",6560864044,"M","N");
INSERT INTO PIZZARIA.CLIENTE (COD_CLIENTE,NOME_CLIENTE,RUA,NUMERO,COMPLEMENTO,SENHA,EMAIL,CPF,IDF_SEXO,IDF_ATIVO) VALUES (290,"INA F. CARRILLO","P.O. BOX 742, 9785 ALIQUET STREET",5,"BLOCO E","4450","GRAVIDA@LIBERO.CA",1389210837,"M","S");
INSERT INTO PIZZARIA.CLIENTE (COD_CLIENTE,NOME_CLIENTE,RUA,NUMERO,COMPLEMENTO,SENHA,EMAIL,CPF,IDF_SEXO,IDF_ATIVO) VALUES (291,"TAYLOR L. LARSEN","3478 ET AVENUE",463,"BLOCO D","7576","MAURIS.SAPIEN@MOLLIS.CO.UK",89680482,"M","N");
INSERT INTO PIZZARIA.CLIENTE (COD_CLIENTE,NOME_CLIENTE,RUA,NUMERO,COMPLEMENTO,SENHA,EMAIL,CPF,IDF_SEXO,IDF_ATIVO) VALUES (292,"DARYL D. NEWMAN","P.O. BOX 837, 7609 ERAT. AV.",248,"BLOCO H","3192","QUIS@PRETIUM.CA",8695257057,"F","S");
INSERT INTO PIZZARIA.CLIENTE (COD_CLIENTE,NOME_CLIENTE,RUA,NUMERO,COMPLEMENTO,SENHA,EMAIL,CPF,IDF_SEXO,IDF_ATIVO) VALUES (293,"JONAS R. NIELSEN","AP #330-7556 ULLAMCORPER. AVENUE",241,"BLOCO J","1138","QUISQUE.FRINGILLA.EUISMOD@LOREMEUMETUS.ORG",327452713,"M","S");
INSERT INTO PIZZARIA.CLIENTE (COD_CLIENTE,NOME_CLIENTE,RUA,NUMERO,COMPLEMENTO,SENHA,EMAIL,CPF,IDF_SEXO,IDF_ATIVO) VALUES (294,"JOSIAH C. GOODWIN","740-8318 INTEGER ST.",198,"BLOCO D","2435","A.MALESUADA@IDMOLLISNEC.CO.UK",7364572371,"M","N");
INSERT INTO PIZZARIA.CLIENTE (COD_CLIENTE,NOME_CLIENTE,RUA,NUMERO,COMPLEMENTO,SENHA,EMAIL,CPF,IDF_SEXO,IDF_ATIVO) VALUES (295,"CHASTITY Q. BARTLETT","P.O. BOX 370, 3603 DUI. AVE",299,"BLOCO G","5042","URNA.NEC@ALIQUETSEM.COM",2610034589,"F","N");
INSERT INTO PIZZARIA.CLIENTE (COD_CLIENTE,NOME_CLIENTE,RUA,NUMERO,COMPLEMENTO,SENHA,EMAIL,CPF,IDF_SEXO,IDF_ATIVO) VALUES (296,"NOMLANGA A. ROMAN","AP #514-8672 LUCTUS ST.",287,"BLOCO I","6786","TELLUS@LUCTUSVULPUTATENISI.NET",3000297166,"M","N");
INSERT INTO PIZZARIA.CLIENTE (COD_CLIENTE,NOME_CLIENTE,RUA,NUMERO,COMPLEMENTO,SENHA,EMAIL,CPF,IDF_SEXO,IDF_ATIVO) VALUES (297,"HILLARY C. LEVY","P.O. BOX 806, 2188 VULPUTATE, AVE",63,"BLOCO J","5642","UT.ERAT.SED@LIBERONECLIGULA.NET",10252454891,"F","N");
INSERT INTO PIZZARIA.CLIENTE (COD_CLIENTE,NOME_CLIENTE,RUA,NUMERO,COMPLEMENTO,SENHA,EMAIL,CPF,IDF_SEXO,IDF_ATIVO) VALUES (298,"ALINE K. YATES","796-8917 ELIT AV.",266,"BLOCO A","5120","VELIT.CRAS@RUTRUM.EDU",6067452494,"F","N");
INSERT INTO PIZZARIA.CLIENTE (COD_CLIENTE,NOME_CLIENTE,RUA,NUMERO,COMPLEMENTO,SENHA,EMAIL,CPF,IDF_SEXO,IDF_ATIVO) VALUES (299,"NOEL U. WEBSTER","AP #570-8933 ELEMENTUM RD.",425,"BLOCO E","8633","NULLAM.VELIT@LOREM.CO.UK",7583044594,"F","N");
INSERT INTO PIZZARIA.CLIENTE (COD_CLIENTE,NOME_CLIENTE,RUA,NUMERO,COMPLEMENTO,SENHA,EMAIL,CPF,IDF_SEXO,IDF_ATIVO) VALUES (300,"OPRAH B. HARDY","1029 LOBORTIS AVE",291,"BLOCO H","5349","MASSA.QUISQUE.PORTTITOR@MITEMPOR.EDU",9323562141,"F","N");

INSERT INTO PIZZARIA.TELEFONE_CLIENTE (COD_CLIENTE,TELEFONE) VALUES (168,"11624261108");
INSERT INTO PIZZARIA.TELEFONE_CLIENTE (COD_CLIENTE,TELEFONE) VALUES (214,"11602298456");
INSERT INTO PIZZARIA.TELEFONE_CLIENTE (COD_CLIENTE,TELEFONE) VALUES (241,"11758472517");
INSERT INTO PIZZARIA.TELEFONE_CLIENTE (COD_CLIENTE,TELEFONE) VALUES (273,"11900410890");
INSERT INTO PIZZARIA.TELEFONE_CLIENTE (COD_CLIENTE,TELEFONE) VALUES (184,"11407289028");
INSERT INTO PIZZARIA.TELEFONE_CLIENTE (COD_CLIENTE,TELEFONE) VALUES (289,"11673925617");
INSERT INTO PIZZARIA.TELEFONE_CLIENTE (COD_CLIENTE,TELEFONE) VALUES (25,"11434577940");
INSERT INTO PIZZARIA.TELEFONE_CLIENTE (COD_CLIENTE,TELEFONE) VALUES (90,"11238944149");
INSERT INTO PIZZARIA.TELEFONE_CLIENTE (COD_CLIENTE,TELEFONE) VALUES (101,"11130097671");
INSERT INTO PIZZARIA.TELEFONE_CLIENTE (COD_CLIENTE,TELEFONE) VALUES (239,"11668662579");
INSERT INTO PIZZARIA.TELEFONE_CLIENTE (COD_CLIENTE,TELEFONE) VALUES (61,"11662514938");
INSERT INTO PIZZARIA.TELEFONE_CLIENTE (COD_CLIENTE,TELEFONE) VALUES (60,"11273117468");
INSERT INTO PIZZARIA.TELEFONE_CLIENTE (COD_CLIENTE,TELEFONE) VALUES (8,"11694067108");
INSERT INTO PIZZARIA.TELEFONE_CLIENTE (COD_CLIENTE,TELEFONE) VALUES (50,"11643668332");
INSERT INTO PIZZARIA.TELEFONE_CLIENTE (COD_CLIENTE,TELEFONE) VALUES (266,"11614964518");
INSERT INTO PIZZARIA.TELEFONE_CLIENTE (COD_CLIENTE,TELEFONE) VALUES (59,"11681267907");
INSERT INTO PIZZARIA.TELEFONE_CLIENTE (COD_CLIENTE,TELEFONE) VALUES (38,"11250401512");
INSERT INTO PIZZARIA.TELEFONE_CLIENTE (COD_CLIENTE,TELEFONE) VALUES (232,"11319488678");
INSERT INTO PIZZARIA.TELEFONE_CLIENTE (COD_CLIENTE,TELEFONE) VALUES (179,"11497550050");
INSERT INTO PIZZARIA.TELEFONE_CLIENTE (COD_CLIENTE,TELEFONE) VALUES (190,"11448896439");
INSERT INTO PIZZARIA.TELEFONE_CLIENTE (COD_CLIENTE,TELEFONE) VALUES (276,"11922271628");
INSERT INTO PIZZARIA.TELEFONE_CLIENTE (COD_CLIENTE,TELEFONE) VALUES (102,"11113549173");
INSERT INTO PIZZARIA.TELEFONE_CLIENTE (COD_CLIENTE,TELEFONE) VALUES (93,"11239468239");
INSERT INTO PIZZARIA.TELEFONE_CLIENTE (COD_CLIENTE,TELEFONE) VALUES (91,"11687376146");
INSERT INTO PIZZARIA.TELEFONE_CLIENTE (COD_CLIENTE,TELEFONE) VALUES (148,"11567768018");
INSERT INTO PIZZARIA.TELEFONE_CLIENTE (COD_CLIENTE,TELEFONE) VALUES (132,"11318196831");
INSERT INTO PIZZARIA.TELEFONE_CLIENTE (COD_CLIENTE,TELEFONE) VALUES (145,"11111225810");
INSERT INTO PIZZARIA.TELEFONE_CLIENTE (COD_CLIENTE,TELEFONE) VALUES (45,"11836938159");
INSERT INTO PIZZARIA.TELEFONE_CLIENTE (COD_CLIENTE,TELEFONE) VALUES (283,"11784321411");
INSERT INTO PIZZARIA.TELEFONE_CLIENTE (COD_CLIENTE,TELEFONE) VALUES (44,"11718764774");
INSERT INTO PIZZARIA.TELEFONE_CLIENTE (COD_CLIENTE,TELEFONE) VALUES (289,"11243771787");
INSERT INTO PIZZARIA.TELEFONE_CLIENTE (COD_CLIENTE,TELEFONE) VALUES (179,"11269642520");
INSERT INTO PIZZARIA.TELEFONE_CLIENTE (COD_CLIENTE,TELEFONE) VALUES (107,"11687919493");
INSERT INTO PIZZARIA.TELEFONE_CLIENTE (COD_CLIENTE,TELEFONE) VALUES (15,"11446881961");
INSERT INTO PIZZARIA.TELEFONE_CLIENTE (COD_CLIENTE,TELEFONE) VALUES (239,"11745039419");
INSERT INTO PIZZARIA.TELEFONE_CLIENTE (COD_CLIENTE,TELEFONE) VALUES (268,"11260944196");
INSERT INTO PIZZARIA.TELEFONE_CLIENTE (COD_CLIENTE,TELEFONE) VALUES (78,"11198094650");
INSERT INTO PIZZARIA.TELEFONE_CLIENTE (COD_CLIENTE,TELEFONE) VALUES (49,"11436512643");
INSERT INTO PIZZARIA.TELEFONE_CLIENTE (COD_CLIENTE,TELEFONE) VALUES (279,"11699681480");
INSERT INTO PIZZARIA.TELEFONE_CLIENTE (COD_CLIENTE,TELEFONE) VALUES (223,"11380339296");
INSERT INTO PIZZARIA.TELEFONE_CLIENTE (COD_CLIENTE,TELEFONE) VALUES (223,"11869370735");
INSERT INTO PIZZARIA.TELEFONE_CLIENTE (COD_CLIENTE,TELEFONE) VALUES (83,"11946078486");
INSERT INTO PIZZARIA.TELEFONE_CLIENTE (COD_CLIENTE,TELEFONE) VALUES (32,"11855617266");
INSERT INTO PIZZARIA.TELEFONE_CLIENTE (COD_CLIENTE,TELEFONE) VALUES (38,"11634118558");
INSERT INTO PIZZARIA.TELEFONE_CLIENTE (COD_CLIENTE,TELEFONE) VALUES (35,"11838184860");
INSERT INTO PIZZARIA.TELEFONE_CLIENTE (COD_CLIENTE,TELEFONE) VALUES (95,"11994323466");
INSERT INTO PIZZARIA.TELEFONE_CLIENTE (COD_CLIENTE,TELEFONE) VALUES (94,"11357662847");
INSERT INTO PIZZARIA.TELEFONE_CLIENTE (COD_CLIENTE,TELEFONE) VALUES (160,"11566747159");
INSERT INTO PIZZARIA.TELEFONE_CLIENTE (COD_CLIENTE,TELEFONE) VALUES (101,"11968759904");
INSERT INTO PIZZARIA.TELEFONE_CLIENTE (COD_CLIENTE,TELEFONE) VALUES (227,"11369662850");
INSERT INTO PIZZARIA.TELEFONE_CLIENTE (COD_CLIENTE,TELEFONE) VALUES (146,"11414975173");
INSERT INTO PIZZARIA.TELEFONE_CLIENTE (COD_CLIENTE,TELEFONE) VALUES (6,"11302210677");
INSERT INTO PIZZARIA.TELEFONE_CLIENTE (COD_CLIENTE,TELEFONE) VALUES (196,"11413833470");
INSERT INTO PIZZARIA.TELEFONE_CLIENTE (COD_CLIENTE,TELEFONE) VALUES (258,"11805640244");
INSERT INTO PIZZARIA.TELEFONE_CLIENTE (COD_CLIENTE,TELEFONE) VALUES (102,"11626003915");
INSERT INTO PIZZARIA.TELEFONE_CLIENTE (COD_CLIENTE,TELEFONE) VALUES (46,"11464210922");
INSERT INTO PIZZARIA.TELEFONE_CLIENTE (COD_CLIENTE,TELEFONE) VALUES (147,"11265454481");
INSERT INTO PIZZARIA.TELEFONE_CLIENTE (COD_CLIENTE,TELEFONE) VALUES (189,"11929913525");
INSERT INTO PIZZARIA.TELEFONE_CLIENTE (COD_CLIENTE,TELEFONE) VALUES (58,"11478871618");
INSERT INTO PIZZARIA.TELEFONE_CLIENTE (COD_CLIENTE,TELEFONE) VALUES (195,"11608861644");
INSERT INTO PIZZARIA.TELEFONE_CLIENTE (COD_CLIENTE,TELEFONE) VALUES (245,"11898746433");
INSERT INTO PIZZARIA.TELEFONE_CLIENTE (COD_CLIENTE,TELEFONE) VALUES (162,"11454645639");
INSERT INTO PIZZARIA.TELEFONE_CLIENTE (COD_CLIENTE,TELEFONE) VALUES (164,"11574183516");
INSERT INTO PIZZARIA.TELEFONE_CLIENTE (COD_CLIENTE,TELEFONE) VALUES (125,"11384003196");
INSERT INTO PIZZARIA.TELEFONE_CLIENTE (COD_CLIENTE,TELEFONE) VALUES (159,"11932484087");
INSERT INTO PIZZARIA.TELEFONE_CLIENTE (COD_CLIENTE,TELEFONE) VALUES (178,"11695259145");
INSERT INTO PIZZARIA.TELEFONE_CLIENTE (COD_CLIENTE,TELEFONE) VALUES (90,"11509789499");
INSERT INTO PIZZARIA.TELEFONE_CLIENTE (COD_CLIENTE,TELEFONE) VALUES (276,"11203797713");
INSERT INTO PIZZARIA.TELEFONE_CLIENTE (COD_CLIENTE,TELEFONE) VALUES (74,"11455408712");
INSERT INTO PIZZARIA.TELEFONE_CLIENTE (COD_CLIENTE,TELEFONE) VALUES (143,"11587184465");
INSERT INTO PIZZARIA.TELEFONE_CLIENTE (COD_CLIENTE,TELEFONE) VALUES (63,"11215070816");
INSERT INTO PIZZARIA.TELEFONE_CLIENTE (COD_CLIENTE,TELEFONE) VALUES (123,"11615604752");
INSERT INTO PIZZARIA.TELEFONE_CLIENTE (COD_CLIENTE,TELEFONE) VALUES (197,"11730123435");
INSERT INTO PIZZARIA.TELEFONE_CLIENTE (COD_CLIENTE,TELEFONE) VALUES (39,"11934868383");
INSERT INTO PIZZARIA.TELEFONE_CLIENTE (COD_CLIENTE,TELEFONE) VALUES (170,"11520777938");
INSERT INTO PIZZARIA.TELEFONE_CLIENTE (COD_CLIENTE,TELEFONE) VALUES (265,"11374802169");
INSERT INTO PIZZARIA.TELEFONE_CLIENTE (COD_CLIENTE,TELEFONE) VALUES (199,"11272950171");
INSERT INTO PIZZARIA.TELEFONE_CLIENTE (COD_CLIENTE,TELEFONE) VALUES (247,"11888210302");
INSERT INTO PIZZARIA.TELEFONE_CLIENTE (COD_CLIENTE,TELEFONE) VALUES (173,"11849168171");
INSERT INTO PIZZARIA.TELEFONE_CLIENTE (COD_CLIENTE,TELEFONE) VALUES (98,"11235696538");
INSERT INTO PIZZARIA.TELEFONE_CLIENTE (COD_CLIENTE,TELEFONE) VALUES (6,"11236691609");
INSERT INTO PIZZARIA.TELEFONE_CLIENTE (COD_CLIENTE,TELEFONE) VALUES (113,"11796968175");
INSERT INTO PIZZARIA.TELEFONE_CLIENTE (COD_CLIENTE,TELEFONE) VALUES (121,"11110638934");
INSERT INTO PIZZARIA.TELEFONE_CLIENTE (COD_CLIENTE,TELEFONE) VALUES (151,"11478795447");
INSERT INTO PIZZARIA.TELEFONE_CLIENTE (COD_CLIENTE,TELEFONE) VALUES (49,"11446641990");
INSERT INTO PIZZARIA.TELEFONE_CLIENTE (COD_CLIENTE,TELEFONE) VALUES (163,"11374949890");
INSERT INTO PIZZARIA.TELEFONE_CLIENTE (COD_CLIENTE,TELEFONE) VALUES (156,"11211762589");
INSERT INTO PIZZARIA.TELEFONE_CLIENTE (COD_CLIENTE,TELEFONE) VALUES (190,"11352815223");
INSERT INTO PIZZARIA.TELEFONE_CLIENTE (COD_CLIENTE,TELEFONE) VALUES (19,"11644546776");
INSERT INTO PIZZARIA.TELEFONE_CLIENTE (COD_CLIENTE,TELEFONE) VALUES (275,"11489850589");
INSERT INTO PIZZARIA.TELEFONE_CLIENTE (COD_CLIENTE,TELEFONE) VALUES (165,"11909531845");
INSERT INTO PIZZARIA.TELEFONE_CLIENTE (COD_CLIENTE,TELEFONE) VALUES (184,"11999101849");
INSERT INTO PIZZARIA.TELEFONE_CLIENTE (COD_CLIENTE,TELEFONE) VALUES (40,"11722585426");
INSERT INTO PIZZARIA.TELEFONE_CLIENTE (COD_CLIENTE,TELEFONE) VALUES (98,"11369661201");
INSERT INTO PIZZARIA.TELEFONE_CLIENTE (COD_CLIENTE,TELEFONE) VALUES (128,"11653913593");
INSERT INTO PIZZARIA.TELEFONE_CLIENTE (COD_CLIENTE,TELEFONE) VALUES (247,"11678954021");
INSERT INTO PIZZARIA.TELEFONE_CLIENTE (COD_CLIENTE,TELEFONE) VALUES (163,"11633421551");
INSERT INTO PIZZARIA.TELEFONE_CLIENTE (COD_CLIENTE,TELEFONE) VALUES (54,"11802825929");
INSERT INTO PIZZARIA.TELEFONE_CLIENTE (COD_CLIENTE,TELEFONE) VALUES (281,"11388961085");
INSERT INTO PIZZARIA.TELEFONE_CLIENTE (COD_CLIENTE,TELEFONE) VALUES (261,"11489235340");
INSERT INTO PIZZARIA.TELEFONE_CLIENTE (COD_CLIENTE,TELEFONE) VALUES (25,"11286289988");
INSERT INTO PIZZARIA.TELEFONE_CLIENTE (COD_CLIENTE,TELEFONE) VALUES (17,"11293299613");
INSERT INTO PIZZARIA.TELEFONE_CLIENTE (COD_CLIENTE,TELEFONE) VALUES (115,"11718467125");
INSERT INTO PIZZARIA.TELEFONE_CLIENTE (COD_CLIENTE,TELEFONE) VALUES (203,"11976533193");
INSERT INTO PIZZARIA.TELEFONE_CLIENTE (COD_CLIENTE,TELEFONE) VALUES (188,"11198540937");
INSERT INTO PIZZARIA.TELEFONE_CLIENTE (COD_CLIENTE,TELEFONE) VALUES (79,"11927623090");
INSERT INTO PIZZARIA.TELEFONE_CLIENTE (COD_CLIENTE,TELEFONE) VALUES (148,"11772617803");
INSERT INTO PIZZARIA.TELEFONE_CLIENTE (COD_CLIENTE,TELEFONE) VALUES (122,"11880061702");
INSERT INTO PIZZARIA.TELEFONE_CLIENTE (COD_CLIENTE,TELEFONE) VALUES (7,"11833647231");
INSERT INTO PIZZARIA.TELEFONE_CLIENTE (COD_CLIENTE,TELEFONE) VALUES (19,"11780717395");
INSERT INTO PIZZARIA.TELEFONE_CLIENTE (COD_CLIENTE,TELEFONE) VALUES (255,"11330082239");
INSERT INTO PIZZARIA.TELEFONE_CLIENTE (COD_CLIENTE,TELEFONE) VALUES (194,"11317759323");
INSERT INTO PIZZARIA.TELEFONE_CLIENTE (COD_CLIENTE,TELEFONE) VALUES (181,"11133322609");
INSERT INTO PIZZARIA.TELEFONE_CLIENTE (COD_CLIENTE,TELEFONE) VALUES (2,"11487051524");
INSERT INTO PIZZARIA.TELEFONE_CLIENTE (COD_CLIENTE,TELEFONE) VALUES (221,"11662160258");
INSERT INTO PIZZARIA.TELEFONE_CLIENTE (COD_CLIENTE,TELEFONE) VALUES (123,"11512469908");
INSERT INTO PIZZARIA.TELEFONE_CLIENTE (COD_CLIENTE,TELEFONE) VALUES (152,"11786365095");
INSERT INTO PIZZARIA.TELEFONE_CLIENTE (COD_CLIENTE,TELEFONE) VALUES (2,"11104907244");
INSERT INTO PIZZARIA.TELEFONE_CLIENTE (COD_CLIENTE,TELEFONE) VALUES (215,"11181037408");
INSERT INTO PIZZARIA.TELEFONE_CLIENTE (COD_CLIENTE,TELEFONE) VALUES (283,"11562190333");
INSERT INTO PIZZARIA.TELEFONE_CLIENTE (COD_CLIENTE,TELEFONE) VALUES (72,"11583820564");
INSERT INTO PIZZARIA.TELEFONE_CLIENTE (COD_CLIENTE,TELEFONE) VALUES (274,"11476289861");
INSERT INTO PIZZARIA.TELEFONE_CLIENTE (COD_CLIENTE,TELEFONE) VALUES (139,"11928160014");
INSERT INTO PIZZARIA.TELEFONE_CLIENTE (COD_CLIENTE,TELEFONE) VALUES (96,"11525409963");
INSERT INTO PIZZARIA.TELEFONE_CLIENTE (COD_CLIENTE,TELEFONE) VALUES (240,"11740811090");
INSERT INTO PIZZARIA.TELEFONE_CLIENTE (COD_CLIENTE,TELEFONE) VALUES (3,"11722796629");
INSERT INTO PIZZARIA.TELEFONE_CLIENTE (COD_CLIENTE,TELEFONE) VALUES (161,"11428037101");
INSERT INTO PIZZARIA.TELEFONE_CLIENTE (COD_CLIENTE,TELEFONE) VALUES (92,"11196594316");
INSERT INTO PIZZARIA.TELEFONE_CLIENTE (COD_CLIENTE,TELEFONE) VALUES (260,"11184045698");
INSERT INTO PIZZARIA.TELEFONE_CLIENTE (COD_CLIENTE,TELEFONE) VALUES (241,"11892530894");
INSERT INTO PIZZARIA.TELEFONE_CLIENTE (COD_CLIENTE,TELEFONE) VALUES (187,"11561594164");
INSERT INTO PIZZARIA.TELEFONE_CLIENTE (COD_CLIENTE,TELEFONE) VALUES (210,"11986826478");
INSERT INTO PIZZARIA.TELEFONE_CLIENTE (COD_CLIENTE,TELEFONE) VALUES (145,"11496312014");
INSERT INTO PIZZARIA.TELEFONE_CLIENTE (COD_CLIENTE,TELEFONE) VALUES (35,"11261701669");
INSERT INTO PIZZARIA.TELEFONE_CLIENTE (COD_CLIENTE,TELEFONE) VALUES (66,"11246816989");
INSERT INTO PIZZARIA.TELEFONE_CLIENTE (COD_CLIENTE,TELEFONE) VALUES (152,"11364856470");
INSERT INTO PIZZARIA.TELEFONE_CLIENTE (COD_CLIENTE,TELEFONE) VALUES (198,"11676067394");
INSERT INTO PIZZARIA.TELEFONE_CLIENTE (COD_CLIENTE,TELEFONE) VALUES (136,"11229772211");
INSERT INTO PIZZARIA.TELEFONE_CLIENTE (COD_CLIENTE,TELEFONE) VALUES (79,"11325342307");
INSERT INTO PIZZARIA.TELEFONE_CLIENTE (COD_CLIENTE,TELEFONE) VALUES (145,"11387300119");
INSERT INTO PIZZARIA.TELEFONE_CLIENTE (COD_CLIENTE,TELEFONE) VALUES (264,"11528555414");
INSERT INTO PIZZARIA.TELEFONE_CLIENTE (COD_CLIENTE,TELEFONE) VALUES (137,"11752500896");
INSERT INTO PIZZARIA.TELEFONE_CLIENTE (COD_CLIENTE,TELEFONE) VALUES (194,"11328117933");
INSERT INTO PIZZARIA.TELEFONE_CLIENTE (COD_CLIENTE,TELEFONE) VALUES (95,"11919209122");
INSERT INTO PIZZARIA.TELEFONE_CLIENTE (COD_CLIENTE,TELEFONE) VALUES (65,"11652055855");
INSERT INTO PIZZARIA.TELEFONE_CLIENTE (COD_CLIENTE,TELEFONE) VALUES (112,"11889589243");
INSERT INTO PIZZARIA.TELEFONE_CLIENTE (COD_CLIENTE,TELEFONE) VALUES (109,"11759307048");
INSERT INTO PIZZARIA.TELEFONE_CLIENTE (COD_CLIENTE,TELEFONE) VALUES (42,"11654807409");
INSERT INTO PIZZARIA.TELEFONE_CLIENTE (COD_CLIENTE,TELEFONE) VALUES (118,"11552012840");
INSERT INTO PIZZARIA.TELEFONE_CLIENTE (COD_CLIENTE,TELEFONE) VALUES (175,"11142471707");
INSERT INTO PIZZARIA.TELEFONE_CLIENTE (COD_CLIENTE,TELEFONE) VALUES (289,"11494187506");
INSERT INTO PIZZARIA.TELEFONE_CLIENTE (COD_CLIENTE,TELEFONE) VALUES (25,"11881598190");
INSERT INTO PIZZARIA.TELEFONE_CLIENTE (COD_CLIENTE,TELEFONE) VALUES (178,"11874016984");
INSERT INTO PIZZARIA.TELEFONE_CLIENTE (COD_CLIENTE,TELEFONE) VALUES (252,"11844086044");
INSERT INTO PIZZARIA.TELEFONE_CLIENTE (COD_CLIENTE,TELEFONE) VALUES (11,"11334155251");
INSERT INTO PIZZARIA.TELEFONE_CLIENTE (COD_CLIENTE,TELEFONE) VALUES (24,"11749631940");
INSERT INTO PIZZARIA.TELEFONE_CLIENTE (COD_CLIENTE,TELEFONE) VALUES (130,"11879906560");
INSERT INTO PIZZARIA.TELEFONE_CLIENTE (COD_CLIENTE,TELEFONE) VALUES (62,"11315562826");
INSERT INTO PIZZARIA.TELEFONE_CLIENTE (COD_CLIENTE,TELEFONE) VALUES (1,"11239864151");
INSERT INTO PIZZARIA.TELEFONE_CLIENTE (COD_CLIENTE,TELEFONE) VALUES (227,"11812113261");
INSERT INTO PIZZARIA.TELEFONE_CLIENTE (COD_CLIENTE,TELEFONE) VALUES (135,"11101707154");
INSERT INTO PIZZARIA.TELEFONE_CLIENTE (COD_CLIENTE,TELEFONE) VALUES (70,"11270556202");
INSERT INTO PIZZARIA.TELEFONE_CLIENTE (COD_CLIENTE,TELEFONE) VALUES (48,"11964727957");
INSERT INTO PIZZARIA.TELEFONE_CLIENTE (COD_CLIENTE,TELEFONE) VALUES (3,"11577540803");
INSERT INTO PIZZARIA.TELEFONE_CLIENTE (COD_CLIENTE,TELEFONE) VALUES (205,"11525764063");
INSERT INTO PIZZARIA.TELEFONE_CLIENTE (COD_CLIENTE,TELEFONE) VALUES (194,"11983760626");
INSERT INTO PIZZARIA.TELEFONE_CLIENTE (COD_CLIENTE,TELEFONE) VALUES (273,"11896143739");
INSERT INTO PIZZARIA.TELEFONE_CLIENTE (COD_CLIENTE,TELEFONE) VALUES (274,"11100682279");
INSERT INTO PIZZARIA.TELEFONE_CLIENTE (COD_CLIENTE,TELEFONE) VALUES (5,"11954568393");
INSERT INTO PIZZARIA.TELEFONE_CLIENTE (COD_CLIENTE,TELEFONE) VALUES (181,"11177343389");
INSERT INTO PIZZARIA.TELEFONE_CLIENTE (COD_CLIENTE,TELEFONE) VALUES (264,"11882602824");
INSERT INTO PIZZARIA.TELEFONE_CLIENTE (COD_CLIENTE,TELEFONE) VALUES (148,"11755454978");
INSERT INTO PIZZARIA.TELEFONE_CLIENTE (COD_CLIENTE,TELEFONE) VALUES (198,"11454874462");
INSERT INTO PIZZARIA.TELEFONE_CLIENTE (COD_CLIENTE,TELEFONE) VALUES (192,"11991168614");
INSERT INTO PIZZARIA.TELEFONE_CLIENTE (COD_CLIENTE,TELEFONE) VALUES (12,"11770913491");
INSERT INTO PIZZARIA.TELEFONE_CLIENTE (COD_CLIENTE,TELEFONE) VALUES (74,"11737788498");
INSERT INTO PIZZARIA.TELEFONE_CLIENTE (COD_CLIENTE,TELEFONE) VALUES (91,"11225939515");
INSERT INTO PIZZARIA.TELEFONE_CLIENTE (COD_CLIENTE,TELEFONE) VALUES (259,"11444887181");
INSERT INTO PIZZARIA.TELEFONE_CLIENTE (COD_CLIENTE,TELEFONE) VALUES (105,"11599589469");
INSERT INTO PIZZARIA.TELEFONE_CLIENTE (COD_CLIENTE,TELEFONE) VALUES (253,"11899453285");
INSERT INTO PIZZARIA.TELEFONE_CLIENTE (COD_CLIENTE,TELEFONE) VALUES (250,"11437315878");
INSERT INTO PIZZARIA.TELEFONE_CLIENTE (COD_CLIENTE,TELEFONE) VALUES (48,"11549885158");
INSERT INTO PIZZARIA.TELEFONE_CLIENTE (COD_CLIENTE,TELEFONE) VALUES (199,"11319061486");
INSERT INTO PIZZARIA.TELEFONE_CLIENTE (COD_CLIENTE,TELEFONE) VALUES (87,"11849408323");
INSERT INTO PIZZARIA.TELEFONE_CLIENTE (COD_CLIENTE,TELEFONE) VALUES (66,"11929774573");
INSERT INTO PIZZARIA.TELEFONE_CLIENTE (COD_CLIENTE,TELEFONE) VALUES (275,"11600850313");
INSERT INTO PIZZARIA.TELEFONE_CLIENTE (COD_CLIENTE,TELEFONE) VALUES (163,"11814438129");
INSERT INTO PIZZARIA.TELEFONE_CLIENTE (COD_CLIENTE,TELEFONE) VALUES (61,"11358520664");
INSERT INTO PIZZARIA.TELEFONE_CLIENTE (COD_CLIENTE,TELEFONE) VALUES (202,"11521327124");
INSERT INTO PIZZARIA.TELEFONE_CLIENTE (COD_CLIENTE,TELEFONE) VALUES (43,"11787409359");
INSERT INTO PIZZARIA.TELEFONE_CLIENTE (COD_CLIENTE,TELEFONE) VALUES (34,"11702633483");
INSERT INTO PIZZARIA.TELEFONE_CLIENTE (COD_CLIENTE,TELEFONE) VALUES (166,"11870143080");
INSERT INTO PIZZARIA.TELEFONE_CLIENTE (COD_CLIENTE,TELEFONE) VALUES (196,"11541972956");
INSERT INTO PIZZARIA.TELEFONE_CLIENTE (COD_CLIENTE,TELEFONE) VALUES (85,"11580913304");
INSERT INTO PIZZARIA.TELEFONE_CLIENTE (COD_CLIENTE,TELEFONE) VALUES (283,"11884343298");
INSERT INTO PIZZARIA.TELEFONE_CLIENTE (COD_CLIENTE,TELEFONE) VALUES (127,"11452616175");
INSERT INTO PIZZARIA.TELEFONE_CLIENTE (COD_CLIENTE,TELEFONE) VALUES (190,"11322019583");
INSERT INTO PIZZARIA.TELEFONE_CLIENTE (COD_CLIENTE,TELEFONE) VALUES (199,"11378506630");
INSERT INTO PIZZARIA.TELEFONE_CLIENTE (COD_CLIENTE,TELEFONE) VALUES (43,"11338897017");
INSERT INTO PIZZARIA.TELEFONE_CLIENTE (COD_CLIENTE,TELEFONE) VALUES (269,"11138101692");
INSERT INTO PIZZARIA.TELEFONE_CLIENTE (COD_CLIENTE,TELEFONE) VALUES (114,"11841165320");
INSERT INTO PIZZARIA.TELEFONE_CLIENTE (COD_CLIENTE,TELEFONE) VALUES (198,"11921769202");
INSERT INTO PIZZARIA.TELEFONE_CLIENTE (COD_CLIENTE,TELEFONE) VALUES (284,"11427811467");
INSERT INTO PIZZARIA.TELEFONE_CLIENTE (COD_CLIENTE,TELEFONE) VALUES (142,"11940652871");
INSERT INTO PIZZARIA.TELEFONE_CLIENTE (COD_CLIENTE,TELEFONE) VALUES (230,"11851650541");
INSERT INTO PIZZARIA.TELEFONE_CLIENTE (COD_CLIENTE,TELEFONE) VALUES (74,"11981100701");
INSERT INTO PIZZARIA.TELEFONE_CLIENTE (COD_CLIENTE,TELEFONE) VALUES (38,"11215798305");
INSERT INTO PIZZARIA.TELEFONE_CLIENTE (COD_CLIENTE,TELEFONE) VALUES (16,"11353553850");
INSERT INTO PIZZARIA.TELEFONE_CLIENTE (COD_CLIENTE,TELEFONE) VALUES (28,"11829626649");
INSERT INTO PIZZARIA.TELEFONE_CLIENTE (COD_CLIENTE,TELEFONE) VALUES (137,"11626632032");
INSERT INTO PIZZARIA.TELEFONE_CLIENTE (COD_CLIENTE,TELEFONE) VALUES (256,"11885001464");
INSERT INTO PIZZARIA.TELEFONE_CLIENTE (COD_CLIENTE,TELEFONE) VALUES (30,"11170417386");
INSERT INTO PIZZARIA.TELEFONE_CLIENTE (COD_CLIENTE,TELEFONE) VALUES (184,"11300710721");
INSERT INTO PIZZARIA.TELEFONE_CLIENTE (COD_CLIENTE,TELEFONE) VALUES (7,"11671275305");
INSERT INTO PIZZARIA.TELEFONE_CLIENTE (COD_CLIENTE,TELEFONE) VALUES (71,"11234592319");
INSERT INTO PIZZARIA.TELEFONE_CLIENTE (COD_CLIENTE,TELEFONE) VALUES (10,"11942841683");
INSERT INTO PIZZARIA.TELEFONE_CLIENTE (COD_CLIENTE,TELEFONE) VALUES (110,"11263279723");
INSERT INTO PIZZARIA.TELEFONE_CLIENTE (COD_CLIENTE,TELEFONE) VALUES (4,"11793410752");
INSERT INTO PIZZARIA.TELEFONE_CLIENTE (COD_CLIENTE,TELEFONE) VALUES (186,"11199724328");
INSERT INTO PIZZARIA.TELEFONE_CLIENTE (COD_CLIENTE,TELEFONE) VALUES (135,"11771105377");
INSERT INTO PIZZARIA.TELEFONE_CLIENTE (COD_CLIENTE,TELEFONE) VALUES (270,"11536532914");
INSERT INTO PIZZARIA.TELEFONE_CLIENTE (COD_CLIENTE,TELEFONE) VALUES (243,"11922082619");
INSERT INTO PIZZARIA.TELEFONE_CLIENTE (COD_CLIENTE,TELEFONE) VALUES (293,"11521949672");
INSERT INTO PIZZARIA.TELEFONE_CLIENTE (COD_CLIENTE,TELEFONE) VALUES (31,"11668789749");
INSERT INTO PIZZARIA.TELEFONE_CLIENTE (COD_CLIENTE,TELEFONE) VALUES (168,"11116292578");
INSERT INTO PIZZARIA.TELEFONE_CLIENTE (COD_CLIENTE,TELEFONE) VALUES (64,"11227174149");
INSERT INTO PIZZARIA.TELEFONE_CLIENTE (COD_CLIENTE,TELEFONE) VALUES (35,"11934976323");
INSERT INTO PIZZARIA.TELEFONE_CLIENTE (COD_CLIENTE,TELEFONE) VALUES (69,"11192373686");
INSERT INTO PIZZARIA.TELEFONE_CLIENTE (COD_CLIENTE,TELEFONE) VALUES (124,"11573013631");
INSERT INTO PIZZARIA.TELEFONE_CLIENTE (COD_CLIENTE,TELEFONE) VALUES (131,"11290427094");
INSERT INTO PIZZARIA.TELEFONE_CLIENTE (COD_CLIENTE,TELEFONE) VALUES (62,"11569104415");
INSERT INTO PIZZARIA.TELEFONE_CLIENTE (COD_CLIENTE,TELEFONE) VALUES (124,"11414105014");
INSERT INTO PIZZARIA.TELEFONE_CLIENTE (COD_CLIENTE,TELEFONE) VALUES (120,"11238568788");
INSERT INTO PIZZARIA.TELEFONE_CLIENTE (COD_CLIENTE,TELEFONE) VALUES (16,"11715241607");
INSERT INTO PIZZARIA.TELEFONE_CLIENTE (COD_CLIENTE,TELEFONE) VALUES (116,"11526308388");
INSERT INTO PIZZARIA.TELEFONE_CLIENTE (COD_CLIENTE,TELEFONE) VALUES (232,"11929318010");
INSERT INTO PIZZARIA.TELEFONE_CLIENTE (COD_CLIENTE,TELEFONE) VALUES (216,"11296329811");
INSERT INTO PIZZARIA.TELEFONE_CLIENTE (COD_CLIENTE,TELEFONE) VALUES (174,"11675497778");
INSERT INTO PIZZARIA.TELEFONE_CLIENTE (COD_CLIENTE,TELEFONE) VALUES (287,"11187442646");
INSERT INTO PIZZARIA.TELEFONE_CLIENTE (COD_CLIENTE,TELEFONE) VALUES (145,"11552193539");
INSERT INTO PIZZARIA.TELEFONE_CLIENTE (COD_CLIENTE,TELEFONE) VALUES (2,"11779785229");
INSERT INTO PIZZARIA.TELEFONE_CLIENTE (COD_CLIENTE,TELEFONE) VALUES (178,"11658197710");
INSERT INTO PIZZARIA.TELEFONE_CLIENTE (COD_CLIENTE,TELEFONE) VALUES (271,"11551941410");
INSERT INTO PIZZARIA.TELEFONE_CLIENTE (COD_CLIENTE,TELEFONE) VALUES (253,"11831044369");
INSERT INTO PIZZARIA.TELEFONE_CLIENTE (COD_CLIENTE,TELEFONE) VALUES (212,"11875360067");
INSERT INTO PIZZARIA.TELEFONE_CLIENTE (COD_CLIENTE,TELEFONE) VALUES (155,"11508387104");
INSERT INTO PIZZARIA.TELEFONE_CLIENTE (COD_CLIENTE,TELEFONE) VALUES (125,"11385811413");
INSERT INTO PIZZARIA.TELEFONE_CLIENTE (COD_CLIENTE,TELEFONE) VALUES (84,"11835363037");
INSERT INTO PIZZARIA.TELEFONE_CLIENTE (COD_CLIENTE,TELEFONE) VALUES (23,"11151645410");
INSERT INTO PIZZARIA.TELEFONE_CLIENTE (COD_CLIENTE,TELEFONE) VALUES (131,"11643778171");
INSERT INTO PIZZARIA.TELEFONE_CLIENTE (COD_CLIENTE,TELEFONE) VALUES (258,"11917035708");
INSERT INTO PIZZARIA.TELEFONE_CLIENTE (COD_CLIENTE,TELEFONE) VALUES (209,"11494595753");
INSERT INTO PIZZARIA.TELEFONE_CLIENTE (COD_CLIENTE,TELEFONE) VALUES (99,"11298983679");
INSERT INTO PIZZARIA.TELEFONE_CLIENTE (COD_CLIENTE,TELEFONE) VALUES (2,"11314373276");
INSERT INTO PIZZARIA.TELEFONE_CLIENTE (COD_CLIENTE,TELEFONE) VALUES (252,"11977792711");
INSERT INTO PIZZARIA.TELEFONE_CLIENTE (COD_CLIENTE,TELEFONE) VALUES (60,"11826768470");
INSERT INTO PIZZARIA.TELEFONE_CLIENTE (COD_CLIENTE,TELEFONE) VALUES (276,"11153197180");
INSERT INTO PIZZARIA.TELEFONE_CLIENTE (COD_CLIENTE,TELEFONE) VALUES (42,"11247596438");
INSERT INTO PIZZARIA.TELEFONE_CLIENTE (COD_CLIENTE,TELEFONE) VALUES (232,"11570068398");
INSERT INTO PIZZARIA.TELEFONE_CLIENTE (COD_CLIENTE,TELEFONE) VALUES (139,"11786039971");
INSERT INTO PIZZARIA.TELEFONE_CLIENTE (COD_CLIENTE,TELEFONE) VALUES (174,"11858590223");
INSERT INTO PIZZARIA.TELEFONE_CLIENTE (COD_CLIENTE,TELEFONE) VALUES (193,"11332977508");
INSERT INTO PIZZARIA.TELEFONE_CLIENTE (COD_CLIENTE,TELEFONE) VALUES (140,"11372955468");
INSERT INTO PIZZARIA.TELEFONE_CLIENTE (COD_CLIENTE,TELEFONE) VALUES (97,"11788281232");
INSERT INTO PIZZARIA.TELEFONE_CLIENTE (COD_CLIENTE,TELEFONE) VALUES (280,"11960275076");
INSERT INTO PIZZARIA.TELEFONE_CLIENTE (COD_CLIENTE,TELEFONE) VALUES (10,"11803558044");
INSERT INTO PIZZARIA.TELEFONE_CLIENTE (COD_CLIENTE,TELEFONE) VALUES (153,"11439936195");
INSERT INTO PIZZARIA.TELEFONE_CLIENTE (COD_CLIENTE,TELEFONE) VALUES (25,"11472854556");
INSERT INTO PIZZARIA.TELEFONE_CLIENTE (COD_CLIENTE,TELEFONE) VALUES (213,"11423023505");
INSERT INTO PIZZARIA.TELEFONE_CLIENTE (COD_CLIENTE,TELEFONE) VALUES (214,"11948744048");
INSERT INTO PIZZARIA.TELEFONE_CLIENTE (COD_CLIENTE,TELEFONE) VALUES (133,"11198713840");
INSERT INTO PIZZARIA.TELEFONE_CLIENTE (COD_CLIENTE,TELEFONE) VALUES (72,"11753217940");
INSERT INTO PIZZARIA.TELEFONE_CLIENTE (COD_CLIENTE,TELEFONE) VALUES (49,"11113485090");
INSERT INTO PIZZARIA.TELEFONE_CLIENTE (COD_CLIENTE,TELEFONE) VALUES (207,"11681379112");
INSERT INTO PIZZARIA.TELEFONE_CLIENTE (COD_CLIENTE,TELEFONE) VALUES (80,"11296054272");
INSERT INTO PIZZARIA.TELEFONE_CLIENTE (COD_CLIENTE,TELEFONE) VALUES (133,"11753156277");
INSERT INTO PIZZARIA.TELEFONE_CLIENTE (COD_CLIENTE,TELEFONE) VALUES (233,"11310808325");
INSERT INTO PIZZARIA.TELEFONE_CLIENTE (COD_CLIENTE,TELEFONE) VALUES (50,"11570078793");
INSERT INTO PIZZARIA.TELEFONE_CLIENTE (COD_CLIENTE,TELEFONE) VALUES (208,"11819475520");
INSERT INTO PIZZARIA.TELEFONE_CLIENTE (COD_CLIENTE,TELEFONE) VALUES (182,"11439947400");
INSERT INTO PIZZARIA.TELEFONE_CLIENTE (COD_CLIENTE,TELEFONE) VALUES (79,"11945758628");
INSERT INTO PIZZARIA.TELEFONE_CLIENTE (COD_CLIENTE,TELEFONE) VALUES (44,"11954882684");
INSERT INTO PIZZARIA.TELEFONE_CLIENTE (COD_CLIENTE,TELEFONE) VALUES (151,"11718251847");
INSERT INTO PIZZARIA.TELEFONE_CLIENTE (COD_CLIENTE,TELEFONE) VALUES (21,"11202921271");
INSERT INTO PIZZARIA.TELEFONE_CLIENTE (COD_CLIENTE,TELEFONE) VALUES (221,"11315995133");
INSERT INTO PIZZARIA.TELEFONE_CLIENTE (COD_CLIENTE,TELEFONE) VALUES (182,"11391527669");
INSERT INTO PIZZARIA.TELEFONE_CLIENTE (COD_CLIENTE,TELEFONE) VALUES (274,"11228954637");
INSERT INTO PIZZARIA.TELEFONE_CLIENTE (COD_CLIENTE,TELEFONE) VALUES (87,"11262183167");
INSERT INTO PIZZARIA.TELEFONE_CLIENTE (COD_CLIENTE,TELEFONE) VALUES (259,"11871578299");
INSERT INTO PIZZARIA.TELEFONE_CLIENTE (COD_CLIENTE,TELEFONE) VALUES (38,"11476700573");
INSERT INTO PIZZARIA.TELEFONE_CLIENTE (COD_CLIENTE,TELEFONE) VALUES (96,"11963193358");
INSERT INTO PIZZARIA.TELEFONE_CLIENTE (COD_CLIENTE,TELEFONE) VALUES (84,"11821367823");
INSERT INTO PIZZARIA.TELEFONE_CLIENTE (COD_CLIENTE,TELEFONE) VALUES (177,"11991728284");
INSERT INTO PIZZARIA.TELEFONE_CLIENTE (COD_CLIENTE,TELEFONE) VALUES (130,"11512389811");
INSERT INTO PIZZARIA.TELEFONE_CLIENTE (COD_CLIENTE,TELEFONE) VALUES (150,"11559960067");
INSERT INTO PIZZARIA.TELEFONE_CLIENTE (COD_CLIENTE,TELEFONE) VALUES (227,"11796565321");
INSERT INTO PIZZARIA.TELEFONE_CLIENTE (COD_CLIENTE,TELEFONE) VALUES (241,"11180759333");
INSERT INTO PIZZARIA.TELEFONE_CLIENTE (COD_CLIENTE,TELEFONE) VALUES (115,"11490870655");
INSERT INTO PIZZARIA.TELEFONE_CLIENTE (COD_CLIENTE,TELEFONE) VALUES (284,"11731060673");
INSERT INTO PIZZARIA.TELEFONE_CLIENTE (COD_CLIENTE,TELEFONE) VALUES (100,"11945632510");

INSERT INTO PIZZARIA.PIZZA (COD_PIZZA, NOME_PIZZA) VALUES (1,'A BAIANA');
INSERT INTO PIZZARIA.INGREDIENTES_PIZZA (COD_PIZZA, INGREDIENTE) VALUES
(1, 'MUSSARELA'), (1, 'CALABRESA MOÍDA'), (1, 'PIMENTA'), (1, 'OVOS'), (1, 'RODELAS DE TOMATE'), (1, 'SALSINHA'), (1, 'CEBOLA');
INSERT INTO PIZZARIA.TAMANHO_PIZZA (COD_PIZZA, DESC_TAMANHO_PIZZA, PRECO_TAMANHO_PIZZA)
VALUES (1, 'INTEIRA', 52.90);
INSERT INTO PIZZARIA.TAMANHO_PIZZA (COD_PIZZA, DESC_TAMANHO_PIZZA, PRECO_TAMANHO_PIZZA)
VALUES (1, 'BROTO', 34.50);

INSERT INTO PIZZARIA.PIZZA (COD_PIZZA, NOME_PIZZA) VALUES (2,'ALHO FRITO');
INSERT INTO PIZZARIA.INGREDIENTES_PIZZA (COD_PIZZA, INGREDIENTE) VALUES
(2, 'ALHO FRITO'), (2, 'PARMESÃO');
INSERT INTO PIZZARIA.TAMANHO_PIZZA (COD_PIZZA, DESC_TAMANHO_PIZZA, PRECO_TAMANHO_PIZZA)
VALUES (2, 'INTEIRA', 50.90);
INSERT INTO PIZZARIA.TAMANHO_PIZZA (COD_PIZZA, DESC_TAMANHO_PIZZA, PRECO_TAMANHO_PIZZA)
VALUES (2, 'BROTO', 32.50);

INSERT INTO PIZZARIA.PIZZA (COD_PIZZA, NOME_PIZZA) VALUES (3,'ALICHE');
INSERT INTO PIZZARIA.INGREDIENTES_PIZZA (COD_PIZZA, INGREDIENTE) VALUES
(3, 'ALICHE'), (3, 'PARMESÃO'), (3, 'ALHO'), (3, 'SALSINHA');
INSERT INTO PIZZARIA.TAMANHO_PIZZA (COD_PIZZA, DESC_TAMANHO_PIZZA, PRECO_TAMANHO_PIZZA)
VALUES (3, 'INTEIRA', 50.90);
INSERT INTO PIZZARIA.TAMANHO_PIZZA (COD_PIZZA, DESC_TAMANHO_PIZZA, PRECO_TAMANHO_PIZZA)
VALUES (3, 'BROTO', 32.50);

INSERT INTO PIZZARIA.PIZZA (COD_PIZZA, NOME_PIZZA) VALUES (4,'ATUM');
INSERT INTO PIZZARIA.INGREDIENTES_PIZZA (COD_PIZZA, INGREDIENTE) VALUES
(4, 'ATUM'), (4, 'CEBOLA');
INSERT INTO PIZZARIA.TAMANHO_PIZZA (COD_PIZZA, DESC_TAMANHO_PIZZA, PRECO_TAMANHO_PIZZA)
VALUES (4, 'INTEIRA', 43.90);
INSERT INTO PIZZARIA.TAMANHO_PIZZA (COD_PIZZA, DESC_TAMANHO_PIZZA, PRECO_TAMANHO_PIZZA)
VALUES (4, 'BROTO', 30.50);

INSERT INTO PIZZARIA.PIZZA (COD_PIZZA, NOME_PIZZA) VALUES (5,'BACON');
INSERT INTO PIZZARIA.INGREDIENTES_PIZZA (COD_PIZZA, INGREDIENTE) VALUES
(5, 'MUSSARELA'), (5, 'BACON'), (5, 'ALHO'), (5, 'SALSINHA'), (5, 'CEBOLA');
INSERT INTO PIZZARIA.TAMANHO_PIZZA (COD_PIZZA, DESC_TAMANHO_PIZZA, PRECO_TAMANHO_PIZZA)
VALUES (5, 'INTEIRA', 52.90);
INSERT INTO PIZZARIA.TAMANHO_PIZZA (COD_PIZZA, DESC_TAMANHO_PIZZA, PRECO_TAMANHO_PIZZA)
VALUES (5, 'BROTO', 34.50);

INSERT INTO PIZZARIA.PIZZA (COD_PIZZA, NOME_PIZZA) VALUES (6,'BRÓCOLIS');
INSERT INTO PIZZARIA.INGREDIENTES_PIZZA (COD_PIZZA, INGREDIENTE) VALUES
(6, 'BRÓCOLIS NO ALHO/ÓLEO'), (6, 'BACON'), (6, 'CATUPIRY');
INSERT INTO PIZZARIA.TAMANHO_PIZZA (COD_PIZZA, DESC_TAMANHO_PIZZA, PRECO_TAMANHO_PIZZA)
VALUES (6, 'INTEIRA', 52.90);
INSERT INTO PIZZARIA.TAMANHO_PIZZA (COD_PIZZA, DESC_TAMANHO_PIZZA, PRECO_TAMANHO_PIZZA)
VALUES (6, 'BROTO', 34.50);

INSERT INTO PIZZARIA.PIZZA (COD_PIZZA, NOME_PIZZA) VALUES (7,'BÚFALA');
INSERT INTO PIZZARIA.INGREDIENTES_PIZZA (COD_PIZZA, INGREDIENTE) VALUES
(7, 'MUSSARELA DE BÚFALA'), (7, 'RODELAS DE TOMATE'), (7, 'MANJERICÃO FRESCO EM FOLHAS');
INSERT INTO PIZZARIA.TAMANHO_PIZZA (COD_PIZZA, DESC_TAMANHO_PIZZA, PRECO_TAMANHO_PIZZA)
VALUES (7, 'INTEIRA', 58.90);
INSERT INTO PIZZARIA.TAMANHO_PIZZA (COD_PIZZA, DESC_TAMANHO_PIZZA, PRECO_TAMANHO_PIZZA)
VALUES (7, 'BROTO', 36.50);

INSERT INTO PIZZARIA.PIZZA (COD_PIZZA, NOME_PIZZA) VALUES (8,'CALABRESA');
INSERT INTO PIZZARIA.INGREDIENTES_PIZZA (COD_PIZZA, INGREDIENTE) VALUES
(8, 'LINGUIÇA CALABRESA FATIADA'), (8, 'CEBOLA');
INSERT INTO PIZZARIA.TAMANHO_PIZZA (COD_PIZZA, DESC_TAMANHO_PIZZA, PRECO_TAMANHO_PIZZA)
VALUES (8, 'INTEIRA', 43.90);
INSERT INTO PIZZARIA.TAMANHO_PIZZA (COD_PIZZA, DESC_TAMANHO_PIZZA, PRECO_TAMANHO_PIZZA)
VALUES (8, 'BROTO', 30.50);

INSERT INTO PIZZARIA.PIZZA (COD_PIZZA, NOME_PIZZA) VALUES (9,'CALABRESA C/ ATUM');
INSERT INTO PIZZARIA.INGREDIENTES_PIZZA (COD_PIZZA, INGREDIENTE) VALUES
(9, 'CALABRESA MOÍDA'), (9, 'ATUM'), (9, 'ALHO PORÓ'), (9, 'SALSINHA');
INSERT INTO PIZZARIA.TAMANHO_PIZZA (COD_PIZZA, DESC_TAMANHO_PIZZA, PRECO_TAMANHO_PIZZA)
VALUES (9, 'INTEIRA', 50.90);
INSERT INTO PIZZARIA.TAMANHO_PIZZA (COD_PIZZA, DESC_TAMANHO_PIZZA, PRECO_TAMANHO_PIZZA)
VALUES (9, 'BROTO', 32.50);

INSERT INTO PIZZARIA.PIZZA (COD_PIZZA, NOME_PIZZA) VALUES (10,'CAMARÃO');
INSERT INTO PIZZARIA.INGREDIENTES_PIZZA (COD_PIZZA, INGREDIENTE) VALUES
(10, 'CATUPIRY OU MUSSARELA'), (10, 'CAMARÃO TEMPERADO COM ERCAS FINAS'), (10, 'MOLHO ROSÉ');
INSERT INTO PIZZARIA.TAMANHO_PIZZA (COD_PIZZA, DESC_TAMANHO_PIZZA, PRECO_TAMANHO_PIZZA)
VALUES (10, 'INTEIRA', 62.90);
INSERT INTO PIZZARIA.TAMANHO_PIZZA (COD_PIZZA, DESC_TAMANHO_PIZZA, PRECO_TAMANHO_PIZZA)
VALUES (10, 'BROTO', 37.50);

INSERT INTO PIZZARIA.PIZZA (COD_PIZZA, NOME_PIZZA) VALUES (11,'CATUPIRY');
INSERT INTO PIZZARIA.INGREDIENTES_PIZZA (COD_PIZZA, INGREDIENTE) VALUES
(11, 'CATUPIRY');
INSERT INTO PIZZARIA.TAMANHO_PIZZA (COD_PIZZA, DESC_TAMANHO_PIZZA, PRECO_TAMANHO_PIZZA)
VALUES (11, 'INTEIRA', 43.90);
INSERT INTO PIZZARIA.TAMANHO_PIZZA (COD_PIZZA, DESC_TAMANHO_PIZZA, PRECO_TAMANHO_PIZZA)
VALUES (11, 'BROTO', 30.50);

INSERT INTO PIZZARIA.PIZZA (COD_PIZZA, NOME_PIZZA) VALUES (12,'CATUPIRY C/ ATUM');
INSERT INTO PIZZARIA.INGREDIENTES_PIZZA (COD_PIZZA, INGREDIENTE) VALUES
(12, 'CATUPIRY'), (12, 'ATUM');
INSERT INTO PIZZARIA.TAMANHO_PIZZA (COD_PIZZA, DESC_TAMANHO_PIZZA, PRECO_TAMANHO_PIZZA)
VALUES (12, 'INTEIRA', 50.90);
INSERT INTO PIZZARIA.TAMANHO_PIZZA (COD_PIZZA, DESC_TAMANHO_PIZZA, PRECO_TAMANHO_PIZZA)
VALUES (12, 'BROTO', 32.50);

INSERT INTO PIZZARIA.PIZZA (COD_PIZZA, NOME_PIZZA) VALUES (13,'CATUPIRY C/ BACON');
INSERT INTO PIZZARIA.INGREDIENTES_PIZZA (COD_PIZZA, INGREDIENTE) VALUES
(13, 'CATUPIRY'), (13, 'BACON');
INSERT INTO PIZZARIA.TAMANHO_PIZZA (COD_PIZZA, DESC_TAMANHO_PIZZA, PRECO_TAMANHO_PIZZA)
VALUES (13, 'INTEIRA', 50.90);
INSERT INTO PIZZARIA.TAMANHO_PIZZA (COD_PIZZA, DESC_TAMANHO_PIZZA, PRECO_TAMANHO_PIZZA)
VALUES (13, 'BROTO', 32.50);

INSERT INTO PIZZARIA.PIZZA (COD_PIZZA, NOME_PIZZA) VALUES (14,'CATUPIRY C/ CALEBRESA');
INSERT INTO PIZZARIA.INGREDIENTES_PIZZA (COD_PIZZA, INGREDIENTE) VALUES
(14, 'CATUPIRY'), (14, 'LINGUIÇA CALABRESA FATIADA');
INSERT INTO PIZZARIA.TAMANHO_PIZZA (COD_PIZZA, DESC_TAMANHO_PIZZA, PRECO_TAMANHO_PIZZA)
VALUES (14, 'INTEIRA', 50.90);
INSERT INTO PIZZARIA.TAMANHO_PIZZA (COD_PIZZA, DESC_TAMANHO_PIZZA, PRECO_TAMANHO_PIZZA)
VALUES (14, 'BROTO', 32.50);

INSERT INTO PIZZARIA.PIZZA (COD_PIZZA, NOME_PIZZA) VALUES (15,'CATUPIRY C/ CHAMPIGNON');
INSERT INTO PIZZARIA.INGREDIENTES_PIZZA (COD_PIZZA, INGREDIENTE) VALUES
(15, 'CATUPIRY'), (15, 'CHAMPIGNON');
INSERT INTO PIZZARIA.TAMANHO_PIZZA (COD_PIZZA, DESC_TAMANHO_PIZZA, PRECO_TAMANHO_PIZZA)
VALUES (15, 'INTEIRA', 50.90);
INSERT INTO PIZZARIA.TAMANHO_PIZZA (COD_PIZZA, DESC_TAMANHO_PIZZA, PRECO_TAMANHO_PIZZA)
VALUES (15, 'BROTO', 32.50);

INSERT INTO PIZZARIA.PIZZA (COD_PIZZA, NOME_PIZZA) VALUES (16,'CATUPIRY C/ FRANGO');
INSERT INTO PIZZARIA.INGREDIENTES_PIZZA (COD_PIZZA, INGREDIENTE) VALUES
(16, 'PEITO DE FRANGO DESFIADO'), (16, 'CATUPIRY');
INSERT INTO PIZZARIA.TAMANHO_PIZZA (COD_PIZZA, DESC_TAMANHO_PIZZA, PRECO_TAMANHO_PIZZA)
VALUES (16, 'INTEIRA', 50.90);
INSERT INTO PIZZARIA.TAMANHO_PIZZA (COD_PIZZA, DESC_TAMANHO_PIZZA, PRECO_TAMANHO_PIZZA)
VALUES (16, 'BROTO', 32.50);

INSERT INTO PIZZARIA.PIZZA (COD_PIZZA, NOME_PIZZA) VALUES (17,'CATUPIRY C/ LOMBO');
INSERT INTO PIZZARIA.INGREDIENTES_PIZZA (COD_PIZZA, INGREDIENTE) VALUES
(17, 'CATUPIRY'), (17, 'LOMBO CANADENSE FATIADO');
INSERT INTO PIZZARIA.TAMANHO_PIZZA (COD_PIZZA, DESC_TAMANHO_PIZZA, PRECO_TAMANHO_PIZZA)
VALUES (17, 'INTEIRA', 50.90);
INSERT INTO PIZZARIA.TAMANHO_PIZZA (COD_PIZZA, DESC_TAMANHO_PIZZA, PRECO_TAMANHO_PIZZA)
VALUES (17, 'BROTO', 32.50);

INSERT INTO PIZZARIA.PIZZA (COD_PIZZA, NOME_PIZZA) VALUES (18,'CATUPIRY C/ MILHO VERDE');
INSERT INTO PIZZARIA.INGREDIENTES_PIZZA (COD_PIZZA, INGREDIENTE) VALUES
(18, 'CATUPIRY'), (18, 'MILHO VERDE');
INSERT INTO PIZZARIA.TAMANHO_PIZZA (COD_PIZZA, DESC_TAMANHO_PIZZA, PRECO_TAMANHO_PIZZA)
VALUES (18, 'INTEIRA', 43.90);
INSERT INTO PIZZARIA.TAMANHO_PIZZA (COD_PIZZA, DESC_TAMANHO_PIZZA, PRECO_TAMANHO_PIZZA)
VALUES (18, 'BROTO', 30.50);

INSERT INTO PIZZARIA.PIZZA (COD_PIZZA, NOME_PIZZA) VALUES (19,'CATUPIRY C/ PALMITO');
INSERT INTO PIZZARIA.INGREDIENTES_PIZZA (COD_PIZZA, INGREDIENTE) VALUES
(19, 'CATUPIRY'), (19, 'PALMITO');
INSERT INTO PIZZARIA.TAMANHO_PIZZA (COD_PIZZA, DESC_TAMANHO_PIZZA, PRECO_TAMANHO_PIZZA)
VALUES (19, 'INTEIRA', 50.90);
INSERT INTO PIZZARIA.TAMANHO_PIZZA (COD_PIZZA, DESC_TAMANHO_PIZZA, PRECO_TAMANHO_PIZZA)
VALUES (19, 'BROTO', 32.50);

INSERT INTO PIZZARIA.PIZZA (COD_PIZZA, NOME_PIZZA) VALUES (20,'CATUPIRY C/ PRESUNTO');
INSERT INTO PIZZARIA.INGREDIENTES_PIZZA (COD_PIZZA, INGREDIENTE) VALUES
(20, 'CATUPIRY'), (20, 'PRESUNTO');
INSERT INTO PIZZARIA.TAMANHO_PIZZA (COD_PIZZA, DESC_TAMANHO_PIZZA, PRECO_TAMANHO_PIZZA)
VALUES (20, 'INTEIRA', 50.90);
INSERT INTO PIZZARIA.TAMANHO_PIZZA (COD_PIZZA, DESC_TAMANHO_PIZZA, PRECO_TAMANHO_PIZZA)
VALUES (20, 'BROTO', 32.50);

INSERT INTO PIZZARIA.PIZZA (COD_PIZZA, NOME_PIZZA) VALUES (21,'CATUPIRY C/ PROVOLONE');
INSERT INTO PIZZARIA.INGREDIENTES_PIZZA (COD_PIZZA, INGREDIENTE) VALUES
(21, 'CATUPIRY'), (21, 'PROVOLONE');
INSERT INTO PIZZARIA.TAMANHO_PIZZA (COD_PIZZA, DESC_TAMANHO_PIZZA, PRECO_TAMANHO_PIZZA)
VALUES (21, 'INTEIRA', 50.90);
INSERT INTO PIZZARIA.TAMANHO_PIZZA (COD_PIZZA, DESC_TAMANHO_PIZZA, PRECO_TAMANHO_PIZZA)
VALUES (21, 'BROTO', 32.50);

INSERT INTO PIZZARIA.PIZZA (COD_PIZZA, NOME_PIZZA) VALUES (22,'CHAMPIGNON');
INSERT INTO PIZZARIA.INGREDIENTES_PIZZA (COD_PIZZA, INGREDIENTE) VALUES
(22, 'CHAMPIGNON'), (22, 'ALHO'), (22, 'MUSSARELA'), (22, 'CEBOLA'), (22, 'SALSINHA');
INSERT INTO PIZZARIA.TAMANHO_PIZZA (COD_PIZZA, DESC_TAMANHO_PIZZA, PRECO_TAMANHO_PIZZA)
VALUES (22, 'INTEIRA', 52.90);
INSERT INTO PIZZARIA.TAMANHO_PIZZA (COD_PIZZA, DESC_TAMANHO_PIZZA, PRECO_TAMANHO_PIZZA)
VALUES (22, 'BROTO', 34.50);

INSERT INTO PIZZARIA.PIZZA (COD_PIZZA, NOME_PIZZA) VALUES (23,'DA "SÃO PAULO PIZZAS"');
INSERT INTO PIZZARIA.INGREDIENTES_PIZZA (COD_PIZZA, INGREDIENTE) VALUES
(23, 'PRESUNTO'), (23, 'CHAMPIGNON'), (23, 'OVOS'), (23, 'CEBOLA'), (23, 'ERVILHA'), (23, 'PALMITO'), (23, 'MUSSARELA'), (23, 'BACON');
INSERT INTO PIZZARIA.TAMANHO_PIZZA (COD_PIZZA, DESC_TAMANHO_PIZZA, PRECO_TAMANHO_PIZZA)
VALUES (23, 'INTEIRA', 62.90);
INSERT INTO PIZZARIA.TAMANHO_PIZZA (COD_PIZZA, DESC_TAMANHO_PIZZA, PRECO_TAMANHO_PIZZA)
VALUES (23, 'BROTO', 37.50);

INSERT INTO PIZZARIA.PIZZA (COD_PIZZA, NOME_PIZZA) VALUES (24,'DOIS QUEIJOS');
INSERT INTO PIZZARIA.INGREDIENTES_PIZZA (COD_PIZZA, INGREDIENTE) VALUES
(24, 'CATUPIRY COBERTO COM MUSSARELA');
INSERT INTO PIZZARIA.TAMANHO_PIZZA (COD_PIZZA, DESC_TAMANHO_PIZZA, PRECO_TAMANHO_PIZZA)
VALUES (24, 'INTEIRA', 50.90);
INSERT INTO PIZZARIA.TAMANHO_PIZZA (COD_PIZZA, DESC_TAMANHO_PIZZA, PRECO_TAMANHO_PIZZA)
VALUES (24, 'BROTO', 32.50);

INSERT INTO PIZZARIA.PIZZA (COD_PIZZA, NOME_PIZZA) VALUES (25,'ESCAROLA');
INSERT INTO PIZZARIA.INGREDIENTES_PIZZA (COD_PIZZA, INGREDIENTE) VALUES
(25, 'ESCAROLA'), (25, 'ALHO'), (25, 'BACON'), (25, 'MUSSARELA'), (25, 'CEBOLA');
INSERT INTO PIZZARIA.TAMANHO_PIZZA (COD_PIZZA, DESC_TAMANHO_PIZZA, PRECO_TAMANHO_PIZZA)
VALUES (25, 'INTEIRA', 52.90);
INSERT INTO PIZZARIA.TAMANHO_PIZZA (COD_PIZZA, DESC_TAMANHO_PIZZA, PRECO_TAMANHO_PIZZA)
VALUES (25, 'BROTO', 34.50);

INSERT INTO PIZZARIA.PIZZA (COD_PIZZA, NOME_PIZZA) VALUES (26,'FRANGO C/ ALHO');
INSERT INTO PIZZARIA.INGREDIENTES_PIZZA (COD_PIZZA, INGREDIENTE) VALUES
(26, 'PEITO DE FRANGO DESFIADO'), (26, 'CEBOLA'), (26, 'ALHO'), (26, 'SALSINHA');
INSERT INTO PIZZARIA.TAMANHO_PIZZA (COD_PIZZA, DESC_TAMANHO_PIZZA, PRECO_TAMANHO_PIZZA)
VALUES (26, 'INTEIRA', 50.90);
INSERT INTO PIZZARIA.TAMANHO_PIZZA (COD_PIZZA, DESC_TAMANHO_PIZZA, PRECO_TAMANHO_PIZZA)
VALUES (26, 'BROTO', 32.50);

INSERT INTO PIZZARIA.PIZZA (COD_PIZZA, NOME_PIZZA) VALUES (27,'FRANGO C/ BACON');
INSERT INTO PIZZARIA.INGREDIENTES_PIZZA (COD_PIZZA, INGREDIENTE) VALUES
(27, 'BACON'), (27, 'PEITO DE FRANGO DESFIADO'), (27, 'CEBOLA'), (27, 'SALSINHA');
INSERT INTO PIZZARIA.TAMANHO_PIZZA (COD_PIZZA, DESC_TAMANHO_PIZZA, PRECO_TAMANHO_PIZZA)
VALUES (27, 'INTEIRA', 50.90);
INSERT INTO PIZZARIA.TAMANHO_PIZZA (COD_PIZZA, DESC_TAMANHO_PIZZA, PRECO_TAMANHO_PIZZA)
VALUES (27, 'BROTO', 32.50);

INSERT INTO PIZZARIA.PIZZA (COD_PIZZA, NOME_PIZZA) VALUES (28,'FRANGO C/ CHAMPIGNON');
INSERT INTO PIZZARIA.INGREDIENTES_PIZZA (COD_PIZZA, INGREDIENTE) VALUES
(28, 'PEITO DE FRANGO DESFIADO'), (28, 'CHAMPIGNON'), (28, 'MUSSARELA'), (28, 'SALSINHA');
INSERT INTO PIZZARIA.TAMANHO_PIZZA (COD_PIZZA, DESC_TAMANHO_PIZZA, PRECO_TAMANHO_PIZZA)
VALUES (28, 'INTEIRA', 52.90);
INSERT INTO PIZZARIA.TAMANHO_PIZZA (COD_PIZZA, DESC_TAMANHO_PIZZA, PRECO_TAMANHO_PIZZA)
VALUES (28, 'BROTO', 34.50);

INSERT INTO PIZZARIA.PIZZA (COD_PIZZA, NOME_PIZZA) VALUES (29,'FRANGO C/ PALMITO');
INSERT INTO PIZZARIA.INGREDIENTES_PIZZA (COD_PIZZA, INGREDIENTE) VALUES
(29, 'PEITO DE FRANGO DESFIADO'), (29, 'PALMITO'), (29, 'ALHO'), (29, 'SALSINHA'), (29, 'CEBOLA');
INSERT INTO PIZZARIA.TAMANHO_PIZZA (COD_PIZZA, DESC_TAMANHO_PIZZA, PRECO_TAMANHO_PIZZA)
VALUES (29, 'INTEIRA', 50.90);
INSERT INTO PIZZARIA.TAMANHO_PIZZA (COD_PIZZA, DESC_TAMANHO_PIZZA, PRECO_TAMANHO_PIZZA)
VALUES (29, 'BROTO', 32.50);

INSERT INTO PIZZARIA.PIZZA (COD_PIZZA, NOME_PIZZA) VALUES (30,'GORGONZOLA');
INSERT INTO PIZZARIA.INGREDIENTES_PIZZA (COD_PIZZA, INGREDIENTE) VALUES
(30, 'GORGONZOLA');
INSERT INTO PIZZARIA.TAMANHO_PIZZA (COD_PIZZA, DESC_TAMANHO_PIZZA, PRECO_TAMANHO_PIZZA)
VALUES (30, 'INTEIRA', 50.90);
INSERT INTO PIZZARIA.TAMANHO_PIZZA (COD_PIZZA, DESC_TAMANHO_PIZZA, PRECO_TAMANHO_PIZZA)
VALUES (30, 'BROTO', 32.50);

INSERT INTO PIZZARIA.PIZZA (COD_PIZZA, NOME_PIZZA) VALUES (31,'JARDINEIRA');
INSERT INTO PIZZARIA.INGREDIENTES_PIZZA (COD_PIZZA, INGREDIENTE) VALUES
(31, 'PRESUNTO PICADO'), (31, 'PALMITO'), (31, 'ERVILHAS'), (31, 'CEBOLA'), (31, 'MUSSARELA'), (31, 'SALSINHA');
INSERT INTO PIZZARIA.TAMANHO_PIZZA (COD_PIZZA, DESC_TAMANHO_PIZZA, PRECO_TAMANHO_PIZZA)
VALUES (31, 'INTEIRA', 62.90);
INSERT INTO PIZZARIA.TAMANHO_PIZZA (COD_PIZZA, DESC_TAMANHO_PIZZA, PRECO_TAMANHO_PIZZA)
VALUES (31, 'BROTO', 37.50);

INSERT INTO PIZZARIA.PIZZA (COD_PIZZA, NOME_PIZZA) VALUES (32,'ATUM A PERUANA');
INSERT INTO PIZZARIA.INGREDIENTES_PIZZA (COD_PIZZA, INGREDIENTE) VALUES
(32, 'CATUPIRY'), (32, 'ATUM'), (32, 'OVOS'), (32, 'CEBOLA'), (32, 'COBERTO COM MUSSARELA');
INSERT INTO PIZZARIA.TAMANHO_PIZZA (COD_PIZZA, DESC_TAMANHO_PIZZA, PRECO_TAMANHO_PIZZA)
VALUES (32, 'INTEIRA', 62.90);
INSERT INTO PIZZARIA.TAMANHO_PIZZA (COD_PIZZA, DESC_TAMANHO_PIZZA, PRECO_TAMANHO_PIZZA)
VALUES (32, 'BROTO', 37.50);

INSERT INTO PIZZARIA.PIZZA (COD_PIZZA, NOME_PIZZA) VALUES (33,'LOMBO');
INSERT INTO PIZZARIA.INGREDIENTES_PIZZA (COD_PIZZA, INGREDIENTE) VALUES
(33, 'LOMBO CANADENSE FATIADO'), (33, 'SALSINHA'), (33, 'CEBOLA');
INSERT INTO PIZZARIA.TAMANHO_PIZZA (COD_PIZZA, DESC_TAMANHO_PIZZA, PRECO_TAMANHO_PIZZA)
VALUES (33, 'INTEIRA', 50.90);
INSERT INTO PIZZARIA.TAMANHO_PIZZA (COD_PIZZA, DESC_TAMANHO_PIZZA, PRECO_TAMANHO_PIZZA)
VALUES (33, 'BROTO', 32.50);

INSERT INTO PIZZARIA.PIZZA (COD_PIZZA, NOME_PIZZA) VALUES (34,'MARGHERITA');
INSERT INTO PIZZARIA.INGREDIENTES_PIZZA (COD_PIZZA, INGREDIENTE) VALUES
(34, 'BASTANTE MOLHO'), (34, 'MUSSARELA'), (34, 'MAJERICÃO FRESCO');
INSERT INTO PIZZARIA.TAMANHO_PIZZA (COD_PIZZA, DESC_TAMANHO_PIZZA, PRECO_TAMANHO_PIZZA)
VALUES (34, 'INTEIRA', 43.90);
INSERT INTO PIZZARIA.TAMANHO_PIZZA (COD_PIZZA, DESC_TAMANHO_PIZZA, PRECO_TAMANHO_PIZZA)
VALUES (34, 'BROTO', 30.50);

INSERT INTO PIZZARIA.PIZZA (COD_PIZZA, NOME_PIZZA) VALUES (35,'MILHO VERDE');
INSERT INTO PIZZARIA.INGREDIENTES_PIZZA (COD_PIZZA, INGREDIENTE) VALUES
(35, 'MILHO VERDE'), (35, 'MUSSARELA'), (35, 'SALSINHA');
INSERT INTO PIZZARIA.TAMANHO_PIZZA (COD_PIZZA, DESC_TAMANHO_PIZZA, PRECO_TAMANHO_PIZZA)
VALUES (35, 'INTEIRA', 43.90);
INSERT INTO PIZZARIA.TAMANHO_PIZZA (COD_PIZZA, DESC_TAMANHO_PIZZA, PRECO_TAMANHO_PIZZA)
VALUES (35, 'BROTO', 30.50);

INSERT INTO PIZZARIA.PIZZA (COD_PIZZA, NOME_PIZZA) VALUES (36,'MINESTRA');
INSERT INTO PIZZARIA.INGREDIENTES_PIZZA (COD_PIZZA, INGREDIENTE) VALUES
(36, 'PRESUNTO'), (36, 'PALMITO'), (36, 'MUSSARELA'), (36, 'CATUPIRY');
INSERT INTO PIZZARIA.TAMANHO_PIZZA (COD_PIZZA, DESC_TAMANHO_PIZZA, PRECO_TAMANHO_PIZZA)
VALUES (36, 'INTEIRA', 62.90);
INSERT INTO PIZZARIA.TAMANHO_PIZZA (COD_PIZZA, DESC_TAMANHO_PIZZA, PRECO_TAMANHO_PIZZA)
VALUES (36, 'BROTO', 37.50);

INSERT INTO PIZZARIA.PIZZA (COD_PIZZA, NOME_PIZZA) VALUES (37,'MODA');
INSERT INTO PIZZARIA.INGREDIENTES_PIZZA (COD_PIZZA, INGREDIENTE) VALUES
(37, 'ATUM'), (37, 'OVOS'), (37, 'PALMITO'), (37, 'SALSINHA'), (37, 'MUSSARELA');
INSERT INTO PIZZARIA.TAMANHO_PIZZA (COD_PIZZA, DESC_TAMANHO_PIZZA, PRECO_TAMANHO_PIZZA)
VALUES (37, 'INTEIRA', 52.90);
INSERT INTO PIZZARIA.TAMANHO_PIZZA (COD_PIZZA, DESC_TAMANHO_PIZZA, PRECO_TAMANHO_PIZZA)
VALUES (37, 'BROTO', 34.50);

INSERT INTO PIZZARIA.PIZZA (COD_PIZZA, NOME_PIZZA) VALUES (38,'MUSSARELA');
INSERT INTO PIZZARIA.INGREDIENTES_PIZZA (COD_PIZZA, INGREDIENTE) VALUES
(38, 'MUSSARELA');
INSERT INTO PIZZARIA.TAMANHO_PIZZA (COD_PIZZA, DESC_TAMANHO_PIZZA, PRECO_TAMANHO_PIZZA)
VALUES (38, 'INTEIRA', 43.90);
INSERT INTO PIZZARIA.TAMANHO_PIZZA (COD_PIZZA, DESC_TAMANHO_PIZZA, PRECO_TAMANHO_PIZZA)
VALUES (38, 'BROTO', 30.50);

INSERT INTO PIZZARIA.PIZZA (COD_PIZZA, NOME_PIZZA) VALUES (39,'NAPOLITANA');
INSERT INTO PIZZARIA.INGREDIENTES_PIZZA (COD_PIZZA, INGREDIENTE) VALUES
(39, 'MUSSARELA'), (39, 'RODELAS DE TOMATE'), (39, 'PARMESÃO'), (39, 'SALSINHA');
INSERT INTO PIZZARIA.TAMANHO_PIZZA (COD_PIZZA, DESC_TAMANHO_PIZZA, PRECO_TAMANHO_PIZZA)
VALUES (39, 'INTEIRA', 43.90);
INSERT INTO PIZZARIA.TAMANHO_PIZZA (COD_PIZZA, DESC_TAMANHO_PIZZA, PRECO_TAMANHO_PIZZA)
VALUES (39, 'BROTO', 30.50);

INSERT INTO PIZZARIA.PIZZA (COD_PIZZA, NOME_PIZZA) VALUES (40,'PALMITO');
INSERT INTO PIZZARIA.INGREDIENTES_PIZZA (COD_PIZZA, INGREDIENTE) VALUES
(40, 'PALMITO'), (40, 'ALHO'), (40, 'SALSINHA'), (40, 'CEBOLA');
INSERT INTO PIZZARIA.TAMANHO_PIZZA (COD_PIZZA, DESC_TAMANHO_PIZZA, PRECO_TAMANHO_PIZZA)
VALUES (40, 'INTEIRA', 50.90);
INSERT INTO PIZZARIA.TAMANHO_PIZZA (COD_PIZZA, DESC_TAMANHO_PIZZA, PRECO_TAMANHO_PIZZA)
VALUES (40, 'BROTO', 32.50);

INSERT INTO PIZZARIA.PIZZA (COD_PIZZA, NOME_PIZZA) VALUES (41,'PALMITO C/ BACON');
INSERT INTO PIZZARIA.INGREDIENTES_PIZZA (COD_PIZZA, INGREDIENTE) VALUES
(41, 'PALMITO'), (41, 'BACON'), (41, 'SALSINHA'), (41, 'CEBOLA');
INSERT INTO PIZZARIA.TAMANHO_PIZZA (COD_PIZZA, DESC_TAMANHO_PIZZA, PRECO_TAMANHO_PIZZA)
VALUES (41, 'INTEIRA', 50.90);
INSERT INTO PIZZARIA.TAMANHO_PIZZA (COD_PIZZA, DESC_TAMANHO_PIZZA, PRECO_TAMANHO_PIZZA)
VALUES (41, 'BROTO', 32.50);

INSERT INTO PIZZARIA.PIZZA (COD_PIZZA, NOME_PIZZA) VALUES (42,'PEITO DE PERU');
INSERT INTO PIZZARIA.INGREDIENTES_PIZZA (COD_PIZZA, INGREDIENTE) VALUES
(42, 'RICOTA TEMPERADA C/ AZEITE E CREME DE CEBOLA'), (42, 'PEITO DE PERU DEFUMADO');
INSERT INTO PIZZARIA.TAMANHO_PIZZA (COD_PIZZA, DESC_TAMANHO_PIZZA, PRECO_TAMANHO_PIZZA)
VALUES (42, 'INTEIRA', 58.90);
INSERT INTO PIZZARIA.TAMANHO_PIZZA (COD_PIZZA, DESC_TAMANHO_PIZZA, PRECO_TAMANHO_PIZZA)
VALUES (42, 'BROTO', 36.50);

INSERT INTO PIZZARIA.PIZZA (COD_PIZZA, NOME_PIZZA) VALUES (43,'PEPERONE');
INSERT INTO PIZZARIA.INGREDIENTES_PIZZA (COD_PIZZA, INGREDIENTE) VALUES
(43, 'MUSSARELA'), (43, 'PEPERONE EM RODELAS'), (43, 'CEBOLA'), (43, 'SALSINHA');
INSERT INTO PIZZARIA.TAMANHO_PIZZA (COD_PIZZA, DESC_TAMANHO_PIZZA, PRECO_TAMANHO_PIZZA)
VALUES (43, 'INTEIRA', 62.90);
INSERT INTO PIZZARIA.TAMANHO_PIZZA (COD_PIZZA, DESC_TAMANHO_PIZZA, PRECO_TAMANHO_PIZZA)
VALUES (43, 'BROTO', 37.50);

INSERT INTO PIZZARIA.PIZZA (COD_PIZZA, NOME_PIZZA) VALUES (44,'PORTUGUESA');
INSERT INTO PIZZARIA.INGREDIENTES_PIZZA (COD_PIZZA, INGREDIENTE) VALUES
(44, 'MUSSARELA'), (44, 'LINGUIÇA CALABRESA FATIADA'), (44, 'PRESUNTO'), (44, 'OVOS'), (44, 'CEBOLA');
INSERT INTO PIZZARIA.TAMANHO_PIZZA (COD_PIZZA, DESC_TAMANHO_PIZZA, PRECO_TAMANHO_PIZZA)
VALUES (44, 'INTEIRA', 52.90);
INSERT INTO PIZZARIA.TAMANHO_PIZZA (COD_PIZZA, DESC_TAMANHO_PIZZA, PRECO_TAMANHO_PIZZA)
VALUES (44, 'BROTO', 34.50);

INSERT INTO PIZZARIA.PIZZA (COD_PIZZA, NOME_PIZZA) VALUES (45,'PRESUNTO');
INSERT INTO PIZZARIA.INGREDIENTES_PIZZA (COD_PIZZA, INGREDIENTE) VALUES
(45, 'PRESUNTO'), (45, 'TOMATE EM RODELAS'), (45, 'COBERTOS COM MUSSARELA');
INSERT INTO PIZZARIA.TAMANHO_PIZZA (COD_PIZZA, DESC_TAMANHO_PIZZA, PRECO_TAMANHO_PIZZA)
VALUES (45, 'INTEIRA', 50.90);
INSERT INTO PIZZARIA.TAMANHO_PIZZA (COD_PIZZA, DESC_TAMANHO_PIZZA, PRECO_TAMANHO_PIZZA)
VALUES (45, 'BROTO', 32.50);

INSERT INTO PIZZARIA.PIZZA (COD_PIZZA, NOME_PIZZA) VALUES (46,'PROVOLONE');
INSERT INTO PIZZARIA.INGREDIENTES_PIZZA (COD_PIZZA, INGREDIENTE) VALUES
(46, 'PROVOLONE');
INSERT INTO PIZZARIA.TAMANHO_PIZZA (COD_PIZZA, DESC_TAMANHO_PIZZA, PRECO_TAMANHO_PIZZA)
VALUES (46, 'INTEIRA', 50.90);
INSERT INTO PIZZARIA.TAMANHO_PIZZA (COD_PIZZA, DESC_TAMANHO_PIZZA, PRECO_TAMANHO_PIZZA)
VALUES (46, 'BROTO', 32.50);

INSERT INTO PIZZARIA.PIZZA (COD_PIZZA, NOME_PIZZA) VALUES (47,'PROVOLONE C/ PRESUNTO');
INSERT INTO PIZZARIA.INGREDIENTES_PIZZA (COD_PIZZA, INGREDIENTE) VALUES
(47, 'PRESUNTO'), (47, 'RODELAS DE TOMATE'), (47, 'PROVOLONE'), (47, 'PARMESÃO');
INSERT INTO PIZZARIA.TAMANHO_PIZZA (COD_PIZZA, DESC_TAMANHO_PIZZA, PRECO_TAMANHO_PIZZA)
VALUES (47, 'INTEIRA', 52.90);
INSERT INTO PIZZARIA.TAMANHO_PIZZA (COD_PIZZA, DESC_TAMANHO_PIZZA, PRECO_TAMANHO_PIZZA)
VALUES (47, 'BROTO', 34.50);

INSERT INTO PIZZARIA.PIZZA (COD_PIZZA, NOME_PIZZA) VALUES (48,'QUATRO QUEIJOS');
INSERT INTO PIZZARIA.INGREDIENTES_PIZZA (COD_PIZZA, INGREDIENTE) VALUES
(48, 'MUSSARELA'), (48, 'PROVOLONE'), (48, 'CATUPIRY'), (48, 'PARMESÃO');
INSERT INTO PIZZARIA.TAMANHO_PIZZA (COD_PIZZA, DESC_TAMANHO_PIZZA, PRECO_TAMANHO_PIZZA)
VALUES (48, 'INTEIRA', 58.90);
INSERT INTO PIZZARIA.TAMANHO_PIZZA (COD_PIZZA, DESC_TAMANHO_PIZZA, PRECO_TAMANHO_PIZZA)
VALUES (48, 'BROTO', 36.50);

INSERT INTO PIZZARIA.PIZZA (COD_PIZZA, NOME_PIZZA) VALUES (49,'RICOTA');
INSERT INTO PIZZARIA.INGREDIENTES_PIZZA (COD_PIZZA, INGREDIENTE) VALUES
(49, 'RICOTA TEMPERADA COM AZEITE'), (49, 'CREME DE CEBOLA');
INSERT INTO PIZZARIA.TAMANHO_PIZZA (COD_PIZZA, DESC_TAMANHO_PIZZA, PRECO_TAMANHO_PIZZA)
VALUES (49, 'INTEIRA', 50.90);
INSERT INTO PIZZARIA.TAMANHO_PIZZA (COD_PIZZA, DESC_TAMANHO_PIZZA, PRECO_TAMANHO_PIZZA)
VALUES (49, 'BROTO', 35.50);

INSERT INTO PIZZARIA.PIZZA (COD_PIZZA, NOME_PIZZA) VALUES (50,'ROMANA');
INSERT INTO PIZZARIA.INGREDIENTES_PIZZA (COD_PIZZA, INGREDIENTE) VALUES
(50, 'MUSSARELA'), (50, 'RODELAS DE TOMATE'), (50, 'ALICHE'), (50, 'ALHO'), (50, 'CEBOLA');
INSERT INTO PIZZARIA.TAMANHO_PIZZA (COD_PIZZA, DESC_TAMANHO_PIZZA, PRECO_TAMANHO_PIZZA)
VALUES (50, 'INTEIRA', 52.90);
INSERT INTO PIZZARIA.TAMANHO_PIZZA (COD_PIZZA, DESC_TAMANHO_PIZZA, PRECO_TAMANHO_PIZZA)
VALUES (50, 'BROTO', 34.50);

INSERT INTO PIZZARIA.PIZZA (COD_PIZZA, NOME_PIZZA) VALUES (51,'ROMEU E JULIETA');
INSERT INTO PIZZARIA.INGREDIENTES_PIZZA (COD_PIZZA, INGREDIENTE) VALUES
(51, 'CATUPIRY OU MUSSARELA'), (51, 'GOIABADA');
INSERT INTO PIZZARIA.TAMANHO_PIZZA (COD_PIZZA, DESC_TAMANHO_PIZZA, PRECO_TAMANHO_PIZZA)
VALUES (51, 'INTEIRA', 43.90);
INSERT INTO PIZZARIA.TAMANHO_PIZZA (COD_PIZZA, DESC_TAMANHO_PIZZA, PRECO_TAMANHO_PIZZA)
VALUES (51, 'BROTO', 30.50);

INSERT INTO PIZZARIA.PIZZA (COD_PIZZA, NOME_PIZZA) VALUES (52,'SALMÃO');
INSERT INTO PIZZARIA.INGREDIENTES_PIZZA (COD_PIZZA, INGREDIENTE) VALUES
(52, 'SALMÃO FRESCO'), (52, 'ERVAS FINAS'), (52, 'CATUPIRY OU MUSSARELA');
INSERT INTO PIZZARIA.TAMANHO_PIZZA (COD_PIZZA, DESC_TAMANHO_PIZZA, PRECO_TAMANHO_PIZZA)
VALUES (52, 'INTEIRA', 62.90);
INSERT INTO PIZZARIA.TAMANHO_PIZZA (COD_PIZZA, DESC_TAMANHO_PIZZA, PRECO_TAMANHO_PIZZA)
VALUES (52, 'BROTO', 37.50);

INSERT INTO PIZZARIA.PIZZA (COD_PIZZA, NOME_PIZZA) VALUES (53,'SICILIANA');
INSERT INTO PIZZARIA.INGREDIENTES_PIZZA (COD_PIZZA, INGREDIENTE) VALUES
(53, 'CHAMPIGNON'), (53, 'BACON'), (53, 'MUSSARELA'), (53, 'SALSINHA');
INSERT INTO PIZZARIA.TAMANHO_PIZZA (COD_PIZZA, DESC_TAMANHO_PIZZA, PRECO_TAMANHO_PIZZA)
VALUES (53, 'INTEIRA', 52.90);
INSERT INTO PIZZARIA.TAMANHO_PIZZA (COD_PIZZA, DESC_TAMANHO_PIZZA, PRECO_TAMANHO_PIZZA)
VALUES (53, 'BROTO', 34.50);

INSERT INTO PIZZARIA.PIZZA (COD_PIZZA, NOME_PIZZA) VALUES (54,'TOMATE SECO');
INSERT INTO PIZZARIA.INGREDIENTES_PIZZA (COD_PIZZA, INGREDIENTE) VALUES
(54, 'MUSSARELA TRADICIONAL OU DE BÚFALA'), (54, 'TOMATE SECO'), (54, 'SALSINHA'), (54, 'MANJERICÃO');
INSERT INTO PIZZARIA.TAMANHO_PIZZA (COD_PIZZA, DESC_TAMANHO_PIZZA, PRECO_TAMANHO_PIZZA)
VALUES (54, 'INTEIRA', 58.90);
INSERT INTO PIZZARIA.TAMANHO_PIZZA (COD_PIZZA, DESC_TAMANHO_PIZZA, PRECO_TAMANHO_PIZZA)
VALUES (54, 'BROTO', 36.50);

INSERT INTO PIZZARIA.PIZZA (COD_PIZZA, NOME_PIZZA) VALUES (55,'TOSCANA');
INSERT INTO PIZZARIA.INGREDIENTES_PIZZA (COD_PIZZA, INGREDIENTE) VALUES
(55, 'CALABRESA MOÍDA SEM PIMENTA'), (55, 'MUSSARELA');
INSERT INTO PIZZARIA.TAMANHO_PIZZA (COD_PIZZA, DESC_TAMANHO_PIZZA, PRECO_TAMANHO_PIZZA)
VALUES (55, 'INTEIRA', 50.90);
INSERT INTO PIZZARIA.TAMANHO_PIZZA (COD_PIZZA, DESC_TAMANHO_PIZZA, PRECO_TAMANHO_PIZZA)
VALUES (55, 'BROTO', 35.50);

INSERT INTO PIZZARIA.PIZZA (COD_PIZZA, NOME_PIZZA) VALUES (56,'TROPICAL');
INSERT INTO PIZZARIA.INGREDIENTES_PIZZA (COD_PIZZA, INGREDIENTE) VALUES
(56, 'MUSSARELA'), (56, 'PALMITO'), (56, 'CALABRESA MOÍDA'), (56, 'CEBOLA');
INSERT INTO PIZZARIA.TAMANHO_PIZZA (COD_PIZZA, DESC_TAMANHO_PIZZA, PRECO_TAMANHO_PIZZA)
VALUES (56, 'INTEIRA', 52.90);
INSERT INTO PIZZARIA.TAMANHO_PIZZA (COD_PIZZA, DESC_TAMANHO_PIZZA, PRECO_TAMANHO_PIZZA)
VALUES (56, 'BROTO', 34.50);

INSERT INTO PIZZARIA.PIZZA (COD_PIZZA, NOME_PIZZA) VALUES (57,'RÚCULA');
INSERT INTO PIZZARIA.INGREDIENTES_PIZZA (COD_PIZZA, INGREDIENTE) VALUES
(57, 'MUSSARELA TRADICIONAL OU DE BÚFALA'), (57, 'TOMATE SECO'), (57, 'RÚCULA');
INSERT INTO PIZZARIA.TAMANHO_PIZZA (COD_PIZZA, DESC_TAMANHO_PIZZA, PRECO_TAMANHO_PIZZA)
VALUES (57, 'INTEIRA', 58.90);
INSERT INTO PIZZARIA.TAMANHO_PIZZA (COD_PIZZA, DESC_TAMANHO_PIZZA, PRECO_TAMANHO_PIZZA)
VALUES (57, 'BROTO', 36.50);

INSERT INTO PIZZARIA.PIZZA (COD_PIZZA, NOME_PIZZA) VALUES (58,'MODA DO CLIENTE');
INSERT INTO PIZZARIA.INGREDIENTES_PIZZA (COD_PIZZA, INGREDIENTE) VALUES
(58, 'MONTE A PIZZA A SEU GOSTO');
INSERT INTO PIZZARIA.TAMANHO_PIZZA (COD_PIZZA, DESC_TAMANHO_PIZZA, PRECO_TAMANHO_PIZZA)
VALUES (58, 'INTEIRA', 68.90);
INSERT INTO PIZZARIA.TAMANHO_PIZZA (COD_PIZZA, DESC_TAMANHO_PIZZA, PRECO_TAMANHO_PIZZA)
VALUES (58, 'BROTO', 38.50);

INSERT INTO PIZZARIA.PIZZA (COD_PIZZA, NOME_PIZZA) VALUES (59,'BANANA');
INSERT INTO PIZZARIA.INGREDIENTES_PIZZA (COD_PIZZA, INGREDIENTE) VALUES
(59, 'MUSSARELA'), (59, 'BANANA FATIADA C/ AÇÚCAR E CANELA EM PÓ');
INSERT INTO PIZZARIA.TAMANHO_PIZZA (COD_PIZZA, DESC_TAMANHO_PIZZA, PRECO_TAMANHO_PIZZA)
VALUES (59, 'INTEIRA', 50.90);
INSERT INTO PIZZARIA.TAMANHO_PIZZA (COD_PIZZA, DESC_TAMANHO_PIZZA, PRECO_TAMANHO_PIZZA)
VALUES (59, 'BROTO', 32.50);

INSERT INTO PIZZARIA.PIZZA (COD_PIZZA, NOME_PIZZA) VALUES (60,'CHEDDAR');
INSERT INTO PIZZARIA.INGREDIENTES_PIZZA (COD_PIZZA, INGREDIENTE) VALUES
(60, 'TOMATE PICADO'), (60, 'BACON'), (60, 'CHEDDAR');
INSERT INTO PIZZARIA.TAMANHO_PIZZA (COD_PIZZA, DESC_TAMANHO_PIZZA, PRECO_TAMANHO_PIZZA)
VALUES (60, 'INTEIRA', 50.90);
INSERT INTO PIZZARIA.TAMANHO_PIZZA (COD_PIZZA, DESC_TAMANHO_PIZZA, PRECO_TAMANHO_PIZZA)
VALUES (60, 'BROTO', 32.50);

INSERT INTO PIZZARIA.PIZZA (COD_PIZZA, NOME_PIZZA) VALUES (61,'CHOCOLATE');
INSERT INTO PIZZARIA.INGREDIENTES_PIZZA (COD_PIZZA, INGREDIENTE) VALUES
(61, 'BANANA FATIADA COM COBERTURA DE CHOCOLATE AO LEITE');
INSERT INTO PIZZARIA.TAMANHO_PIZZA (COD_PIZZA, DESC_TAMANHO_PIZZA, PRECO_TAMANHO_PIZZA)
VALUES (61, 'INTEIRA', 50.90);
INSERT INTO PIZZARIA.TAMANHO_PIZZA (COD_PIZZA, DESC_TAMANHO_PIZZA, PRECO_TAMANHO_PIZZA)
VALUES (61, 'BROTO', 32.50);

INSERT INTO PIZZARIA.PIZZA (COD_PIZZA, NOME_PIZZA) VALUES (62,'BRIGADEIRO');
INSERT INTO PIZZARIA.INGREDIENTES_PIZZA (COD_PIZZA, INGREDIENTE) VALUES
(62, 'CREME DE BRIGADEIRO'), (62, 'CHOCOLATE GRANULADO');
INSERT INTO PIZZARIA.TAMANHO_PIZZA (COD_PIZZA, DESC_TAMANHO_PIZZA, PRECO_TAMANHO_PIZZA)
VALUES (62, 'INTEIRA', 50.90);
INSERT INTO PIZZARIA.TAMANHO_PIZZA (COD_PIZZA, DESC_TAMANHO_PIZZA, PRECO_TAMANHO_PIZZA)
VALUES (62, 'BROTO', 32.50);

INSERT INTO PIZZARIA.PIZZA (COD_PIZZA, NOME_PIZZA) VALUES (63,'BERINGELA');
INSERT INTO PIZZARIA.INGREDIENTES_PIZZA (COD_PIZZA, INGREDIENTE) VALUES
(63, 'MUSSARELA'), (63, 'BERINGELA REFOGADA'), (63, 'PARMESÃO'), (63, 'TOMATE FATIADO'), (63, 'ALHO PORÓ');
INSERT INTO PIZZARIA.TAMANHO_PIZZA (COD_PIZZA, DESC_TAMANHO_PIZZA, PRECO_TAMANHO_PIZZA)
VALUES (63, 'INTEIRA', 43.90);
INSERT INTO PIZZARIA.TAMANHO_PIZZA (COD_PIZZA, DESC_TAMANHO_PIZZA, PRECO_TAMANHO_PIZZA)
VALUES (63, 'BROTO', 30.50);

INSERT INTO PIZZARIA.PIZZA (COD_PIZZA, NOME_PIZZA) VALUES (64,'BATATA');
INSERT INTO PIZZARIA.INGREDIENTES_PIZZA (COD_PIZZA, INGREDIENTE) VALUES
(64, 'CATUPIRY'), (64, 'BATATA PALHA');
INSERT INTO PIZZARIA.TAMANHO_PIZZA (COD_PIZZA, DESC_TAMANHO_PIZZA, PRECO_TAMANHO_PIZZA)
VALUES (64, 'INTEIRA', 43.90);
INSERT INTO PIZZARIA.TAMANHO_PIZZA (COD_PIZZA, DESC_TAMANHO_PIZZA, PRECO_TAMANHO_PIZZA)
VALUES (64, 'BROTO', 30.50);

INSERT INTO PIZZARIA.PIZZA (COD_PIZZA, NOME_PIZZA) VALUES (65,'CINCO QUEIJOS');
INSERT INTO PIZZARIA.INGREDIENTES_PIZZA (COD_PIZZA, INGREDIENTE) VALUES
(65, 'MUSSARELA'), (65, 'PROVOLONE'), (65, 'CATUPIRY'), (65, 'PARMESÃO'), (65, 'GORGONZOLA');
INSERT INTO PIZZARIA.TAMANHO_PIZZA (COD_PIZZA, DESC_TAMANHO_PIZZA, PRECO_TAMANHO_PIZZA)
VALUES (65, 'INTEIRA', 62.90);
INSERT INTO PIZZARIA.TAMANHO_PIZZA (COD_PIZZA, DESC_TAMANHO_PIZZA, PRECO_TAMANHO_PIZZA)
VALUES (65, 'BROTO', 37.50);

INSERT INTO PIZZARIA.PIZZA (COD_PIZZA, NOME_PIZZA) VALUES (66,'FRANGO C/ CHEDDAR');
INSERT INTO PIZZARIA.INGREDIENTES_PIZZA (COD_PIZZA, INGREDIENTE) VALUES
(66, 'PEITO DE FRANGO DESFIADO'), (66, 'CHEDDAR');
INSERT INTO PIZZARIA.TAMANHO_PIZZA (COD_PIZZA, DESC_TAMANHO_PIZZA, PRECO_TAMANHO_PIZZA)
VALUES (66, 'INTEIRA', 52.90);
INSERT INTO PIZZARIA.TAMANHO_PIZZA (COD_PIZZA, DESC_TAMANHO_PIZZA, PRECO_TAMANHO_PIZZA)
VALUES (66, 'BROTO', 34.50);

INSERT INTO PIZZARIA.PIZZA (COD_PIZZA, NOME_PIZZA) VALUES (67,'VEGETARIANA');
INSERT INTO PIZZARIA.INGREDIENTES_PIZZA (COD_PIZZA, INGREDIENTE) VALUES
(67, 'ESCAROLA'), (67, 'CHAMPIGNON'), (67, 'PALMITO'), (67, 'MUSSARELA'), (67, 'CEBOLA');
INSERT INTO PIZZARIA.TAMANHO_PIZZA (COD_PIZZA, DESC_TAMANHO_PIZZA, PRECO_TAMANHO_PIZZA)
VALUES (67, 'INTEIRA', 62.90);
INSERT INTO PIZZARIA.TAMANHO_PIZZA (COD_PIZZA, DESC_TAMANHO_PIZZA, PRECO_TAMANHO_PIZZA)
VALUES (67, 'BROTO', 37.50);

INSERT INTO PIZZARIA.PIZZA (COD_PIZZA, NOME_PIZZA) VALUES (68,'CAIPIRA');
INSERT INTO PIZZARIA.INGREDIENTES_PIZZA (COD_PIZZA, INGREDIENTE) VALUES
(68, 'FRANGO'), (68, 'MILHO'), (68, 'BACON'), (68, 'MUSSARELA');
INSERT INTO PIZZARIA.TAMANHO_PIZZA (COD_PIZZA, DESC_TAMANHO_PIZZA, PRECO_TAMANHO_PIZZA)
VALUES (68, 'INTEIRA', 58.90);
INSERT INTO PIZZARIA.TAMANHO_PIZZA (COD_PIZZA, DESC_TAMANHO_PIZZA, PRECO_TAMANHO_PIZZA)
VALUES (68, 'BROTO', 36.50);

INSERT INTO PIZZARIA.PIZZA (COD_PIZZA, NOME_PIZZA) VALUES (69,'PIZZAIOLO');
INSERT INTO PIZZARIA.INGREDIENTES_PIZZA (COD_PIZZA, INGREDIENTE) VALUES
(69, 'PRESUNTO'), (69, 'TOMATE SECO'), (69, 'ALHO PORÓ'), (69, 'MUSSARELA TRADICIONAL OU BÚFALA');
INSERT INTO PIZZARIA.TAMANHO_PIZZA (COD_PIZZA, DESC_TAMANHO_PIZZA, PRECO_TAMANHO_PIZZA)
VALUES (69, 'INTEIRA', 62.90);
INSERT INTO PIZZARIA.TAMANHO_PIZZA (COD_PIZZA, DESC_TAMANHO_PIZZA, PRECO_TAMANHO_PIZZA)
VALUES (69, 'BROTO', 37.50);

INSERT INTO PIZZARIA.PIZZA (COD_PIZZA, NOME_PIZZA) VALUES (70,'BACALHAU A PORTUGUESA');
INSERT INTO PIZZARIA.INGREDIENTES_PIZZA (COD_PIZZA, INGREDIENTE) VALUES
(70, 'MUSSARELA'), (70, 'BACALHAU'), (70, 'ALHO PORÓ'), (70, 'OVOS'), (70, 'TOMATE EM RODELAS'), (70, 'PARMESÃO');
INSERT INTO PIZZARIA.TAMANHO_PIZZA (COD_PIZZA, DESC_TAMANHO_PIZZA, PRECO_TAMANHO_PIZZA)
VALUES (70, 'INTEIRA', 58.90);
INSERT INTO PIZZARIA.TAMANHO_PIZZA (COD_PIZZA, DESC_TAMANHO_PIZZA, PRECO_TAMANHO_PIZZA)
VALUES (70, 'BROTO', 36.50);

INSERT INTO PIZZARIA.PIZZA (COD_PIZZA, NOME_PIZZA) VALUES (71,'PERUANA');
INSERT INTO PIZZARIA.INGREDIENTES_PIZZA (COD_PIZZA, INGREDIENTE) VALUES
(71, 'MUSSARELA'), (71, 'LINGUIÇA CALABRESA'), (71, 'PRESUNTO'), (71, 'CEBOLA'), (71, 'OVOS'), (71, 'PALMITO');
INSERT INTO PIZZARIA.TAMANHO_PIZZA (COD_PIZZA, DESC_TAMANHO_PIZZA, PRECO_TAMANHO_PIZZA)
VALUES (71, 'INTEIRA', 62.90);
INSERT INTO PIZZARIA.TAMANHO_PIZZA (COD_PIZZA, DESC_TAMANHO_PIZZA, PRECO_TAMANHO_PIZZA)
VALUES (71, 'BROTO', 37.50);

INSERT INTO PIZZARIA.PIZZA (COD_PIZZA, NOME_PIZZA) VALUES (72,'AL CAPONE');
INSERT INTO PIZZARIA.INGREDIENTES_PIZZA (COD_PIZZA, INGREDIENTE) VALUES
(72, 'PRESUNTO'), (72, 'FRANGO'), (72, 'CATUPIRY OU MUSSARELA');
INSERT INTO PIZZARIA.TAMANHO_PIZZA (COD_PIZZA, DESC_TAMANHO_PIZZA, PRECO_TAMANHO_PIZZA)
VALUES (72, 'INTEIRA', 58.90);
INSERT INTO PIZZARIA.TAMANHO_PIZZA (COD_PIZZA, DESC_TAMANHO_PIZZA, PRECO_TAMANHO_PIZZA)
VALUES (72, 'BROTO', 36.50);

INSERT INTO PIZZARIA.PIZZA (COD_PIZZA, NOME_PIZZA) VALUES (73,'LOMBO COM CHEDDAR');
INSERT INTO PIZZARIA.INGREDIENTES_PIZZA (COD_PIZZA, INGREDIENTE) VALUES
(73, 'LOMBO CANADENSE FATIADO'), (73, 'CEBOLA'), (73, 'CHEDDAR');
INSERT INTO PIZZARIA.TAMANHO_PIZZA (COD_PIZZA, DESC_TAMANHO_PIZZA, PRECO_TAMANHO_PIZZA)
VALUES (73, 'INTEIRA', 50.90);
INSERT INTO PIZZARIA.TAMANHO_PIZZA (COD_PIZZA, DESC_TAMANHO_PIZZA, PRECO_TAMANHO_PIZZA)
VALUES (73, 'BROTO', 32.50);

INSERT INTO PIZZARIA.PIZZA (COD_PIZZA, NOME_PIZZA) VALUES (74,'VENEZA');
INSERT INTO PIZZARIA.INGREDIENTES_PIZZA (COD_PIZZA, INGREDIENTE) VALUES
(74, 'PEITO DE FRANGO DESFIADO'), (74, 'MILHO VERDE'), (74, 'CATUPIRY');
INSERT INTO PIZZARIA.TAMANHO_PIZZA (COD_PIZZA, DESC_TAMANHO_PIZZA, PRECO_TAMANHO_PIZZA)
VALUES (74, 'INTEIRA', 58.90);
INSERT INTO PIZZARIA.TAMANHO_PIZZA (COD_PIZZA, DESC_TAMANHO_PIZZA, PRECO_TAMANHO_PIZZA)
VALUES (74, 'BROTO', 36.50);

INSERT INTO PIZZARIA.PIZZA (COD_PIZZA, NOME_PIZZA) VALUES (75,'PRESTÍGIO');
INSERT INTO PIZZARIA.INGREDIENTES_PIZZA (COD_PIZZA, INGREDIENTE) VALUES
(75, 'CREME DE BRIGADEIRO'), (75, 'RECHEADO COM COCO RALADO'), (75, 'COBERTO COM CHOCOLATE AO LEITE EM LASCAS');
INSERT INTO PIZZARIA.TAMANHO_PIZZA (COD_PIZZA, DESC_TAMANHO_PIZZA, PRECO_TAMANHO_PIZZA)
VALUES (75, 'INTEIRA', 52.90);
INSERT INTO PIZZARIA.TAMANHO_PIZZA (COD_PIZZA, DESC_TAMANHO_PIZZA, PRECO_TAMANHO_PIZZA)
VALUES (75, 'BROTO', 34.50);

INSERT INTO PIZZARIA.PIZZA (COD_PIZZA, NOME_PIZZA) VALUES (76,'POMODORO');
INSERT INTO PIZZARIA.INGREDIENTES_PIZZA (COD_PIZZA, INGREDIENTE) VALUES
(76, 'MUSSARELA'), (76, 'MANJERICÃO FRESCO'), (76, 'MOLHO DE TOMATE'), (76, 'ALHO FRITO'), (76, 'PARMESÃO');
INSERT INTO PIZZARIA.TAMANHO_PIZZA (COD_PIZZA, DESC_TAMANHO_PIZZA, PRECO_TAMANHO_PIZZA)
VALUES (76, 'INTEIRA', 50.90);
INSERT INTO PIZZARIA.TAMANHO_PIZZA (COD_PIZZA, DESC_TAMANHO_PIZZA, PRECO_TAMANHO_PIZZA)
VALUES (76, 'BROTO', 32.50);

INSERT INTO PIZZARIA.PIZZA (COD_PIZZA, NOME_PIZZA) VALUES (77,'BELLA PAULISTA');
INSERT INTO PIZZARIA.INGREDIENTES_PIZZA (COD_PIZZA, INGREDIENTE) VALUES
(77, 'MUSSARELA OU CATUPIRY'), (77, 'PEITO DE PERU'), (77, 'OVOS'), (77, 'ALHO PORÓ');
INSERT INTO PIZZARIA.TAMANHO_PIZZA (COD_PIZZA, DESC_TAMANHO_PIZZA, PRECO_TAMANHO_PIZZA)
VALUES (77, 'INTEIRA', 62.90);
INSERT INTO PIZZARIA.TAMANHO_PIZZA (COD_PIZZA, DESC_TAMANHO_PIZZA, PRECO_TAMANHO_PIZZA)
VALUES (77, 'BROTO', 37.50);

INSERT INTO PIZZARIA.PIZZA (COD_PIZZA, NOME_PIZZA) VALUES (78,'BELLA VISTA');
INSERT INTO PIZZARIA.INGREDIENTES_PIZZA (COD_PIZZA, INGREDIENTE) VALUES
(78, 'MUSSARELA'), (78, 'PALMITO'), (78, 'BACON'), (78, 'CAMARÃO'), (78, 'ALHO PORÓ');
INSERT INTO PIZZARIA.TAMANHO_PIZZA (COD_PIZZA, DESC_TAMANHO_PIZZA, PRECO_TAMANHO_PIZZA)
VALUES (78, 'INTEIRA', 62.90);
INSERT INTO PIZZARIA.TAMANHO_PIZZA (COD_PIZZA, DESC_TAMANHO_PIZZA, PRECO_TAMANHO_PIZZA)
VALUES (78, 'BROTO', 37.50);

INSERT INTO PIZZARIA.PIZZA (COD_PIZZA, NOME_PIZZA) VALUES (79,'CARNE SECA');
INSERT INTO PIZZARIA.INGREDIENTES_PIZZA (COD_PIZZA, INGREDIENTE) VALUES
(79, 'CATUPIRY OU MUSSARELA'), (79, 'CARNE SECA DESFIADA'), (79, 'ALHO PORÓ'), (79, 'PARMESÃO');
INSERT INTO PIZZARIA.TAMANHO_PIZZA (COD_PIZZA, DESC_TAMANHO_PIZZA, PRECO_TAMANHO_PIZZA)
VALUES (79, 'INTEIRA', 58.90);
INSERT INTO PIZZARIA.TAMANHO_PIZZA (COD_PIZZA, DESC_TAMANHO_PIZZA, PRECO_TAMANHO_PIZZA)
VALUES (79, 'BROTO', 36.50);

INSERT INTO PIZZARIA.PIZZA (COD_PIZZA, NOME_PIZZA) VALUES (80,'ABOBRINHA');
INSERT INTO PIZZARIA.INGREDIENTES_PIZZA (COD_PIZZA, INGREDIENTE) VALUES
(80, 'ABOBRINHA PRÉ ASSADA COM ALHO PORÓ'), (80, 'COBERTO COM MUSSARELA'), (80, 'PARMESÃO');
INSERT INTO PIZZARIA.TAMANHO_PIZZA (COD_PIZZA, DESC_TAMANHO_PIZZA, PRECO_TAMANHO_PIZZA)
VALUES (80, 'INTEIRA', 43.90);
INSERT INTO PIZZARIA.TAMANHO_PIZZA (COD_PIZZA, DESC_TAMANHO_PIZZA, PRECO_TAMANHO_PIZZA)
VALUES (80, 'BROTO', 30.50);

INSERT INTO PIZZARIA.PIZZA (COD_PIZZA, NOME_PIZZA) VALUES (81,'DI PARMA');
INSERT INTO PIZZARIA.INGREDIENTES_PIZZA (COD_PIZZA, INGREDIENTE) VALUES
(81, 'MUSSARELA'), (81, 'PRESUNTO PARMA'), (81, 'RODELAS DE TOMATE');
INSERT INTO PIZZARIA.TAMANHO_PIZZA (COD_PIZZA, DESC_TAMANHO_PIZZA, PRECO_TAMANHO_PIZZA)
VALUES (81, 'INTEIRA', 62.90);
INSERT INTO PIZZARIA.TAMANHO_PIZZA (COD_PIZZA, DESC_TAMANHO_PIZZA, PRECO_TAMANHO_PIZZA)
VALUES (81, 'BROTO', 37.50);

INSERT INTO PIZZARIA.PIZZA (COD_PIZZA, NOME_PIZZA) VALUES (82,'SONHO DE VALSA');
INSERT INTO PIZZARIA.INGREDIENTES_PIZZA (COD_PIZZA, INGREDIENTE) VALUES
(82, 'CREME DE CHOCOLATE'), (82, 'CHOCOLATE BRANCO EM LASCAS'), (82, 'COM PEDAÇOS DE SONHO DE VALSA');
INSERT INTO PIZZARIA.TAMANHO_PIZZA (COD_PIZZA, DESC_TAMANHO_PIZZA, PRECO_TAMANHO_PIZZA)
VALUES (82, 'INTEIRA', 58.90);
INSERT INTO PIZZARIA.TAMANHO_PIZZA (COD_PIZZA, DESC_TAMANHO_PIZZA, PRECO_TAMANHO_PIZZA)
VALUES (82, 'BROTO', 36.50);

INSERT INTO PIZZARIA.PIZZA (COD_PIZZA, NOME_PIZZA) VALUES (83,'INVERNO');
INSERT INTO PIZZARIA.INGREDIENTES_PIZZA (COD_PIZZA, INGREDIENTE) VALUES
(83, 'FRANGO DESFIADO'), (83, 'CHEDDAR'), (83, 'MILHO VERDE'), (83, 'RODELAS DE TOMATE');
INSERT INTO PIZZARIA.TAMANHO_PIZZA (COD_PIZZA, DESC_TAMANHO_PIZZA, PRECO_TAMANHO_PIZZA)
VALUES (83, 'INTEIRA', 58.90);
INSERT INTO PIZZARIA.TAMANHO_PIZZA (COD_PIZZA, DESC_TAMANHO_PIZZA, PRECO_TAMANHO_PIZZA)
VALUES (83, 'BROTO', 36.50);

INSERT INTO PIZZARIA.PIZZA (COD_PIZZA, NOME_PIZZA) VALUES (84,'GOIANIA');
INSERT INTO PIZZARIA.INGREDIENTES_PIZZA (COD_PIZZA, INGREDIENTE) VALUES
(84, 'PEITO DE FRANGO DESFIADO'), (84, 'CATUPIRY'), (84, 'TOMATE FATIADO'), (84, 'MILHO VERDE'), (84, 'BACON');
INSERT INTO PIZZARIA.TAMANHO_PIZZA (COD_PIZZA, DESC_TAMANHO_PIZZA, PRECO_TAMANHO_PIZZA)
VALUES (84, 'INTEIRA', 58.90);
INSERT INTO PIZZARIA.TAMANHO_PIZZA (COD_PIZZA, DESC_TAMANHO_PIZZA, PRECO_TAMANHO_PIZZA)
VALUES (84, 'BROTO', 36.50);

INSERT INTO PIZZARIA.PIZZA (COD_PIZZA, NOME_PIZZA) VALUES (85,'TRÊS QUEIJOS');
INSERT INTO PIZZARIA.INGREDIENTES_PIZZA (COD_PIZZA, INGREDIENTE) VALUES
(85, 'CATUPIRY'), (85, 'PROVOLONE'), (85, 'MUSSARELA');
INSERT INTO PIZZARIA.TAMANHO_PIZZA (COD_PIZZA, DESC_TAMANHO_PIZZA, PRECO_TAMANHO_PIZZA)
VALUES (85, 'INTEIRA', 52.90);
INSERT INTO PIZZARIA.TAMANHO_PIZZA (COD_PIZZA, DESC_TAMANHO_PIZZA, PRECO_TAMANHO_PIZZA)
VALUES (85, 'BROTO', 34.50);

INSERT INTO PIZZARIA.PIZZA (COD_PIZZA, NOME_PIZZA) VALUES (86,'LIGTH');
INSERT INTO PIZZARIA.INGREDIENTES_PIZZA (COD_PIZZA, INGREDIENTE) VALUES
(86, 'CHAMPIGNON'), (86, 'PALMITO'), (86, 'TOMATE SECO'), (86, 'COBERTOO COM MUSSARELA DE BÚFALA');
INSERT INTO PIZZARIA.TAMANHO_PIZZA (COD_PIZZA, DESC_TAMANHO_PIZZA, PRECO_TAMANHO_PIZZA)
VALUES (86, 'INTEIRA', 62.90);
INSERT INTO PIZZARIA.TAMANHO_PIZZA (COD_PIZZA, DESC_TAMANHO_PIZZA, PRECO_TAMANHO_PIZZA)
VALUES (86, 'BROTO', 37.50);

INSERT INTO PIZZARIA.PIZZA (COD_PIZZA, NOME_PIZZA) VALUES (87,'VERÃO');
INSERT INTO PIZZARIA.INGREDIENTES_PIZZA (COD_PIZZA, INGREDIENTE) VALUES
(87, 'RICOTA TEMPERADA'), (87, 'TOMATE SECO'), (87, 'ALHO PORÓ'), (87, 'COBERTO COM MUSSARELA');
INSERT INTO PIZZARIA.TAMANHO_PIZZA (COD_PIZZA, DESC_TAMANHO_PIZZA, PRECO_TAMANHO_PIZZA)
VALUES (87, 'INTEIRA', 58.90);
INSERT INTO PIZZARIA.TAMANHO_PIZZA (COD_PIZZA, DESC_TAMANHO_PIZZA, PRECO_TAMANHO_PIZZA)
VALUES (87, 'BROTO', 36.50);

INSERT INTO PIZZARIA.PIZZA (COD_PIZZA, NOME_PIZZA) VALUES (88,'M&M');
INSERT INTO PIZZARIA.INGREDIENTES_PIZZA (COD_PIZZA, INGREDIENTE) VALUES
(88, 'RECHEIO DE CHOCOLATE AO LEITE COBERTO COM M&MS');
INSERT INTO PIZZARIA.TAMANHO_PIZZA (COD_PIZZA, DESC_TAMANHO_PIZZA, PRECO_TAMANHO_PIZZA)
VALUES (88, 'INTEIRA', 52.90);
INSERT INTO PIZZARIA.TAMANHO_PIZZA (COD_PIZZA, DESC_TAMANHO_PIZZA, PRECO_TAMANHO_PIZZA)
VALUES (88, 'BROTO', 34.50);

INSERT INTO PIZZARIA.PIZZA (COD_PIZZA, NOME_PIZZA) VALUES (89,'A MINEIRA');
INSERT INTO PIZZARIA.INGREDIENTES_PIZZA (COD_PIZZA, INGREDIENTE) VALUES
(89, 'MUSSARELA'), (89, 'LOMBO FATIADO'), (89, 'OVOS PICADOS'), (89, 'BACON'), (89, 'CEBOLINHA'), (89, 'UM LEVE TOQUE DE ALHO FRITO');
INSERT INTO PIZZARIA.TAMANHO_PIZZA (COD_PIZZA, DESC_TAMANHO_PIZZA, PRECO_TAMANHO_PIZZA)
VALUES (89, 'INTEIRA', 58.90);
INSERT INTO PIZZARIA.TAMANHO_PIZZA (COD_PIZZA, DESC_TAMANHO_PIZZA, PRECO_TAMANHO_PIZZA)
VALUES (89, 'BROTO', 36.50);

INSERT INTO PIZZARIA.PIZZA (COD_PIZZA, NOME_PIZZA) VALUES (90,'PHILADELPHIA');
INSERT INTO PIZZARIA.INGREDIENTES_PIZZA (COD_PIZZA, INGREDIENTE) VALUES
(90, 'PEITO DE PERU'), (90, 'CREAM CHEESE PHILADELPHIA'), (90, 'TOMATE SECO');
INSERT INTO PIZZARIA.TAMANHO_PIZZA (COD_PIZZA, DESC_TAMANHO_PIZZA, PRECO_TAMANHO_PIZZA)
VALUES (90, 'INTEIRA', 62.90);
INSERT INTO PIZZARIA.TAMANHO_PIZZA (COD_PIZZA, DESC_TAMANHO_PIZZA, PRECO_TAMANHO_PIZZA)
VALUES (90, 'BROTO', 37.50);

INSERT INTO PIZZARIA.PIZZA (COD_PIZZA, NOME_PIZZA) VALUES (91,'PREMIUM PHILADELPHIA');
INSERT INTO PIZZARIA.INGREDIENTES_PIZZA (COD_PIZZA, INGREDIENTE) VALUES
(91, 'PEITO DE PERU'), (91, 'CREAM CHEESE PHILADELPHIA'), (91, 'PEPPERONI'), (91, 'MAJERICÃO');
INSERT INTO PIZZARIA.TAMANHO_PIZZA (COD_PIZZA, DESC_TAMANHO_PIZZA, PRECO_TAMANHO_PIZZA)
VALUES (91, 'INTEIRA', 62.90);
INSERT INTO PIZZARIA.TAMANHO_PIZZA (COD_PIZZA, DESC_TAMANHO_PIZZA, PRECO_TAMANHO_PIZZA)
VALUES (91, 'BROTO', 37.50);

INSERT INTO PIZZARIA.PIZZA (COD_PIZZA, NOME_PIZZA) VALUES (92,'MODA DO CHEFE');
INSERT INTO PIZZARIA.INGREDIENTES_PIZZA (COD_PIZZA, INGREDIENTE) VALUES
(92, 'PEITO DE PERU'), (92, 'PALMITO'), (92, 'COBERTO COM MUSSARELA DE BÚFALA');
INSERT INTO PIZZARIA.TAMANHO_PIZZA (COD_PIZZA, DESC_TAMANHO_PIZZA, PRECO_TAMANHO_PIZZA)
VALUES (92, 'INTEIRA', 62.90);
INSERT INTO PIZZARIA.TAMANHO_PIZZA (COD_PIZZA, DESC_TAMANHO_PIZZA, PRECO_TAMANHO_PIZZA)
VALUES (92, 'BROTO', 37.50);

INSERT INTO PIZZARIA.PEDIDO (NUM_PEDIDO,DTA_HOR_ABERTURA_PEDIDO,DTA_HOR_FECHAMENTO_PEDIDO,IDF_ORIGEM_PEDIDO,IDF_FORMA_PAGAMENTO,COD_CLIENTE) VALUES (1,"2020-06-11 20:12:57","2021-07-31 11:44:07",2,1,149);
INSERT INTO PIZZARIA.PEDIDO (NUM_PEDIDO,DTA_HOR_ABERTURA_PEDIDO,DTA_HOR_FECHAMENTO_PEDIDO,IDF_ORIGEM_PEDIDO,IDF_FORMA_PAGAMENTO,COD_CLIENTE) VALUES (2,"2020-06-29 17:01:21","2021-04-01 13:50:52",3,4,34);
INSERT INTO PIZZARIA.PEDIDO (NUM_PEDIDO,DTA_HOR_ABERTURA_PEDIDO,DTA_HOR_FECHAMENTO_PEDIDO,IDF_ORIGEM_PEDIDO,IDF_FORMA_PAGAMENTO,COD_CLIENTE) VALUES (3,"2020-06-17 22:31:43","2021-02-17 14:03:51",2,3,64);
INSERT INTO PIZZARIA.PEDIDO (NUM_PEDIDO,DTA_HOR_ABERTURA_PEDIDO,DTA_HOR_FECHAMENTO_PEDIDO,IDF_ORIGEM_PEDIDO,IDF_FORMA_PAGAMENTO,COD_CLIENTE) VALUES (4,"2021-05-13 07:25:26","2020-07-19 14:10:24",1,2,66);
INSERT INTO PIZZARIA.PEDIDO (NUM_PEDIDO,DTA_HOR_ABERTURA_PEDIDO,DTA_HOR_FECHAMENTO_PEDIDO,IDF_ORIGEM_PEDIDO,IDF_FORMA_PAGAMENTO,COD_CLIENTE) VALUES (5,"2021-05-30 12:16:57","2020-10-28 20:46:09",2,4,155);
INSERT INTO PIZZARIA.PEDIDO (NUM_PEDIDO,DTA_HOR_ABERTURA_PEDIDO,DTA_HOR_FECHAMENTO_PEDIDO,IDF_ORIGEM_PEDIDO,IDF_FORMA_PAGAMENTO,COD_CLIENTE) VALUES (6,"2021-10-10 10:03:08","2021-04-12 06:35:57",2,1,168);
INSERT INTO PIZZARIA.PEDIDO (NUM_PEDIDO,DTA_HOR_ABERTURA_PEDIDO,DTA_HOR_FECHAMENTO_PEDIDO,IDF_ORIGEM_PEDIDO,IDF_FORMA_PAGAMENTO,COD_CLIENTE) VALUES (7,"2020-10-11 15:12:42","2020-07-29 22:44:09",2,2,121);
INSERT INTO PIZZARIA.PEDIDO (NUM_PEDIDO,DTA_HOR_ABERTURA_PEDIDO,DTA_HOR_FECHAMENTO_PEDIDO,IDF_ORIGEM_PEDIDO,IDF_FORMA_PAGAMENTO,COD_CLIENTE) VALUES (8,"2020-12-21 15:11:23","2022-04-22 10:36:28",2,1,274);
INSERT INTO PIZZARIA.PEDIDO (NUM_PEDIDO,DTA_HOR_ABERTURA_PEDIDO,DTA_HOR_FECHAMENTO_PEDIDO,IDF_ORIGEM_PEDIDO,IDF_FORMA_PAGAMENTO,COD_CLIENTE) VALUES (9,"2020-08-02 14:16:11","2022-05-12 02:56:26",1,4,103);
INSERT INTO PIZZARIA.PEDIDO (NUM_PEDIDO,DTA_HOR_ABERTURA_PEDIDO,DTA_HOR_FECHAMENTO_PEDIDO,IDF_ORIGEM_PEDIDO,IDF_FORMA_PAGAMENTO,COD_CLIENTE) VALUES (10,"2022-05-09 03:47:42","2021-04-13 10:40:03",2,3,105);
INSERT INTO PIZZARIA.PEDIDO (NUM_PEDIDO,DTA_HOR_ABERTURA_PEDIDO,DTA_HOR_FECHAMENTO_PEDIDO,IDF_ORIGEM_PEDIDO,IDF_FORMA_PAGAMENTO,COD_CLIENTE) VALUES (11,"2020-09-13 10:26:15","2022-03-31 23:08:25",1,1,265);
INSERT INTO PIZZARIA.PEDIDO (NUM_PEDIDO,DTA_HOR_ABERTURA_PEDIDO,DTA_HOR_FECHAMENTO_PEDIDO,IDF_ORIGEM_PEDIDO,IDF_FORMA_PAGAMENTO,COD_CLIENTE) VALUES (12,"2021-08-01 02:41:46","2020-09-15 12:47:03",1,4,89);
INSERT INTO PIZZARIA.PEDIDO (NUM_PEDIDO,DTA_HOR_ABERTURA_PEDIDO,DTA_HOR_FECHAMENTO_PEDIDO,IDF_ORIGEM_PEDIDO,IDF_FORMA_PAGAMENTO,COD_CLIENTE) VALUES (13,"2021-07-19 14:48:12","2021-03-20 08:49:51",1,4,25);
INSERT INTO PIZZARIA.PEDIDO (NUM_PEDIDO,DTA_HOR_ABERTURA_PEDIDO,DTA_HOR_FECHAMENTO_PEDIDO,IDF_ORIGEM_PEDIDO,IDF_FORMA_PAGAMENTO,COD_CLIENTE) VALUES (14,"2021-12-07 16:47:06","2021-02-03 04:44:14",1,3,193);
INSERT INTO PIZZARIA.PEDIDO (NUM_PEDIDO,DTA_HOR_ABERTURA_PEDIDO,DTA_HOR_FECHAMENTO_PEDIDO,IDF_ORIGEM_PEDIDO,IDF_FORMA_PAGAMENTO,COD_CLIENTE) VALUES (15,"2020-11-26 03:41:57","2020-10-11 15:48:22",3,4,128);
INSERT INTO PIZZARIA.PEDIDO (NUM_PEDIDO,DTA_HOR_ABERTURA_PEDIDO,DTA_HOR_FECHAMENTO_PEDIDO,IDF_ORIGEM_PEDIDO,IDF_FORMA_PAGAMENTO,COD_CLIENTE) VALUES (16,"2021-03-12 05:48:32","2021-09-04 07:12:11",2,3,82);
INSERT INTO PIZZARIA.PEDIDO (NUM_PEDIDO,DTA_HOR_ABERTURA_PEDIDO,DTA_HOR_FECHAMENTO_PEDIDO,IDF_ORIGEM_PEDIDO,IDF_FORMA_PAGAMENTO,COD_CLIENTE) VALUES (17,"2020-10-07 12:49:35","2021-05-09 15:51:23",2,4,120);
INSERT INTO PIZZARIA.PEDIDO (NUM_PEDIDO,DTA_HOR_ABERTURA_PEDIDO,DTA_HOR_FECHAMENTO_PEDIDO,IDF_ORIGEM_PEDIDO,IDF_FORMA_PAGAMENTO,COD_CLIENTE) VALUES (18,"2021-11-30 19:36:17","2021-12-30 18:00:41",2,2,63);
INSERT INTO PIZZARIA.PEDIDO (NUM_PEDIDO,DTA_HOR_ABERTURA_PEDIDO,DTA_HOR_FECHAMENTO_PEDIDO,IDF_ORIGEM_PEDIDO,IDF_FORMA_PAGAMENTO,COD_CLIENTE) VALUES (19,"2021-03-12 22:03:56","2022-01-03 04:54:52",2,1,205);
INSERT INTO PIZZARIA.PEDIDO (NUM_PEDIDO,DTA_HOR_ABERTURA_PEDIDO,DTA_HOR_FECHAMENTO_PEDIDO,IDF_ORIGEM_PEDIDO,IDF_FORMA_PAGAMENTO,COD_CLIENTE) VALUES (20,"2022-03-20 11:09:20","2021-04-30 23:54:01",3,3,8);
INSERT INTO PIZZARIA.PEDIDO (NUM_PEDIDO,DTA_HOR_ABERTURA_PEDIDO,DTA_HOR_FECHAMENTO_PEDIDO,IDF_ORIGEM_PEDIDO,IDF_FORMA_PAGAMENTO,COD_CLIENTE) VALUES (21,"2021-05-20 06:22:55","2020-10-03 17:34:14",3,1,291);
INSERT INTO PIZZARIA.PEDIDO (NUM_PEDIDO,DTA_HOR_ABERTURA_PEDIDO,DTA_HOR_FECHAMENTO_PEDIDO,IDF_ORIGEM_PEDIDO,IDF_FORMA_PAGAMENTO,COD_CLIENTE) VALUES (22,"2021-05-15 09:50:37","2021-08-27 13:51:13",2,2,141);
INSERT INTO PIZZARIA.PEDIDO (NUM_PEDIDO,DTA_HOR_ABERTURA_PEDIDO,DTA_HOR_FECHAMENTO_PEDIDO,IDF_ORIGEM_PEDIDO,IDF_FORMA_PAGAMENTO,COD_CLIENTE) VALUES (23,"2020-07-13 10:53:29","2022-03-22 07:16:40",3,3,196);
INSERT INTO PIZZARIA.PEDIDO (NUM_PEDIDO,DTA_HOR_ABERTURA_PEDIDO,DTA_HOR_FECHAMENTO_PEDIDO,IDF_ORIGEM_PEDIDO,IDF_FORMA_PAGAMENTO,COD_CLIENTE) VALUES (24,"2020-12-03 00:50:32","2020-06-05 06:42:50",1,1,39);
INSERT INTO PIZZARIA.PEDIDO (NUM_PEDIDO,DTA_HOR_ABERTURA_PEDIDO,DTA_HOR_FECHAMENTO_PEDIDO,IDF_ORIGEM_PEDIDO,IDF_FORMA_PAGAMENTO,COD_CLIENTE) VALUES (25,"2022-05-11 05:40:25","2020-10-18 00:04:27",2,2,78);
INSERT INTO PIZZARIA.PEDIDO (NUM_PEDIDO,DTA_HOR_ABERTURA_PEDIDO,DTA_HOR_FECHAMENTO_PEDIDO,IDF_ORIGEM_PEDIDO,IDF_FORMA_PAGAMENTO,COD_CLIENTE) VALUES (26,"2020-08-05 07:25:32","2021-11-03 21:00:31",1,1,56);
INSERT INTO PIZZARIA.PEDIDO (NUM_PEDIDO,DTA_HOR_ABERTURA_PEDIDO,DTA_HOR_FECHAMENTO_PEDIDO,IDF_ORIGEM_PEDIDO,IDF_FORMA_PAGAMENTO,COD_CLIENTE) VALUES (27,"2021-08-22 18:31:35","2021-12-23 14:38:06",1,1,204);
INSERT INTO PIZZARIA.PEDIDO (NUM_PEDIDO,DTA_HOR_ABERTURA_PEDIDO,DTA_HOR_FECHAMENTO_PEDIDO,IDF_ORIGEM_PEDIDO,IDF_FORMA_PAGAMENTO,COD_CLIENTE) VALUES (28,"2020-09-06 13:26:44","2021-06-10 00:30:02",1,3,202);
INSERT INTO PIZZARIA.PEDIDO (NUM_PEDIDO,DTA_HOR_ABERTURA_PEDIDO,DTA_HOR_FECHAMENTO_PEDIDO,IDF_ORIGEM_PEDIDO,IDF_FORMA_PAGAMENTO,COD_CLIENTE) VALUES (29,"2022-01-03 05:01:11","2022-01-16 23:29:13",3,2,3);
INSERT INTO PIZZARIA.PEDIDO (NUM_PEDIDO,DTA_HOR_ABERTURA_PEDIDO,DTA_HOR_FECHAMENTO_PEDIDO,IDF_ORIGEM_PEDIDO,IDF_FORMA_PAGAMENTO,COD_CLIENTE) VALUES (30,"2021-08-15 10:17:17","2021-08-20 06:19:35",1,2,64);
INSERT INTO PIZZARIA.PEDIDO (NUM_PEDIDO,DTA_HOR_ABERTURA_PEDIDO,DTA_HOR_FECHAMENTO_PEDIDO,IDF_ORIGEM_PEDIDO,IDF_FORMA_PAGAMENTO,COD_CLIENTE) VALUES (31,"2021-05-15 03:06:19","2020-10-26 07:49:47",3,3,104);
INSERT INTO PIZZARIA.PEDIDO (NUM_PEDIDO,DTA_HOR_ABERTURA_PEDIDO,DTA_HOR_FECHAMENTO_PEDIDO,IDF_ORIGEM_PEDIDO,IDF_FORMA_PAGAMENTO,COD_CLIENTE) VALUES (32,"2020-09-04 12:04:46","2022-03-15 14:20:36",1,1,53);
INSERT INTO PIZZARIA.PEDIDO (NUM_PEDIDO,DTA_HOR_ABERTURA_PEDIDO,DTA_HOR_FECHAMENTO_PEDIDO,IDF_ORIGEM_PEDIDO,IDF_FORMA_PAGAMENTO,COD_CLIENTE) VALUES (33,"2021-12-05 18:05:16","2021-06-09 15:08:46",3,4,220);
INSERT INTO PIZZARIA.PEDIDO (NUM_PEDIDO,DTA_HOR_ABERTURA_PEDIDO,DTA_HOR_FECHAMENTO_PEDIDO,IDF_ORIGEM_PEDIDO,IDF_FORMA_PAGAMENTO,COD_CLIENTE) VALUES (34,"2020-09-27 23:24:12","2020-07-15 17:09:20",2,2,49);
INSERT INTO PIZZARIA.PEDIDO (NUM_PEDIDO,DTA_HOR_ABERTURA_PEDIDO,DTA_HOR_FECHAMENTO_PEDIDO,IDF_ORIGEM_PEDIDO,IDF_FORMA_PAGAMENTO,COD_CLIENTE) VALUES (35,"2022-04-15 00:22:45","2021-03-24 21:29:47",1,4,213);
INSERT INTO PIZZARIA.PEDIDO (NUM_PEDIDO,DTA_HOR_ABERTURA_PEDIDO,DTA_HOR_FECHAMENTO_PEDIDO,IDF_ORIGEM_PEDIDO,IDF_FORMA_PAGAMENTO,COD_CLIENTE) VALUES (36,"2022-05-05 08:56:06","2021-10-16 07:53:15",1,4,58);
INSERT INTO PIZZARIA.PEDIDO (NUM_PEDIDO,DTA_HOR_ABERTURA_PEDIDO,DTA_HOR_FECHAMENTO_PEDIDO,IDF_ORIGEM_PEDIDO,IDF_FORMA_PAGAMENTO,COD_CLIENTE) VALUES (37,"2021-01-15 05:25:20","2022-04-20 07:56:06",2,1,209);
INSERT INTO PIZZARIA.PEDIDO (NUM_PEDIDO,DTA_HOR_ABERTURA_PEDIDO,DTA_HOR_FECHAMENTO_PEDIDO,IDF_ORIGEM_PEDIDO,IDF_FORMA_PAGAMENTO,COD_CLIENTE) VALUES (38,"2022-05-04 10:53:07","2022-02-19 03:55:08",3,1,58);
INSERT INTO PIZZARIA.PEDIDO (NUM_PEDIDO,DTA_HOR_ABERTURA_PEDIDO,DTA_HOR_FECHAMENTO_PEDIDO,IDF_ORIGEM_PEDIDO,IDF_FORMA_PAGAMENTO,COD_CLIENTE) VALUES (39,"2021-03-30 20:01:40","2021-07-16 17:09:01",1,3,237);
INSERT INTO PIZZARIA.PEDIDO (NUM_PEDIDO,DTA_HOR_ABERTURA_PEDIDO,DTA_HOR_FECHAMENTO_PEDIDO,IDF_ORIGEM_PEDIDO,IDF_FORMA_PAGAMENTO,COD_CLIENTE) VALUES (40,"2021-07-23 01:40:12","2022-02-12 18:26:48",2,1,100);
INSERT INTO PIZZARIA.PEDIDO (NUM_PEDIDO,DTA_HOR_ABERTURA_PEDIDO,DTA_HOR_FECHAMENTO_PEDIDO,IDF_ORIGEM_PEDIDO,IDF_FORMA_PAGAMENTO,COD_CLIENTE) VALUES (41,"2021-12-31 08:56:41","2021-05-26 05:12:44",3,1,255);
INSERT INTO PIZZARIA.PEDIDO (NUM_PEDIDO,DTA_HOR_ABERTURA_PEDIDO,DTA_HOR_FECHAMENTO_PEDIDO,IDF_ORIGEM_PEDIDO,IDF_FORMA_PAGAMENTO,COD_CLIENTE) VALUES (42,"2021-07-03 16:04:00","2021-11-27 18:12:30",2,2,98);
INSERT INTO PIZZARIA.PEDIDO (NUM_PEDIDO,DTA_HOR_ABERTURA_PEDIDO,DTA_HOR_FECHAMENTO_PEDIDO,IDF_ORIGEM_PEDIDO,IDF_FORMA_PAGAMENTO,COD_CLIENTE) VALUES (43,"2021-09-24 15:45:58","2021-11-05 03:56:25",3,4,200);
INSERT INTO PIZZARIA.PEDIDO (NUM_PEDIDO,DTA_HOR_ABERTURA_PEDIDO,DTA_HOR_FECHAMENTO_PEDIDO,IDF_ORIGEM_PEDIDO,IDF_FORMA_PAGAMENTO,COD_CLIENTE) VALUES (44,"2020-11-24 17:42:48","2021-01-18 04:21:32",2,2,292);
INSERT INTO PIZZARIA.PEDIDO (NUM_PEDIDO,DTA_HOR_ABERTURA_PEDIDO,DTA_HOR_FECHAMENTO_PEDIDO,IDF_ORIGEM_PEDIDO,IDF_FORMA_PAGAMENTO,COD_CLIENTE) VALUES (45,"2021-11-02 23:21:57","2020-06-11 16:52:04",2,2,258);
INSERT INTO PIZZARIA.PEDIDO (NUM_PEDIDO,DTA_HOR_ABERTURA_PEDIDO,DTA_HOR_FECHAMENTO_PEDIDO,IDF_ORIGEM_PEDIDO,IDF_FORMA_PAGAMENTO,COD_CLIENTE) VALUES (46,"2021-10-15 06:33:22","2022-02-14 11:23:05",1,1,252);
INSERT INTO PIZZARIA.PEDIDO (NUM_PEDIDO,DTA_HOR_ABERTURA_PEDIDO,DTA_HOR_FECHAMENTO_PEDIDO,IDF_ORIGEM_PEDIDO,IDF_FORMA_PAGAMENTO,COD_CLIENTE) VALUES (47,"2022-03-26 17:27:21","2022-03-31 04:00:07",3,3,78);
INSERT INTO PIZZARIA.PEDIDO (NUM_PEDIDO,DTA_HOR_ABERTURA_PEDIDO,DTA_HOR_FECHAMENTO_PEDIDO,IDF_ORIGEM_PEDIDO,IDF_FORMA_PAGAMENTO,COD_CLIENTE) VALUES (48,"2021-02-09 21:53:15","2022-03-23 15:43:54",3,3,289);
INSERT INTO PIZZARIA.PEDIDO (NUM_PEDIDO,DTA_HOR_ABERTURA_PEDIDO,DTA_HOR_FECHAMENTO_PEDIDO,IDF_ORIGEM_PEDIDO,IDF_FORMA_PAGAMENTO,COD_CLIENTE) VALUES (49,"2021-01-28 23:41:01","2020-06-11 12:07:03",3,2,228);
INSERT INTO PIZZARIA.PEDIDO (NUM_PEDIDO,DTA_HOR_ABERTURA_PEDIDO,DTA_HOR_FECHAMENTO_PEDIDO,IDF_ORIGEM_PEDIDO,IDF_FORMA_PAGAMENTO,COD_CLIENTE) VALUES (50,"2021-04-06 18:26:46","2022-05-05 06:08:56",1,4,192);
INSERT INTO PIZZARIA.PEDIDO (NUM_PEDIDO,DTA_HOR_ABERTURA_PEDIDO,DTA_HOR_FECHAMENTO_PEDIDO,IDF_ORIGEM_PEDIDO,IDF_FORMA_PAGAMENTO,COD_CLIENTE) VALUES (51,"2020-11-24 05:16:38","2021-07-18 11:38:12",1,2,283);
INSERT INTO PIZZARIA.PEDIDO (NUM_PEDIDO,DTA_HOR_ABERTURA_PEDIDO,DTA_HOR_FECHAMENTO_PEDIDO,IDF_ORIGEM_PEDIDO,IDF_FORMA_PAGAMENTO,COD_CLIENTE) VALUES (52,"2021-05-11 20:35:22","2022-02-01 23:12:43",1,4,284);
INSERT INTO PIZZARIA.PEDIDO (NUM_PEDIDO,DTA_HOR_ABERTURA_PEDIDO,DTA_HOR_FECHAMENTO_PEDIDO,IDF_ORIGEM_PEDIDO,IDF_FORMA_PAGAMENTO,COD_CLIENTE) VALUES (53,"2021-08-20 04:09:07","2020-10-01 04:22:42",3,1,91);
INSERT INTO PIZZARIA.PEDIDO (NUM_PEDIDO,DTA_HOR_ABERTURA_PEDIDO,DTA_HOR_FECHAMENTO_PEDIDO,IDF_ORIGEM_PEDIDO,IDF_FORMA_PAGAMENTO,COD_CLIENTE) VALUES (54,"2022-04-23 13:03:04","2021-09-10 15:00:51",2,2,241);
INSERT INTO PIZZARIA.PEDIDO (NUM_PEDIDO,DTA_HOR_ABERTURA_PEDIDO,DTA_HOR_FECHAMENTO_PEDIDO,IDF_ORIGEM_PEDIDO,IDF_FORMA_PAGAMENTO,COD_CLIENTE) VALUES (55,"2022-03-15 21:30:13","2020-07-24 17:20:00",3,4,162);
INSERT INTO PIZZARIA.PEDIDO (NUM_PEDIDO,DTA_HOR_ABERTURA_PEDIDO,DTA_HOR_FECHAMENTO_PEDIDO,IDF_ORIGEM_PEDIDO,IDF_FORMA_PAGAMENTO,COD_CLIENTE) VALUES (56,"2020-06-11 04:18:14","2022-02-13 12:06:20",3,3,45);
INSERT INTO PIZZARIA.PEDIDO (NUM_PEDIDO,DTA_HOR_ABERTURA_PEDIDO,DTA_HOR_FECHAMENTO_PEDIDO,IDF_ORIGEM_PEDIDO,IDF_FORMA_PAGAMENTO,COD_CLIENTE) VALUES (57,"2021-04-06 21:08:26","2020-05-24 11:05:42",1,4,104);
INSERT INTO PIZZARIA.PEDIDO (NUM_PEDIDO,DTA_HOR_ABERTURA_PEDIDO,DTA_HOR_FECHAMENTO_PEDIDO,IDF_ORIGEM_PEDIDO,IDF_FORMA_PAGAMENTO,COD_CLIENTE) VALUES (58,"2020-10-16 11:21:31","2022-01-22 16:47:49",2,1,253);
INSERT INTO PIZZARIA.PEDIDO (NUM_PEDIDO,DTA_HOR_ABERTURA_PEDIDO,DTA_HOR_FECHAMENTO_PEDIDO,IDF_ORIGEM_PEDIDO,IDF_FORMA_PAGAMENTO,COD_CLIENTE) VALUES (59,"2021-08-05 03:16:38","2022-01-15 23:28:25",1,1,208);
INSERT INTO PIZZARIA.PEDIDO (NUM_PEDIDO,DTA_HOR_ABERTURA_PEDIDO,DTA_HOR_FECHAMENTO_PEDIDO,IDF_ORIGEM_PEDIDO,IDF_FORMA_PAGAMENTO,COD_CLIENTE) VALUES (60,"2022-02-15 22:23:40","2022-02-25 04:04:42",1,3,138);
INSERT INTO PIZZARIA.PEDIDO (NUM_PEDIDO,DTA_HOR_ABERTURA_PEDIDO,DTA_HOR_FECHAMENTO_PEDIDO,IDF_ORIGEM_PEDIDO,IDF_FORMA_PAGAMENTO,COD_CLIENTE) VALUES (61,"2022-01-06 08:34:29","2020-06-23 21:24:03",2,2,148);
INSERT INTO PIZZARIA.PEDIDO (NUM_PEDIDO,DTA_HOR_ABERTURA_PEDIDO,DTA_HOR_FECHAMENTO_PEDIDO,IDF_ORIGEM_PEDIDO,IDF_FORMA_PAGAMENTO,COD_CLIENTE) VALUES (62,"2021-09-13 20:15:57","2020-09-06 04:40:04",1,2,91);
INSERT INTO PIZZARIA.PEDIDO (NUM_PEDIDO,DTA_HOR_ABERTURA_PEDIDO,DTA_HOR_FECHAMENTO_PEDIDO,IDF_ORIGEM_PEDIDO,IDF_FORMA_PAGAMENTO,COD_CLIENTE) VALUES (63,"2021-12-18 08:49:04","2021-12-26 12:03:37",3,1,160);
INSERT INTO PIZZARIA.PEDIDO (NUM_PEDIDO,DTA_HOR_ABERTURA_PEDIDO,DTA_HOR_FECHAMENTO_PEDIDO,IDF_ORIGEM_PEDIDO,IDF_FORMA_PAGAMENTO,COD_CLIENTE) VALUES (64,"2022-01-12 14:58:09","2021-01-30 19:45:44",2,2,189);
INSERT INTO PIZZARIA.PEDIDO (NUM_PEDIDO,DTA_HOR_ABERTURA_PEDIDO,DTA_HOR_FECHAMENTO_PEDIDO,IDF_ORIGEM_PEDIDO,IDF_FORMA_PAGAMENTO,COD_CLIENTE) VALUES (65,"2021-08-22 19:40:43","2020-06-21 05:56:50",1,1,27);
INSERT INTO PIZZARIA.PEDIDO (NUM_PEDIDO,DTA_HOR_ABERTURA_PEDIDO,DTA_HOR_FECHAMENTO_PEDIDO,IDF_ORIGEM_PEDIDO,IDF_FORMA_PAGAMENTO,COD_CLIENTE) VALUES (66,"2020-06-13 03:42:07","2021-04-17 11:22:56",1,4,32);
INSERT INTO PIZZARIA.PEDIDO (NUM_PEDIDO,DTA_HOR_ABERTURA_PEDIDO,DTA_HOR_FECHAMENTO_PEDIDO,IDF_ORIGEM_PEDIDO,IDF_FORMA_PAGAMENTO,COD_CLIENTE) VALUES (67,"2020-07-02 22:53:27","2021-06-26 12:22:57",2,2,110);
INSERT INTO PIZZARIA.PEDIDO (NUM_PEDIDO,DTA_HOR_ABERTURA_PEDIDO,DTA_HOR_FECHAMENTO_PEDIDO,IDF_ORIGEM_PEDIDO,IDF_FORMA_PAGAMENTO,COD_CLIENTE) VALUES (68,"2020-05-24 07:30:35","2021-05-05 17:58:01",1,1,269);
INSERT INTO PIZZARIA.PEDIDO (NUM_PEDIDO,DTA_HOR_ABERTURA_PEDIDO,DTA_HOR_FECHAMENTO_PEDIDO,IDF_ORIGEM_PEDIDO,IDF_FORMA_PAGAMENTO,COD_CLIENTE) VALUES (69,"2022-01-20 09:24:54","2020-07-28 09:11:50",3,1,247);
INSERT INTO PIZZARIA.PEDIDO (NUM_PEDIDO,DTA_HOR_ABERTURA_PEDIDO,DTA_HOR_FECHAMENTO_PEDIDO,IDF_ORIGEM_PEDIDO,IDF_FORMA_PAGAMENTO,COD_CLIENTE) VALUES (70,"2020-12-14 02:41:37","2020-12-27 17:28:46",2,3,46);
INSERT INTO PIZZARIA.PEDIDO (NUM_PEDIDO,DTA_HOR_ABERTURA_PEDIDO,DTA_HOR_FECHAMENTO_PEDIDO,IDF_ORIGEM_PEDIDO,IDF_FORMA_PAGAMENTO,COD_CLIENTE) VALUES (71,"2021-10-23 07:22:31","2022-01-11 15:49:12",3,2,99);
INSERT INTO PIZZARIA.PEDIDO (NUM_PEDIDO,DTA_HOR_ABERTURA_PEDIDO,DTA_HOR_FECHAMENTO_PEDIDO,IDF_ORIGEM_PEDIDO,IDF_FORMA_PAGAMENTO,COD_CLIENTE) VALUES (72,"2021-05-20 06:28:03","2022-04-24 02:44:38",1,3,134);
INSERT INTO PIZZARIA.PEDIDO (NUM_PEDIDO,DTA_HOR_ABERTURA_PEDIDO,DTA_HOR_FECHAMENTO_PEDIDO,IDF_ORIGEM_PEDIDO,IDF_FORMA_PAGAMENTO,COD_CLIENTE) VALUES (73,"2020-07-27 03:49:22","2021-05-11 22:39:33",1,2,217);
INSERT INTO PIZZARIA.PEDIDO (NUM_PEDIDO,DTA_HOR_ABERTURA_PEDIDO,DTA_HOR_FECHAMENTO_PEDIDO,IDF_ORIGEM_PEDIDO,IDF_FORMA_PAGAMENTO,COD_CLIENTE) VALUES (74,"2021-08-01 14:51:03","2021-07-04 10:30:55",3,4,42);
INSERT INTO PIZZARIA.PEDIDO (NUM_PEDIDO,DTA_HOR_ABERTURA_PEDIDO,DTA_HOR_FECHAMENTO_PEDIDO,IDF_ORIGEM_PEDIDO,IDF_FORMA_PAGAMENTO,COD_CLIENTE) VALUES (75,"2020-06-09 06:49:25","2021-02-06 09:59:30",2,2,202);
INSERT INTO PIZZARIA.PEDIDO (NUM_PEDIDO,DTA_HOR_ABERTURA_PEDIDO,DTA_HOR_FECHAMENTO_PEDIDO,IDF_ORIGEM_PEDIDO,IDF_FORMA_PAGAMENTO,COD_CLIENTE) VALUES (76,"2021-05-13 21:18:02","2022-03-13 22:18:07",1,3,147);
INSERT INTO PIZZARIA.PEDIDO (NUM_PEDIDO,DTA_HOR_ABERTURA_PEDIDO,DTA_HOR_FECHAMENTO_PEDIDO,IDF_ORIGEM_PEDIDO,IDF_FORMA_PAGAMENTO,COD_CLIENTE) VALUES (77,"2022-04-15 08:57:13","2021-03-19 02:30:18",3,4,25);
INSERT INTO PIZZARIA.PEDIDO (NUM_PEDIDO,DTA_HOR_ABERTURA_PEDIDO,DTA_HOR_FECHAMENTO_PEDIDO,IDF_ORIGEM_PEDIDO,IDF_FORMA_PAGAMENTO,COD_CLIENTE) VALUES (78,"2020-09-20 04:31:51","2021-10-31 21:25:10",1,2,72);
INSERT INTO PIZZARIA.PEDIDO (NUM_PEDIDO,DTA_HOR_ABERTURA_PEDIDO,DTA_HOR_FECHAMENTO_PEDIDO,IDF_ORIGEM_PEDIDO,IDF_FORMA_PAGAMENTO,COD_CLIENTE) VALUES (79,"2021-07-31 02:42:43","2022-05-04 07:33:22",1,1,288);
INSERT INTO PIZZARIA.PEDIDO (NUM_PEDIDO,DTA_HOR_ABERTURA_PEDIDO,DTA_HOR_FECHAMENTO_PEDIDO,IDF_ORIGEM_PEDIDO,IDF_FORMA_PAGAMENTO,COD_CLIENTE) VALUES (80,"2021-06-23 20:05:52","2021-07-08 22:22:11",2,3,133);
INSERT INTO PIZZARIA.PEDIDO (NUM_PEDIDO,DTA_HOR_ABERTURA_PEDIDO,DTA_HOR_FECHAMENTO_PEDIDO,IDF_ORIGEM_PEDIDO,IDF_FORMA_PAGAMENTO,COD_CLIENTE) VALUES (81,"2020-07-08 10:13:26","2021-10-27 01:46:51",2,4,97);
INSERT INTO PIZZARIA.PEDIDO (NUM_PEDIDO,DTA_HOR_ABERTURA_PEDIDO,DTA_HOR_FECHAMENTO_PEDIDO,IDF_ORIGEM_PEDIDO,IDF_FORMA_PAGAMENTO,COD_CLIENTE) VALUES (82,"2020-08-05 15:57:06","2022-04-30 12:18:44",3,1,65);
INSERT INTO PIZZARIA.PEDIDO (NUM_PEDIDO,DTA_HOR_ABERTURA_PEDIDO,DTA_HOR_FECHAMENTO_PEDIDO,IDF_ORIGEM_PEDIDO,IDF_FORMA_PAGAMENTO,COD_CLIENTE) VALUES (83,"2020-08-29 20:48:56","2020-06-10 04:53:42",2,1,235);
INSERT INTO PIZZARIA.PEDIDO (NUM_PEDIDO,DTA_HOR_ABERTURA_PEDIDO,DTA_HOR_FECHAMENTO_PEDIDO,IDF_ORIGEM_PEDIDO,IDF_FORMA_PAGAMENTO,COD_CLIENTE) VALUES (84,"2021-02-07 07:28:44","2021-06-06 20:41:13",3,4,111);
INSERT INTO PIZZARIA.PEDIDO (NUM_PEDIDO,DTA_HOR_ABERTURA_PEDIDO,DTA_HOR_FECHAMENTO_PEDIDO,IDF_ORIGEM_PEDIDO,IDF_FORMA_PAGAMENTO,COD_CLIENTE) VALUES (85,"2021-05-21 05:38:57","2021-08-22 18:17:33",3,3,57);
INSERT INTO PIZZARIA.PEDIDO (NUM_PEDIDO,DTA_HOR_ABERTURA_PEDIDO,DTA_HOR_FECHAMENTO_PEDIDO,IDF_ORIGEM_PEDIDO,IDF_FORMA_PAGAMENTO,COD_CLIENTE) VALUES (86,"2021-07-26 10:20:26","2021-03-20 14:24:05",1,2,200);
INSERT INTO PIZZARIA.PEDIDO (NUM_PEDIDO,DTA_HOR_ABERTURA_PEDIDO,DTA_HOR_FECHAMENTO_PEDIDO,IDF_ORIGEM_PEDIDO,IDF_FORMA_PAGAMENTO,COD_CLIENTE) VALUES (87,"2021-06-13 20:56:06","2022-03-17 00:56:37",3,1,198);
INSERT INTO PIZZARIA.PEDIDO (NUM_PEDIDO,DTA_HOR_ABERTURA_PEDIDO,DTA_HOR_FECHAMENTO_PEDIDO,IDF_ORIGEM_PEDIDO,IDF_FORMA_PAGAMENTO,COD_CLIENTE) VALUES (88,"2022-02-04 12:10:06","2021-02-14 22:14:03",2,4,209);
INSERT INTO PIZZARIA.PEDIDO (NUM_PEDIDO,DTA_HOR_ABERTURA_PEDIDO,DTA_HOR_FECHAMENTO_PEDIDO,IDF_ORIGEM_PEDIDO,IDF_FORMA_PAGAMENTO,COD_CLIENTE) VALUES (89,"2020-10-07 22:51:21","2021-02-14 20:04:39",2,2,9);
INSERT INTO PIZZARIA.PEDIDO (NUM_PEDIDO,DTA_HOR_ABERTURA_PEDIDO,DTA_HOR_FECHAMENTO_PEDIDO,IDF_ORIGEM_PEDIDO,IDF_FORMA_PAGAMENTO,COD_CLIENTE) VALUES (90,"2021-08-19 23:19:49","2020-10-05 23:18:39",3,2,158);
INSERT INTO PIZZARIA.PEDIDO (NUM_PEDIDO,DTA_HOR_ABERTURA_PEDIDO,DTA_HOR_FECHAMENTO_PEDIDO,IDF_ORIGEM_PEDIDO,IDF_FORMA_PAGAMENTO,COD_CLIENTE) VALUES (91,"2021-07-03 14:09:43","2020-10-26 12:14:26",2,3,185);
INSERT INTO PIZZARIA.PEDIDO (NUM_PEDIDO,DTA_HOR_ABERTURA_PEDIDO,DTA_HOR_FECHAMENTO_PEDIDO,IDF_ORIGEM_PEDIDO,IDF_FORMA_PAGAMENTO,COD_CLIENTE) VALUES (92,"2021-07-15 21:51:02","2020-10-28 09:18:58",3,1,26);
INSERT INTO PIZZARIA.PEDIDO (NUM_PEDIDO,DTA_HOR_ABERTURA_PEDIDO,DTA_HOR_FECHAMENTO_PEDIDO,IDF_ORIGEM_PEDIDO,IDF_FORMA_PAGAMENTO,COD_CLIENTE) VALUES (93,"2020-05-28 13:08:47","2021-03-07 06:34:10",1,3,58);
INSERT INTO PIZZARIA.PEDIDO (NUM_PEDIDO,DTA_HOR_ABERTURA_PEDIDO,DTA_HOR_FECHAMENTO_PEDIDO,IDF_ORIGEM_PEDIDO,IDF_FORMA_PAGAMENTO,COD_CLIENTE) VALUES (94,"2021-10-14 07:19:56","2022-04-12 04:00:30",2,2,175);
INSERT INTO PIZZARIA.PEDIDO (NUM_PEDIDO,DTA_HOR_ABERTURA_PEDIDO,DTA_HOR_FECHAMENTO_PEDIDO,IDF_ORIGEM_PEDIDO,IDF_FORMA_PAGAMENTO,COD_CLIENTE) VALUES (95,"2022-02-04 01:26:44","2020-09-13 06:01:26",3,4,178);
INSERT INTO PIZZARIA.PEDIDO (NUM_PEDIDO,DTA_HOR_ABERTURA_PEDIDO,DTA_HOR_FECHAMENTO_PEDIDO,IDF_ORIGEM_PEDIDO,IDF_FORMA_PAGAMENTO,COD_CLIENTE) VALUES (96,"2021-04-17 20:15:12","2020-07-08 19:22:43",2,1,35);
INSERT INTO PIZZARIA.PEDIDO (NUM_PEDIDO,DTA_HOR_ABERTURA_PEDIDO,DTA_HOR_FECHAMENTO_PEDIDO,IDF_ORIGEM_PEDIDO,IDF_FORMA_PAGAMENTO,COD_CLIENTE) VALUES (97,"2021-08-31 12:59:15","2022-04-24 04:57:14",1,3,243);
INSERT INTO PIZZARIA.PEDIDO (NUM_PEDIDO,DTA_HOR_ABERTURA_PEDIDO,DTA_HOR_FECHAMENTO_PEDIDO,IDF_ORIGEM_PEDIDO,IDF_FORMA_PAGAMENTO,COD_CLIENTE) VALUES (98,"2021-07-02 22:19:49","2020-10-27 10:49:48",2,1,119);
INSERT INTO PIZZARIA.PEDIDO (NUM_PEDIDO,DTA_HOR_ABERTURA_PEDIDO,DTA_HOR_FECHAMENTO_PEDIDO,IDF_ORIGEM_PEDIDO,IDF_FORMA_PAGAMENTO,COD_CLIENTE) VALUES (99,"2021-05-28 08:59:17","2021-04-24 15:40:57",1,2,13);
INSERT INTO PIZZARIA.PEDIDO (NUM_PEDIDO,DTA_HOR_ABERTURA_PEDIDO,DTA_HOR_FECHAMENTO_PEDIDO,IDF_ORIGEM_PEDIDO,IDF_FORMA_PAGAMENTO,COD_CLIENTE) VALUES (100,"2021-07-18 18:12:42","2021-09-04 22:34:11",3,4,138);
INSERT INTO PIZZARIA.PEDIDO (NUM_PEDIDO,DTA_HOR_ABERTURA_PEDIDO,DTA_HOR_FECHAMENTO_PEDIDO,IDF_ORIGEM_PEDIDO,IDF_FORMA_PAGAMENTO,COD_CLIENTE) VALUES (101,"2021-12-26 05:01:25","2021-05-05 13:07:35",1,4,146);
INSERT INTO PIZZARIA.PEDIDO (NUM_PEDIDO,DTA_HOR_ABERTURA_PEDIDO,DTA_HOR_FECHAMENTO_PEDIDO,IDF_ORIGEM_PEDIDO,IDF_FORMA_PAGAMENTO,COD_CLIENTE) VALUES (102,"2022-04-14 12:39:32","2021-02-05 01:25:11",1,4,56);
INSERT INTO PIZZARIA.PEDIDO (NUM_PEDIDO,DTA_HOR_ABERTURA_PEDIDO,DTA_HOR_FECHAMENTO_PEDIDO,IDF_ORIGEM_PEDIDO,IDF_FORMA_PAGAMENTO,COD_CLIENTE) VALUES (103,"2021-03-01 20:41:25","2020-09-02 05:48:34",3,1,227);
INSERT INTO PIZZARIA.PEDIDO (NUM_PEDIDO,DTA_HOR_ABERTURA_PEDIDO,DTA_HOR_FECHAMENTO_PEDIDO,IDF_ORIGEM_PEDIDO,IDF_FORMA_PAGAMENTO,COD_CLIENTE) VALUES (104,"2022-03-18 23:40:03","2020-08-27 01:12:38",3,2,243);
INSERT INTO PIZZARIA.PEDIDO (NUM_PEDIDO,DTA_HOR_ABERTURA_PEDIDO,DTA_HOR_FECHAMENTO_PEDIDO,IDF_ORIGEM_PEDIDO,IDF_FORMA_PAGAMENTO,COD_CLIENTE) VALUES (105,"2020-08-02 12:04:20","2021-02-01 03:00:27",1,3,261);
INSERT INTO PIZZARIA.PEDIDO (NUM_PEDIDO,DTA_HOR_ABERTURA_PEDIDO,DTA_HOR_FECHAMENTO_PEDIDO,IDF_ORIGEM_PEDIDO,IDF_FORMA_PAGAMENTO,COD_CLIENTE) VALUES (106,"2021-01-08 10:57:32","2021-04-09 10:07:30",1,4,255);
INSERT INTO PIZZARIA.PEDIDO (NUM_PEDIDO,DTA_HOR_ABERTURA_PEDIDO,DTA_HOR_FECHAMENTO_PEDIDO,IDF_ORIGEM_PEDIDO,IDF_FORMA_PAGAMENTO,COD_CLIENTE) VALUES (107,"2021-04-30 15:56:08","2020-07-14 12:32:24",1,3,41);
INSERT INTO PIZZARIA.PEDIDO (NUM_PEDIDO,DTA_HOR_ABERTURA_PEDIDO,DTA_HOR_FECHAMENTO_PEDIDO,IDF_ORIGEM_PEDIDO,IDF_FORMA_PAGAMENTO,COD_CLIENTE) VALUES (108,"2020-12-08 02:36:37","2021-11-23 15:48:05",2,3,141);
INSERT INTO PIZZARIA.PEDIDO (NUM_PEDIDO,DTA_HOR_ABERTURA_PEDIDO,DTA_HOR_FECHAMENTO_PEDIDO,IDF_ORIGEM_PEDIDO,IDF_FORMA_PAGAMENTO,COD_CLIENTE) VALUES (109,"2021-05-24 04:16:01","2020-10-05 16:19:43",3,1,172);
INSERT INTO PIZZARIA.PEDIDO (NUM_PEDIDO,DTA_HOR_ABERTURA_PEDIDO,DTA_HOR_FECHAMENTO_PEDIDO,IDF_ORIGEM_PEDIDO,IDF_FORMA_PAGAMENTO,COD_CLIENTE) VALUES (110,"2022-03-07 17:35:14","2021-06-09 12:36:03",3,3,13);
INSERT INTO PIZZARIA.PEDIDO (NUM_PEDIDO,DTA_HOR_ABERTURA_PEDIDO,DTA_HOR_FECHAMENTO_PEDIDO,IDF_ORIGEM_PEDIDO,IDF_FORMA_PAGAMENTO,COD_CLIENTE) VALUES (111,"2022-04-04 22:48:07","2021-11-08 00:50:41",3,3,28);
INSERT INTO PIZZARIA.PEDIDO (NUM_PEDIDO,DTA_HOR_ABERTURA_PEDIDO,DTA_HOR_FECHAMENTO_PEDIDO,IDF_ORIGEM_PEDIDO,IDF_FORMA_PAGAMENTO,COD_CLIENTE) VALUES (112,"2021-01-04 01:54:56","2021-04-25 21:08:06",1,4,294);
INSERT INTO PIZZARIA.PEDIDO (NUM_PEDIDO,DTA_HOR_ABERTURA_PEDIDO,DTA_HOR_FECHAMENTO_PEDIDO,IDF_ORIGEM_PEDIDO,IDF_FORMA_PAGAMENTO,COD_CLIENTE) VALUES (113,"2020-06-10 01:42:10","2020-06-23 08:39:34",2,1,263);
INSERT INTO PIZZARIA.PEDIDO (NUM_PEDIDO,DTA_HOR_ABERTURA_PEDIDO,DTA_HOR_FECHAMENTO_PEDIDO,IDF_ORIGEM_PEDIDO,IDF_FORMA_PAGAMENTO,COD_CLIENTE) VALUES (114,"2020-07-26 11:44:46","2020-07-30 03:47:45",3,2,142);
INSERT INTO PIZZARIA.PEDIDO (NUM_PEDIDO,DTA_HOR_ABERTURA_PEDIDO,DTA_HOR_FECHAMENTO_PEDIDO,IDF_ORIGEM_PEDIDO,IDF_FORMA_PAGAMENTO,COD_CLIENTE) VALUES (115,"2020-09-06 04:58:01","2020-09-01 23:05:22",3,2,55);
INSERT INTO PIZZARIA.PEDIDO (NUM_PEDIDO,DTA_HOR_ABERTURA_PEDIDO,DTA_HOR_FECHAMENTO_PEDIDO,IDF_ORIGEM_PEDIDO,IDF_FORMA_PAGAMENTO,COD_CLIENTE) VALUES (116,"2020-08-24 10:16:10","2022-03-19 07:52:17",2,1,68);
INSERT INTO PIZZARIA.PEDIDO (NUM_PEDIDO,DTA_HOR_ABERTURA_PEDIDO,DTA_HOR_FECHAMENTO_PEDIDO,IDF_ORIGEM_PEDIDO,IDF_FORMA_PAGAMENTO,COD_CLIENTE) VALUES (117,"2021-07-28 13:14:03","2022-02-11 13:04:20",2,1,55);
INSERT INTO PIZZARIA.PEDIDO (NUM_PEDIDO,DTA_HOR_ABERTURA_PEDIDO,DTA_HOR_FECHAMENTO_PEDIDO,IDF_ORIGEM_PEDIDO,IDF_FORMA_PAGAMENTO,COD_CLIENTE) VALUES (118,"2021-12-26 06:45:20","2022-01-12 12:44:59",3,1,69);
INSERT INTO PIZZARIA.PEDIDO (NUM_PEDIDO,DTA_HOR_ABERTURA_PEDIDO,DTA_HOR_FECHAMENTO_PEDIDO,IDF_ORIGEM_PEDIDO,IDF_FORMA_PAGAMENTO,COD_CLIENTE) VALUES (119,"2020-08-19 18:27:27","2021-08-26 06:48:19",3,3,234);
INSERT INTO PIZZARIA.PEDIDO (NUM_PEDIDO,DTA_HOR_ABERTURA_PEDIDO,DTA_HOR_FECHAMENTO_PEDIDO,IDF_ORIGEM_PEDIDO,IDF_FORMA_PAGAMENTO,COD_CLIENTE) VALUES (120,"2021-08-23 07:09:04","2020-11-23 20:44:00",3,3,219);
INSERT INTO PIZZARIA.PEDIDO (NUM_PEDIDO,DTA_HOR_ABERTURA_PEDIDO,DTA_HOR_FECHAMENTO_PEDIDO,IDF_ORIGEM_PEDIDO,IDF_FORMA_PAGAMENTO,COD_CLIENTE) VALUES (121,"2021-05-23 15:25:09","2020-11-25 08:11:29",2,3,51);
INSERT INTO PIZZARIA.PEDIDO (NUM_PEDIDO,DTA_HOR_ABERTURA_PEDIDO,DTA_HOR_FECHAMENTO_PEDIDO,IDF_ORIGEM_PEDIDO,IDF_FORMA_PAGAMENTO,COD_CLIENTE) VALUES (122,"2020-05-24 08:32:41","2022-01-01 05:55:08",1,4,260);
INSERT INTO PIZZARIA.PEDIDO (NUM_PEDIDO,DTA_HOR_ABERTURA_PEDIDO,DTA_HOR_FECHAMENTO_PEDIDO,IDF_ORIGEM_PEDIDO,IDF_FORMA_PAGAMENTO,COD_CLIENTE) VALUES (123,"2020-07-20 18:48:35","2022-03-16 22:36:10",3,3,65);
INSERT INTO PIZZARIA.PEDIDO (NUM_PEDIDO,DTA_HOR_ABERTURA_PEDIDO,DTA_HOR_FECHAMENTO_PEDIDO,IDF_ORIGEM_PEDIDO,IDF_FORMA_PAGAMENTO,COD_CLIENTE) VALUES (124,"2021-08-30 21:06:11","2020-10-02 02:26:10",2,4,151);
INSERT INTO PIZZARIA.PEDIDO (NUM_PEDIDO,DTA_HOR_ABERTURA_PEDIDO,DTA_HOR_FECHAMENTO_PEDIDO,IDF_ORIGEM_PEDIDO,IDF_FORMA_PAGAMENTO,COD_CLIENTE) VALUES (125,"2020-10-29 20:59:59","2020-06-07 01:38:49",1,3,29);
INSERT INTO PIZZARIA.PEDIDO (NUM_PEDIDO,DTA_HOR_ABERTURA_PEDIDO,DTA_HOR_FECHAMENTO_PEDIDO,IDF_ORIGEM_PEDIDO,IDF_FORMA_PAGAMENTO,COD_CLIENTE) VALUES (126,"2020-10-13 03:28:41","2020-07-16 14:04:47",1,3,168);
INSERT INTO PIZZARIA.PEDIDO (NUM_PEDIDO,DTA_HOR_ABERTURA_PEDIDO,DTA_HOR_FECHAMENTO_PEDIDO,IDF_ORIGEM_PEDIDO,IDF_FORMA_PAGAMENTO,COD_CLIENTE) VALUES (127,"2021-05-12 17:15:52","2021-02-07 08:33:15",3,1,211);
INSERT INTO PIZZARIA.PEDIDO (NUM_PEDIDO,DTA_HOR_ABERTURA_PEDIDO,DTA_HOR_FECHAMENTO_PEDIDO,IDF_ORIGEM_PEDIDO,IDF_FORMA_PAGAMENTO,COD_CLIENTE) VALUES (128,"2020-05-29 07:44:38","2021-08-29 01:01:39",3,2,185);
INSERT INTO PIZZARIA.PEDIDO (NUM_PEDIDO,DTA_HOR_ABERTURA_PEDIDO,DTA_HOR_FECHAMENTO_PEDIDO,IDF_ORIGEM_PEDIDO,IDF_FORMA_PAGAMENTO,COD_CLIENTE) VALUES (129,"2021-12-21 05:14:11","2020-12-07 17:32:45",3,1,269);
INSERT INTO PIZZARIA.PEDIDO (NUM_PEDIDO,DTA_HOR_ABERTURA_PEDIDO,DTA_HOR_FECHAMENTO_PEDIDO,IDF_ORIGEM_PEDIDO,IDF_FORMA_PAGAMENTO,COD_CLIENTE) VALUES (130,"2020-10-15 03:54:20","2020-10-23 15:05:45",3,4,187);
INSERT INTO PIZZARIA.PEDIDO (NUM_PEDIDO,DTA_HOR_ABERTURA_PEDIDO,DTA_HOR_FECHAMENTO_PEDIDO,IDF_ORIGEM_PEDIDO,IDF_FORMA_PAGAMENTO,COD_CLIENTE) VALUES (131,"2021-04-07 04:27:12","2021-02-21 10:59:51",1,2,30);
INSERT INTO PIZZARIA.PEDIDO (NUM_PEDIDO,DTA_HOR_ABERTURA_PEDIDO,DTA_HOR_FECHAMENTO_PEDIDO,IDF_ORIGEM_PEDIDO,IDF_FORMA_PAGAMENTO,COD_CLIENTE) VALUES (132,"2020-09-14 16:21:15","2021-01-31 23:40:36",1,4,139);
INSERT INTO PIZZARIA.PEDIDO (NUM_PEDIDO,DTA_HOR_ABERTURA_PEDIDO,DTA_HOR_FECHAMENTO_PEDIDO,IDF_ORIGEM_PEDIDO,IDF_FORMA_PAGAMENTO,COD_CLIENTE) VALUES (133,"2021-06-05 20:33:20","2021-11-30 19:29:53",1,1,263);
INSERT INTO PIZZARIA.PEDIDO (NUM_PEDIDO,DTA_HOR_ABERTURA_PEDIDO,DTA_HOR_FECHAMENTO_PEDIDO,IDF_ORIGEM_PEDIDO,IDF_FORMA_PAGAMENTO,COD_CLIENTE) VALUES (134,"2020-10-29 15:57:55","2020-06-29 03:36:36",3,1,218);
INSERT INTO PIZZARIA.PEDIDO (NUM_PEDIDO,DTA_HOR_ABERTURA_PEDIDO,DTA_HOR_FECHAMENTO_PEDIDO,IDF_ORIGEM_PEDIDO,IDF_FORMA_PAGAMENTO,COD_CLIENTE) VALUES (135,"2021-12-07 23:29:26","2020-08-18 07:36:02",3,3,266);
INSERT INTO PIZZARIA.PEDIDO (NUM_PEDIDO,DTA_HOR_ABERTURA_PEDIDO,DTA_HOR_FECHAMENTO_PEDIDO,IDF_ORIGEM_PEDIDO,IDF_FORMA_PAGAMENTO,COD_CLIENTE) VALUES (136,"2021-06-15 18:29:35","2020-07-12 07:39:08",2,3,50);
INSERT INTO PIZZARIA.PEDIDO (NUM_PEDIDO,DTA_HOR_ABERTURA_PEDIDO,DTA_HOR_FECHAMENTO_PEDIDO,IDF_ORIGEM_PEDIDO,IDF_FORMA_PAGAMENTO,COD_CLIENTE) VALUES (137,"2021-01-29 09:24:53","2020-12-09 16:11:47",1,2,210);
INSERT INTO PIZZARIA.PEDIDO (NUM_PEDIDO,DTA_HOR_ABERTURA_PEDIDO,DTA_HOR_FECHAMENTO_PEDIDO,IDF_ORIGEM_PEDIDO,IDF_FORMA_PAGAMENTO,COD_CLIENTE) VALUES (138,"2021-01-16 22:19:15","2020-09-06 17:21:51",3,1,74);
INSERT INTO PIZZARIA.PEDIDO (NUM_PEDIDO,DTA_HOR_ABERTURA_PEDIDO,DTA_HOR_FECHAMENTO_PEDIDO,IDF_ORIGEM_PEDIDO,IDF_FORMA_PAGAMENTO,COD_CLIENTE) VALUES (139,"2022-03-06 22:26:24","2021-10-28 15:19:41",2,2,205);
INSERT INTO PIZZARIA.PEDIDO (NUM_PEDIDO,DTA_HOR_ABERTURA_PEDIDO,DTA_HOR_FECHAMENTO_PEDIDO,IDF_ORIGEM_PEDIDO,IDF_FORMA_PAGAMENTO,COD_CLIENTE) VALUES (140,"2021-08-18 20:58:16","2022-04-09 09:12:50",3,1,72);
INSERT INTO PIZZARIA.PEDIDO (NUM_PEDIDO,DTA_HOR_ABERTURA_PEDIDO,DTA_HOR_FECHAMENTO_PEDIDO,IDF_ORIGEM_PEDIDO,IDF_FORMA_PAGAMENTO,COD_CLIENTE) VALUES (141,"2022-02-22 13:44:03","2021-01-02 07:04:17",3,3,194);
INSERT INTO PIZZARIA.PEDIDO (NUM_PEDIDO,DTA_HOR_ABERTURA_PEDIDO,DTA_HOR_FECHAMENTO_PEDIDO,IDF_ORIGEM_PEDIDO,IDF_FORMA_PAGAMENTO,COD_CLIENTE) VALUES (142,"2022-04-15 17:19:56","2021-11-23 10:45:54",1,2,41);
INSERT INTO PIZZARIA.PEDIDO (NUM_PEDIDO,DTA_HOR_ABERTURA_PEDIDO,DTA_HOR_FECHAMENTO_PEDIDO,IDF_ORIGEM_PEDIDO,IDF_FORMA_PAGAMENTO,COD_CLIENTE) VALUES (143,"2021-07-11 18:59:34","2020-09-30 12:46:20",3,1,123);
INSERT INTO PIZZARIA.PEDIDO (NUM_PEDIDO,DTA_HOR_ABERTURA_PEDIDO,DTA_HOR_FECHAMENTO_PEDIDO,IDF_ORIGEM_PEDIDO,IDF_FORMA_PAGAMENTO,COD_CLIENTE) VALUES (144,"2020-09-19 12:38:09","2020-05-23 04:12:02",3,3,269);
INSERT INTO PIZZARIA.PEDIDO (NUM_PEDIDO,DTA_HOR_ABERTURA_PEDIDO,DTA_HOR_FECHAMENTO_PEDIDO,IDF_ORIGEM_PEDIDO,IDF_FORMA_PAGAMENTO,COD_CLIENTE) VALUES (145,"2020-08-17 03:11:27","2022-02-02 09:40:36",3,4,206);
INSERT INTO PIZZARIA.PEDIDO (NUM_PEDIDO,DTA_HOR_ABERTURA_PEDIDO,DTA_HOR_FECHAMENTO_PEDIDO,IDF_ORIGEM_PEDIDO,IDF_FORMA_PAGAMENTO,COD_CLIENTE) VALUES (146,"2021-10-17 16:40:38","2021-07-30 17:44:41",2,4,40);
INSERT INTO PIZZARIA.PEDIDO (NUM_PEDIDO,DTA_HOR_ABERTURA_PEDIDO,DTA_HOR_FECHAMENTO_PEDIDO,IDF_ORIGEM_PEDIDO,IDF_FORMA_PAGAMENTO,COD_CLIENTE) VALUES (147,"2020-08-08 01:45:05","2020-11-10 18:44:25",1,1,8);
INSERT INTO PIZZARIA.PEDIDO (NUM_PEDIDO,DTA_HOR_ABERTURA_PEDIDO,DTA_HOR_FECHAMENTO_PEDIDO,IDF_ORIGEM_PEDIDO,IDF_FORMA_PAGAMENTO,COD_CLIENTE) VALUES (148,"2021-09-04 05:11:19","2020-05-30 16:33:48",2,2,213);
INSERT INTO PIZZARIA.PEDIDO (NUM_PEDIDO,DTA_HOR_ABERTURA_PEDIDO,DTA_HOR_FECHAMENTO_PEDIDO,IDF_ORIGEM_PEDIDO,IDF_FORMA_PAGAMENTO,COD_CLIENTE) VALUES (149,"2020-09-25 05:07:57","2020-08-25 04:34:52",2,4,91);
INSERT INTO PIZZARIA.PEDIDO (NUM_PEDIDO,DTA_HOR_ABERTURA_PEDIDO,DTA_HOR_FECHAMENTO_PEDIDO,IDF_ORIGEM_PEDIDO,IDF_FORMA_PAGAMENTO,COD_CLIENTE) VALUES (150,"2022-03-08 02:37:10","2021-10-07 01:45:02",2,3,256);
INSERT INTO PIZZARIA.PEDIDO (NUM_PEDIDO,DTA_HOR_ABERTURA_PEDIDO,DTA_HOR_FECHAMENTO_PEDIDO,IDF_ORIGEM_PEDIDO,IDF_FORMA_PAGAMENTO,COD_CLIENTE) VALUES (151,"2021-04-25 01:39:07","2021-08-26 01:35:12",3,1,113);
INSERT INTO PIZZARIA.PEDIDO (NUM_PEDIDO,DTA_HOR_ABERTURA_PEDIDO,DTA_HOR_FECHAMENTO_PEDIDO,IDF_ORIGEM_PEDIDO,IDF_FORMA_PAGAMENTO,COD_CLIENTE) VALUES (152,"2021-09-06 15:54:34","2021-04-02 08:55:10",2,3,33);
INSERT INTO PIZZARIA.PEDIDO (NUM_PEDIDO,DTA_HOR_ABERTURA_PEDIDO,DTA_HOR_FECHAMENTO_PEDIDO,IDF_ORIGEM_PEDIDO,IDF_FORMA_PAGAMENTO,COD_CLIENTE) VALUES (153,"2021-09-22 05:02:27","2022-02-19 15:15:07",2,1,42);
INSERT INTO PIZZARIA.PEDIDO (NUM_PEDIDO,DTA_HOR_ABERTURA_PEDIDO,DTA_HOR_FECHAMENTO_PEDIDO,IDF_ORIGEM_PEDIDO,IDF_FORMA_PAGAMENTO,COD_CLIENTE) VALUES (154,"2021-01-23 07:19:09","2020-06-29 09:24:04",1,3,71);
INSERT INTO PIZZARIA.PEDIDO (NUM_PEDIDO,DTA_HOR_ABERTURA_PEDIDO,DTA_HOR_FECHAMENTO_PEDIDO,IDF_ORIGEM_PEDIDO,IDF_FORMA_PAGAMENTO,COD_CLIENTE) VALUES (155,"2022-03-18 11:22:14","2021-12-18 20:24:32",1,1,178);
INSERT INTO PIZZARIA.PEDIDO (NUM_PEDIDO,DTA_HOR_ABERTURA_PEDIDO,DTA_HOR_FECHAMENTO_PEDIDO,IDF_ORIGEM_PEDIDO,IDF_FORMA_PAGAMENTO,COD_CLIENTE) VALUES (156,"2020-05-26 17:04:34","2021-10-05 03:03:03",2,3,176);
INSERT INTO PIZZARIA.PEDIDO (NUM_PEDIDO,DTA_HOR_ABERTURA_PEDIDO,DTA_HOR_FECHAMENTO_PEDIDO,IDF_ORIGEM_PEDIDO,IDF_FORMA_PAGAMENTO,COD_CLIENTE) VALUES (157,"2021-12-02 00:11:30","2020-09-27 06:50:07",2,1,289);
INSERT INTO PIZZARIA.PEDIDO (NUM_PEDIDO,DTA_HOR_ABERTURA_PEDIDO,DTA_HOR_FECHAMENTO_PEDIDO,IDF_ORIGEM_PEDIDO,IDF_FORMA_PAGAMENTO,COD_CLIENTE) VALUES (158,"2021-10-21 02:08:17","2021-06-07 02:10:21",2,2,288);
INSERT INTO PIZZARIA.PEDIDO (NUM_PEDIDO,DTA_HOR_ABERTURA_PEDIDO,DTA_HOR_FECHAMENTO_PEDIDO,IDF_ORIGEM_PEDIDO,IDF_FORMA_PAGAMENTO,COD_CLIENTE) VALUES (159,"2021-01-01 22:14:43","2021-11-22 11:19:02",2,1,32);
INSERT INTO PIZZARIA.PEDIDO (NUM_PEDIDO,DTA_HOR_ABERTURA_PEDIDO,DTA_HOR_FECHAMENTO_PEDIDO,IDF_ORIGEM_PEDIDO,IDF_FORMA_PAGAMENTO,COD_CLIENTE) VALUES (160,"2021-01-19 16:18:42","2021-05-19 08:51:07",3,3,76);
INSERT INTO PIZZARIA.PEDIDO (NUM_PEDIDO,DTA_HOR_ABERTURA_PEDIDO,DTA_HOR_FECHAMENTO_PEDIDO,IDF_ORIGEM_PEDIDO,IDF_FORMA_PAGAMENTO,COD_CLIENTE) VALUES (161,"2022-01-17 12:43:11","2020-06-23 03:07:51",1,3,235);
INSERT INTO PIZZARIA.PEDIDO (NUM_PEDIDO,DTA_HOR_ABERTURA_PEDIDO,DTA_HOR_FECHAMENTO_PEDIDO,IDF_ORIGEM_PEDIDO,IDF_FORMA_PAGAMENTO,COD_CLIENTE) VALUES (162,"2021-09-14 06:51:06","2021-11-29 13:52:17",3,2,64);
INSERT INTO PIZZARIA.PEDIDO (NUM_PEDIDO,DTA_HOR_ABERTURA_PEDIDO,DTA_HOR_FECHAMENTO_PEDIDO,IDF_ORIGEM_PEDIDO,IDF_FORMA_PAGAMENTO,COD_CLIENTE) VALUES (163,"2021-01-17 12:15:12","2020-12-02 05:07:25",3,4,28);
INSERT INTO PIZZARIA.PEDIDO (NUM_PEDIDO,DTA_HOR_ABERTURA_PEDIDO,DTA_HOR_FECHAMENTO_PEDIDO,IDF_ORIGEM_PEDIDO,IDF_FORMA_PAGAMENTO,COD_CLIENTE) VALUES (164,"2022-02-12 18:08:05","2021-04-07 20:24:09",2,1,33);
INSERT INTO PIZZARIA.PEDIDO (NUM_PEDIDO,DTA_HOR_ABERTURA_PEDIDO,DTA_HOR_FECHAMENTO_PEDIDO,IDF_ORIGEM_PEDIDO,IDF_FORMA_PAGAMENTO,COD_CLIENTE) VALUES (165,"2021-06-28 21:23:08","2020-12-28 00:35:01",3,3,249);
INSERT INTO PIZZARIA.PEDIDO (NUM_PEDIDO,DTA_HOR_ABERTURA_PEDIDO,DTA_HOR_FECHAMENTO_PEDIDO,IDF_ORIGEM_PEDIDO,IDF_FORMA_PAGAMENTO,COD_CLIENTE) VALUES (166,"2022-02-06 11:23:10","2021-11-08 03:16:18",3,4,199);
INSERT INTO PIZZARIA.PEDIDO (NUM_PEDIDO,DTA_HOR_ABERTURA_PEDIDO,DTA_HOR_FECHAMENTO_PEDIDO,IDF_ORIGEM_PEDIDO,IDF_FORMA_PAGAMENTO,COD_CLIENTE) VALUES (167,"2022-04-11 08:17:58","2021-03-14 15:47:29",3,3,249);
INSERT INTO PIZZARIA.PEDIDO (NUM_PEDIDO,DTA_HOR_ABERTURA_PEDIDO,DTA_HOR_FECHAMENTO_PEDIDO,IDF_ORIGEM_PEDIDO,IDF_FORMA_PAGAMENTO,COD_CLIENTE) VALUES (168,"2021-04-16 16:22:43","2021-09-22 07:30:33",1,3,172);
INSERT INTO PIZZARIA.PEDIDO (NUM_PEDIDO,DTA_HOR_ABERTURA_PEDIDO,DTA_HOR_FECHAMENTO_PEDIDO,IDF_ORIGEM_PEDIDO,IDF_FORMA_PAGAMENTO,COD_CLIENTE) VALUES (169,"2020-09-22 05:00:21","2021-08-21 10:14:51",2,1,296);
INSERT INTO PIZZARIA.PEDIDO (NUM_PEDIDO,DTA_HOR_ABERTURA_PEDIDO,DTA_HOR_FECHAMENTO_PEDIDO,IDF_ORIGEM_PEDIDO,IDF_FORMA_PAGAMENTO,COD_CLIENTE) VALUES (170,"2021-04-15 09:39:25","2020-11-30 08:46:21",3,1,229);
INSERT INTO PIZZARIA.PEDIDO (NUM_PEDIDO,DTA_HOR_ABERTURA_PEDIDO,DTA_HOR_FECHAMENTO_PEDIDO,IDF_ORIGEM_PEDIDO,IDF_FORMA_PAGAMENTO,COD_CLIENTE) VALUES (171,"2022-04-05 21:52:05","2021-02-12 11:42:03",3,4,257);
INSERT INTO PIZZARIA.PEDIDO (NUM_PEDIDO,DTA_HOR_ABERTURA_PEDIDO,DTA_HOR_FECHAMENTO_PEDIDO,IDF_ORIGEM_PEDIDO,IDF_FORMA_PAGAMENTO,COD_CLIENTE) VALUES (172,"2021-03-01 10:09:45","2020-06-27 03:30:35",1,2,268);
INSERT INTO PIZZARIA.PEDIDO (NUM_PEDIDO,DTA_HOR_ABERTURA_PEDIDO,DTA_HOR_FECHAMENTO_PEDIDO,IDF_ORIGEM_PEDIDO,IDF_FORMA_PAGAMENTO,COD_CLIENTE) VALUES (173,"2020-10-31 08:44:26","2021-09-30 11:43:25",2,2,12);
INSERT INTO PIZZARIA.PEDIDO (NUM_PEDIDO,DTA_HOR_ABERTURA_PEDIDO,DTA_HOR_FECHAMENTO_PEDIDO,IDF_ORIGEM_PEDIDO,IDF_FORMA_PAGAMENTO,COD_CLIENTE) VALUES (174,"2020-10-22 08:22:24","2022-02-14 05:15:48",2,4,92);
INSERT INTO PIZZARIA.PEDIDO (NUM_PEDIDO,DTA_HOR_ABERTURA_PEDIDO,DTA_HOR_FECHAMENTO_PEDIDO,IDF_ORIGEM_PEDIDO,IDF_FORMA_PAGAMENTO,COD_CLIENTE) VALUES (175,"2020-11-06 20:58:38","2022-01-10 23:10:52",3,3,146);
INSERT INTO PIZZARIA.PEDIDO (NUM_PEDIDO,DTA_HOR_ABERTURA_PEDIDO,DTA_HOR_FECHAMENTO_PEDIDO,IDF_ORIGEM_PEDIDO,IDF_FORMA_PAGAMENTO,COD_CLIENTE) VALUES (176,"2020-10-30 16:53:07","2022-03-23 07:34:18",3,3,51);
INSERT INTO PIZZARIA.PEDIDO (NUM_PEDIDO,DTA_HOR_ABERTURA_PEDIDO,DTA_HOR_FECHAMENTO_PEDIDO,IDF_ORIGEM_PEDIDO,IDF_FORMA_PAGAMENTO,COD_CLIENTE) VALUES (177,"2021-08-12 09:24:01","2021-12-17 17:23:35",1,1,205);
INSERT INTO PIZZARIA.PEDIDO (NUM_PEDIDO,DTA_HOR_ABERTURA_PEDIDO,DTA_HOR_FECHAMENTO_PEDIDO,IDF_ORIGEM_PEDIDO,IDF_FORMA_PAGAMENTO,COD_CLIENTE) VALUES (178,"2020-08-23 11:59:42","2020-12-25 07:06:02",3,4,216);
INSERT INTO PIZZARIA.PEDIDO (NUM_PEDIDO,DTA_HOR_ABERTURA_PEDIDO,DTA_HOR_FECHAMENTO_PEDIDO,IDF_ORIGEM_PEDIDO,IDF_FORMA_PAGAMENTO,COD_CLIENTE) VALUES (179,"2021-02-04 15:46:20","2020-08-02 10:55:57",1,4,198);
INSERT INTO PIZZARIA.PEDIDO (NUM_PEDIDO,DTA_HOR_ABERTURA_PEDIDO,DTA_HOR_FECHAMENTO_PEDIDO,IDF_ORIGEM_PEDIDO,IDF_FORMA_PAGAMENTO,COD_CLIENTE) VALUES (180,"2021-11-23 01:40:52","2020-08-28 13:35:47",1,3,61);
INSERT INTO PIZZARIA.PEDIDO (NUM_PEDIDO,DTA_HOR_ABERTURA_PEDIDO,DTA_HOR_FECHAMENTO_PEDIDO,IDF_ORIGEM_PEDIDO,IDF_FORMA_PAGAMENTO,COD_CLIENTE) VALUES (181,"2021-11-17 22:56:39","2022-01-14 21:49:33",3,3,8);
INSERT INTO PIZZARIA.PEDIDO (NUM_PEDIDO,DTA_HOR_ABERTURA_PEDIDO,DTA_HOR_FECHAMENTO_PEDIDO,IDF_ORIGEM_PEDIDO,IDF_FORMA_PAGAMENTO,COD_CLIENTE) VALUES (182,"2021-08-04 08:49:44","2021-12-07 20:03:54",2,2,209);
INSERT INTO PIZZARIA.PEDIDO (NUM_PEDIDO,DTA_HOR_ABERTURA_PEDIDO,DTA_HOR_FECHAMENTO_PEDIDO,IDF_ORIGEM_PEDIDO,IDF_FORMA_PAGAMENTO,COD_CLIENTE) VALUES (183,"2021-01-28 07:20:25","2020-08-27 19:58:31",3,2,80);
INSERT INTO PIZZARIA.PEDIDO (NUM_PEDIDO,DTA_HOR_ABERTURA_PEDIDO,DTA_HOR_FECHAMENTO_PEDIDO,IDF_ORIGEM_PEDIDO,IDF_FORMA_PAGAMENTO,COD_CLIENTE) VALUES (184,"2020-07-17 09:02:09","2022-03-11 02:47:11",3,3,187);
INSERT INTO PIZZARIA.PEDIDO (NUM_PEDIDO,DTA_HOR_ABERTURA_PEDIDO,DTA_HOR_FECHAMENTO_PEDIDO,IDF_ORIGEM_PEDIDO,IDF_FORMA_PAGAMENTO,COD_CLIENTE) VALUES (185,"2021-02-19 23:10:07","2022-04-29 20:46:28",1,2,264);
INSERT INTO PIZZARIA.PEDIDO (NUM_PEDIDO,DTA_HOR_ABERTURA_PEDIDO,DTA_HOR_FECHAMENTO_PEDIDO,IDF_ORIGEM_PEDIDO,IDF_FORMA_PAGAMENTO,COD_CLIENTE) VALUES (186,"2021-02-08 12:47:36","2020-10-22 19:36:42",3,4,267);
INSERT INTO PIZZARIA.PEDIDO (NUM_PEDIDO,DTA_HOR_ABERTURA_PEDIDO,DTA_HOR_FECHAMENTO_PEDIDO,IDF_ORIGEM_PEDIDO,IDF_FORMA_PAGAMENTO,COD_CLIENTE) VALUES (187,"2020-07-13 01:06:36","2020-07-06 18:19:21",1,3,289);
INSERT INTO PIZZARIA.PEDIDO (NUM_PEDIDO,DTA_HOR_ABERTURA_PEDIDO,DTA_HOR_FECHAMENTO_PEDIDO,IDF_ORIGEM_PEDIDO,IDF_FORMA_PAGAMENTO,COD_CLIENTE) VALUES (188,"2021-12-13 19:46:43","2020-07-09 20:06:26",2,4,64);
INSERT INTO PIZZARIA.PEDIDO (NUM_PEDIDO,DTA_HOR_ABERTURA_PEDIDO,DTA_HOR_FECHAMENTO_PEDIDO,IDF_ORIGEM_PEDIDO,IDF_FORMA_PAGAMENTO,COD_CLIENTE) VALUES (189,"2022-05-13 13:04:38","2020-07-15 19:59:21",3,2,5);
INSERT INTO PIZZARIA.PEDIDO (NUM_PEDIDO,DTA_HOR_ABERTURA_PEDIDO,DTA_HOR_FECHAMENTO_PEDIDO,IDF_ORIGEM_PEDIDO,IDF_FORMA_PAGAMENTO,COD_CLIENTE) VALUES (190,"2020-07-21 09:51:36","2022-01-10 05:31:18",3,4,290);
INSERT INTO PIZZARIA.PEDIDO (NUM_PEDIDO,DTA_HOR_ABERTURA_PEDIDO,DTA_HOR_FECHAMENTO_PEDIDO,IDF_ORIGEM_PEDIDO,IDF_FORMA_PAGAMENTO,COD_CLIENTE) VALUES (191,"2021-05-10 16:34:11","2021-11-27 19:58:39",2,2,261);
INSERT INTO PIZZARIA.PEDIDO (NUM_PEDIDO,DTA_HOR_ABERTURA_PEDIDO,DTA_HOR_FECHAMENTO_PEDIDO,IDF_ORIGEM_PEDIDO,IDF_FORMA_PAGAMENTO,COD_CLIENTE) VALUES (192,"2022-03-12 18:03:21","2020-11-16 14:49:19",2,2,193);
INSERT INTO PIZZARIA.PEDIDO (NUM_PEDIDO,DTA_HOR_ABERTURA_PEDIDO,DTA_HOR_FECHAMENTO_PEDIDO,IDF_ORIGEM_PEDIDO,IDF_FORMA_PAGAMENTO,COD_CLIENTE) VALUES (193,"2022-02-19 10:18:12","2020-12-19 06:56:27",3,2,80);
INSERT INTO PIZZARIA.PEDIDO (NUM_PEDIDO,DTA_HOR_ABERTURA_PEDIDO,DTA_HOR_FECHAMENTO_PEDIDO,IDF_ORIGEM_PEDIDO,IDF_FORMA_PAGAMENTO,COD_CLIENTE) VALUES (194,"2020-08-02 21:51:59","2021-03-28 00:26:15",2,1,139);
INSERT INTO PIZZARIA.PEDIDO (NUM_PEDIDO,DTA_HOR_ABERTURA_PEDIDO,DTA_HOR_FECHAMENTO_PEDIDO,IDF_ORIGEM_PEDIDO,IDF_FORMA_PAGAMENTO,COD_CLIENTE) VALUES (195,"2021-12-11 09:35:08","2020-08-22 08:32:47",2,2,63);
INSERT INTO PIZZARIA.PEDIDO (NUM_PEDIDO,DTA_HOR_ABERTURA_PEDIDO,DTA_HOR_FECHAMENTO_PEDIDO,IDF_ORIGEM_PEDIDO,IDF_FORMA_PAGAMENTO,COD_CLIENTE) VALUES (196,"2021-09-11 00:31:48","2022-04-14 04:13:24",3,1,197);
INSERT INTO PIZZARIA.PEDIDO (NUM_PEDIDO,DTA_HOR_ABERTURA_PEDIDO,DTA_HOR_FECHAMENTO_PEDIDO,IDF_ORIGEM_PEDIDO,IDF_FORMA_PAGAMENTO,COD_CLIENTE) VALUES (197,"2021-12-15 17:47:58","2020-06-21 18:30:20",2,2,74);
INSERT INTO PIZZARIA.PEDIDO (NUM_PEDIDO,DTA_HOR_ABERTURA_PEDIDO,DTA_HOR_FECHAMENTO_PEDIDO,IDF_ORIGEM_PEDIDO,IDF_FORMA_PAGAMENTO,COD_CLIENTE) VALUES (198,"2022-03-06 06:52:25","2020-10-20 11:50:52",1,1,71);
INSERT INTO PIZZARIA.PEDIDO (NUM_PEDIDO,DTA_HOR_ABERTURA_PEDIDO,DTA_HOR_FECHAMENTO_PEDIDO,IDF_ORIGEM_PEDIDO,IDF_FORMA_PAGAMENTO,COD_CLIENTE) VALUES (199,"2021-03-22 22:12:27","2021-03-15 15:25:04",2,2,264);
INSERT INTO PIZZARIA.PEDIDO (NUM_PEDIDO,DTA_HOR_ABERTURA_PEDIDO,DTA_HOR_FECHAMENTO_PEDIDO,IDF_ORIGEM_PEDIDO,IDF_FORMA_PAGAMENTO,COD_CLIENTE) VALUES (200,"2022-05-05 12:15:05","2020-12-07 13:00:34",1,2,151);
INSERT INTO PIZZARIA.PEDIDO (NUM_PEDIDO,DTA_HOR_ABERTURA_PEDIDO,DTA_HOR_FECHAMENTO_PEDIDO,IDF_ORIGEM_PEDIDO,IDF_FORMA_PAGAMENTO,COD_CLIENTE) VALUES (201,"2020-10-21 12:15:56","2021-02-05 12:15:42",3,2,290);
INSERT INTO PIZZARIA.PEDIDO (NUM_PEDIDO,DTA_HOR_ABERTURA_PEDIDO,DTA_HOR_FECHAMENTO_PEDIDO,IDF_ORIGEM_PEDIDO,IDF_FORMA_PAGAMENTO,COD_CLIENTE) VALUES (202,"2021-06-20 01:28:37","2020-09-08 00:44:52",1,3,35);
INSERT INTO PIZZARIA.PEDIDO (NUM_PEDIDO,DTA_HOR_ABERTURA_PEDIDO,DTA_HOR_FECHAMENTO_PEDIDO,IDF_ORIGEM_PEDIDO,IDF_FORMA_PAGAMENTO,COD_CLIENTE) VALUES (203,"2020-07-31 09:27:43","2021-05-17 14:36:49",2,3,220);
INSERT INTO PIZZARIA.PEDIDO (NUM_PEDIDO,DTA_HOR_ABERTURA_PEDIDO,DTA_HOR_FECHAMENTO_PEDIDO,IDF_ORIGEM_PEDIDO,IDF_FORMA_PAGAMENTO,COD_CLIENTE) VALUES (204,"2021-08-16 01:22:35","2020-06-15 05:09:38",1,1,29);
INSERT INTO PIZZARIA.PEDIDO (NUM_PEDIDO,DTA_HOR_ABERTURA_PEDIDO,DTA_HOR_FECHAMENTO_PEDIDO,IDF_ORIGEM_PEDIDO,IDF_FORMA_PAGAMENTO,COD_CLIENTE) VALUES (205,"2022-02-19 04:21:47","2020-08-11 22:49:46",3,2,298);
INSERT INTO PIZZARIA.PEDIDO (NUM_PEDIDO,DTA_HOR_ABERTURA_PEDIDO,DTA_HOR_FECHAMENTO_PEDIDO,IDF_ORIGEM_PEDIDO,IDF_FORMA_PAGAMENTO,COD_CLIENTE) VALUES (206,"2020-09-14 02:37:22","2022-05-13 09:06:16",2,2,232);
INSERT INTO PIZZARIA.PEDIDO (NUM_PEDIDO,DTA_HOR_ABERTURA_PEDIDO,DTA_HOR_FECHAMENTO_PEDIDO,IDF_ORIGEM_PEDIDO,IDF_FORMA_PAGAMENTO,COD_CLIENTE) VALUES (207,"2021-04-13 13:14:56","2020-11-01 02:57:52",2,3,48);
INSERT INTO PIZZARIA.PEDIDO (NUM_PEDIDO,DTA_HOR_ABERTURA_PEDIDO,DTA_HOR_FECHAMENTO_PEDIDO,IDF_ORIGEM_PEDIDO,IDF_FORMA_PAGAMENTO,COD_CLIENTE) VALUES (208,"2021-04-25 18:19:20","2021-11-19 19:48:05",2,1,136);
INSERT INTO PIZZARIA.PEDIDO (NUM_PEDIDO,DTA_HOR_ABERTURA_PEDIDO,DTA_HOR_FECHAMENTO_PEDIDO,IDF_ORIGEM_PEDIDO,IDF_FORMA_PAGAMENTO,COD_CLIENTE) VALUES (209,"2020-05-22 01:48:50","2021-01-09 00:03:25",2,2,220);
INSERT INTO PIZZARIA.PEDIDO (NUM_PEDIDO,DTA_HOR_ABERTURA_PEDIDO,DTA_HOR_FECHAMENTO_PEDIDO,IDF_ORIGEM_PEDIDO,IDF_FORMA_PAGAMENTO,COD_CLIENTE) VALUES (210,"2020-12-20 05:21:20","2021-03-21 07:07:31",2,4,149);
INSERT INTO PIZZARIA.PEDIDO (NUM_PEDIDO,DTA_HOR_ABERTURA_PEDIDO,DTA_HOR_FECHAMENTO_PEDIDO,IDF_ORIGEM_PEDIDO,IDF_FORMA_PAGAMENTO,COD_CLIENTE) VALUES (211,"2021-09-09 08:04:03","2021-05-11 13:25:17",2,2,39);
INSERT INTO PIZZARIA.PEDIDO (NUM_PEDIDO,DTA_HOR_ABERTURA_PEDIDO,DTA_HOR_FECHAMENTO_PEDIDO,IDF_ORIGEM_PEDIDO,IDF_FORMA_PAGAMENTO,COD_CLIENTE) VALUES (212,"2020-12-11 11:25:25","2022-02-27 14:19:14",3,1,149);
INSERT INTO PIZZARIA.PEDIDO (NUM_PEDIDO,DTA_HOR_ABERTURA_PEDIDO,DTA_HOR_FECHAMENTO_PEDIDO,IDF_ORIGEM_PEDIDO,IDF_FORMA_PAGAMENTO,COD_CLIENTE) VALUES (213,"2021-10-15 00:44:24","2021-10-24 00:33:00",3,1,98);
INSERT INTO PIZZARIA.PEDIDO (NUM_PEDIDO,DTA_HOR_ABERTURA_PEDIDO,DTA_HOR_FECHAMENTO_PEDIDO,IDF_ORIGEM_PEDIDO,IDF_FORMA_PAGAMENTO,COD_CLIENTE) VALUES (214,"2022-03-05 05:49:44","2021-10-02 12:43:48",3,3,184);
INSERT INTO PIZZARIA.PEDIDO (NUM_PEDIDO,DTA_HOR_ABERTURA_PEDIDO,DTA_HOR_FECHAMENTO_PEDIDO,IDF_ORIGEM_PEDIDO,IDF_FORMA_PAGAMENTO,COD_CLIENTE) VALUES (215,"2021-08-16 23:47:17","2020-06-02 15:45:23",1,2,125);
INSERT INTO PIZZARIA.PEDIDO (NUM_PEDIDO,DTA_HOR_ABERTURA_PEDIDO,DTA_HOR_FECHAMENTO_PEDIDO,IDF_ORIGEM_PEDIDO,IDF_FORMA_PAGAMENTO,COD_CLIENTE) VALUES (216,"2020-12-15 16:40:47","2021-10-12 20:59:58",1,3,191);
INSERT INTO PIZZARIA.PEDIDO (NUM_PEDIDO,DTA_HOR_ABERTURA_PEDIDO,DTA_HOR_FECHAMENTO_PEDIDO,IDF_ORIGEM_PEDIDO,IDF_FORMA_PAGAMENTO,COD_CLIENTE) VALUES (217,"2020-07-05 08:40:06","2020-07-06 12:26:49",3,3,132);
INSERT INTO PIZZARIA.PEDIDO (NUM_PEDIDO,DTA_HOR_ABERTURA_PEDIDO,DTA_HOR_FECHAMENTO_PEDIDO,IDF_ORIGEM_PEDIDO,IDF_FORMA_PAGAMENTO,COD_CLIENTE) VALUES (218,"2020-09-08 09:55:57","2022-04-28 18:15:26",1,4,197);
INSERT INTO PIZZARIA.PEDIDO (NUM_PEDIDO,DTA_HOR_ABERTURA_PEDIDO,DTA_HOR_FECHAMENTO_PEDIDO,IDF_ORIGEM_PEDIDO,IDF_FORMA_PAGAMENTO,COD_CLIENTE) VALUES (219,"2021-02-16 18:49:53","2021-04-27 05:34:27",2,2,208);
INSERT INTO PIZZARIA.PEDIDO (NUM_PEDIDO,DTA_HOR_ABERTURA_PEDIDO,DTA_HOR_FECHAMENTO_PEDIDO,IDF_ORIGEM_PEDIDO,IDF_FORMA_PAGAMENTO,COD_CLIENTE) VALUES (220,"2020-07-31 10:29:55","2020-09-09 04:14:16",1,4,36);
INSERT INTO PIZZARIA.PEDIDO (NUM_PEDIDO,DTA_HOR_ABERTURA_PEDIDO,DTA_HOR_FECHAMENTO_PEDIDO,IDF_ORIGEM_PEDIDO,IDF_FORMA_PAGAMENTO,COD_CLIENTE) VALUES (221,"2020-10-06 22:42:56","2020-08-05 20:05:05",1,4,228);
INSERT INTO PIZZARIA.PEDIDO (NUM_PEDIDO,DTA_HOR_ABERTURA_PEDIDO,DTA_HOR_FECHAMENTO_PEDIDO,IDF_ORIGEM_PEDIDO,IDF_FORMA_PAGAMENTO,COD_CLIENTE) VALUES (222,"2021-10-09 05:56:36","2020-06-03 20:22:30",1,4,54);
INSERT INTO PIZZARIA.PEDIDO (NUM_PEDIDO,DTA_HOR_ABERTURA_PEDIDO,DTA_HOR_FECHAMENTO_PEDIDO,IDF_ORIGEM_PEDIDO,IDF_FORMA_PAGAMENTO,COD_CLIENTE) VALUES (223,"2021-06-07 07:04:23","2022-04-13 21:28:24",3,4,24);
INSERT INTO PIZZARIA.PEDIDO (NUM_PEDIDO,DTA_HOR_ABERTURA_PEDIDO,DTA_HOR_FECHAMENTO_PEDIDO,IDF_ORIGEM_PEDIDO,IDF_FORMA_PAGAMENTO,COD_CLIENTE) VALUES (224,"2020-11-15 11:53:43","2020-08-02 00:00:14",1,3,148);
INSERT INTO PIZZARIA.PEDIDO (NUM_PEDIDO,DTA_HOR_ABERTURA_PEDIDO,DTA_HOR_FECHAMENTO_PEDIDO,IDF_ORIGEM_PEDIDO,IDF_FORMA_PAGAMENTO,COD_CLIENTE) VALUES (225,"2022-03-30 04:04:50","2021-06-13 04:47:12",3,4,202);
INSERT INTO PIZZARIA.PEDIDO (NUM_PEDIDO,DTA_HOR_ABERTURA_PEDIDO,DTA_HOR_FECHAMENTO_PEDIDO,IDF_ORIGEM_PEDIDO,IDF_FORMA_PAGAMENTO,COD_CLIENTE) VALUES (226,"2020-06-24 18:42:13","2020-10-01 23:14:57",2,2,82);
INSERT INTO PIZZARIA.PEDIDO (NUM_PEDIDO,DTA_HOR_ABERTURA_PEDIDO,DTA_HOR_FECHAMENTO_PEDIDO,IDF_ORIGEM_PEDIDO,IDF_FORMA_PAGAMENTO,COD_CLIENTE) VALUES (227,"2020-07-30 20:07:20","2020-09-20 19:01:17",1,2,80);
INSERT INTO PIZZARIA.PEDIDO (NUM_PEDIDO,DTA_HOR_ABERTURA_PEDIDO,DTA_HOR_FECHAMENTO_PEDIDO,IDF_ORIGEM_PEDIDO,IDF_FORMA_PAGAMENTO,COD_CLIENTE) VALUES (228,"2020-08-14 04:02:20","2021-04-10 15:31:47",1,1,133);
INSERT INTO PIZZARIA.PEDIDO (NUM_PEDIDO,DTA_HOR_ABERTURA_PEDIDO,DTA_HOR_FECHAMENTO_PEDIDO,IDF_ORIGEM_PEDIDO,IDF_FORMA_PAGAMENTO,COD_CLIENTE) VALUES (229,"2021-03-10 22:56:06","2020-06-16 08:44:23",3,2,229);
INSERT INTO PIZZARIA.PEDIDO (NUM_PEDIDO,DTA_HOR_ABERTURA_PEDIDO,DTA_HOR_FECHAMENTO_PEDIDO,IDF_ORIGEM_PEDIDO,IDF_FORMA_PAGAMENTO,COD_CLIENTE) VALUES (230,"2021-04-13 23:42:18","2020-10-22 12:12:08",1,1,80);
INSERT INTO PIZZARIA.PEDIDO (NUM_PEDIDO,DTA_HOR_ABERTURA_PEDIDO,DTA_HOR_FECHAMENTO_PEDIDO,IDF_ORIGEM_PEDIDO,IDF_FORMA_PAGAMENTO,COD_CLIENTE) VALUES (231,"2021-07-09 10:58:31","2020-09-25 22:13:47",3,4,213);
INSERT INTO PIZZARIA.PEDIDO (NUM_PEDIDO,DTA_HOR_ABERTURA_PEDIDO,DTA_HOR_FECHAMENTO_PEDIDO,IDF_ORIGEM_PEDIDO,IDF_FORMA_PAGAMENTO,COD_CLIENTE) VALUES (232,"2021-05-29 10:52:38","2021-06-07 21:24:41",1,1,162);
INSERT INTO PIZZARIA.PEDIDO (NUM_PEDIDO,DTA_HOR_ABERTURA_PEDIDO,DTA_HOR_FECHAMENTO_PEDIDO,IDF_ORIGEM_PEDIDO,IDF_FORMA_PAGAMENTO,COD_CLIENTE) VALUES (233,"2021-03-15 04:38:02","2020-08-06 08:13:32",3,3,54);
INSERT INTO PIZZARIA.PEDIDO (NUM_PEDIDO,DTA_HOR_ABERTURA_PEDIDO,DTA_HOR_FECHAMENTO_PEDIDO,IDF_ORIGEM_PEDIDO,IDF_FORMA_PAGAMENTO,COD_CLIENTE) VALUES (234,"2021-07-04 16:58:48","2020-09-02 15:52:25",3,1,4);
INSERT INTO PIZZARIA.PEDIDO (NUM_PEDIDO,DTA_HOR_ABERTURA_PEDIDO,DTA_HOR_FECHAMENTO_PEDIDO,IDF_ORIGEM_PEDIDO,IDF_FORMA_PAGAMENTO,COD_CLIENTE) VALUES (235,"2022-05-06 20:59:25","2022-02-01 14:47:42",3,2,223);
INSERT INTO PIZZARIA.PEDIDO (NUM_PEDIDO,DTA_HOR_ABERTURA_PEDIDO,DTA_HOR_FECHAMENTO_PEDIDO,IDF_ORIGEM_PEDIDO,IDF_FORMA_PAGAMENTO,COD_CLIENTE) VALUES (236,"2021-03-14 05:11:04","2021-03-01 11:55:26",3,1,122);
INSERT INTO PIZZARIA.PEDIDO (NUM_PEDIDO,DTA_HOR_ABERTURA_PEDIDO,DTA_HOR_FECHAMENTO_PEDIDO,IDF_ORIGEM_PEDIDO,IDF_FORMA_PAGAMENTO,COD_CLIENTE) VALUES (237,"2022-02-22 03:41:38","2022-02-11 06:15:50",3,4,165);
INSERT INTO PIZZARIA.PEDIDO (NUM_PEDIDO,DTA_HOR_ABERTURA_PEDIDO,DTA_HOR_FECHAMENTO_PEDIDO,IDF_ORIGEM_PEDIDO,IDF_FORMA_PAGAMENTO,COD_CLIENTE) VALUES (238,"2021-11-05 16:39:21","2021-10-08 15:37:46",3,4,91);
INSERT INTO PIZZARIA.PEDIDO (NUM_PEDIDO,DTA_HOR_ABERTURA_PEDIDO,DTA_HOR_FECHAMENTO_PEDIDO,IDF_ORIGEM_PEDIDO,IDF_FORMA_PAGAMENTO,COD_CLIENTE) VALUES (239,"2021-02-15 13:09:51","2020-09-20 04:42:14",2,2,183);
INSERT INTO PIZZARIA.PEDIDO (NUM_PEDIDO,DTA_HOR_ABERTURA_PEDIDO,DTA_HOR_FECHAMENTO_PEDIDO,IDF_ORIGEM_PEDIDO,IDF_FORMA_PAGAMENTO,COD_CLIENTE) VALUES (240,"2020-09-08 07:29:05","2021-04-04 14:00:05",2,4,153);
INSERT INTO PIZZARIA.PEDIDO (NUM_PEDIDO,DTA_HOR_ABERTURA_PEDIDO,DTA_HOR_FECHAMENTO_PEDIDO,IDF_ORIGEM_PEDIDO,IDF_FORMA_PAGAMENTO,COD_CLIENTE) VALUES (241,"2021-03-04 09:53:26","2021-04-17 15:05:51",3,2,203);
INSERT INTO PIZZARIA.PEDIDO (NUM_PEDIDO,DTA_HOR_ABERTURA_PEDIDO,DTA_HOR_FECHAMENTO_PEDIDO,IDF_ORIGEM_PEDIDO,IDF_FORMA_PAGAMENTO,COD_CLIENTE) VALUES (242,"2021-03-16 15:26:10","2021-07-09 20:42:59",3,2,244);
INSERT INTO PIZZARIA.PEDIDO (NUM_PEDIDO,DTA_HOR_ABERTURA_PEDIDO,DTA_HOR_FECHAMENTO_PEDIDO,IDF_ORIGEM_PEDIDO,IDF_FORMA_PAGAMENTO,COD_CLIENTE) VALUES (243,"2020-10-17 15:10:26","2022-04-18 12:00:45",1,4,30);
INSERT INTO PIZZARIA.PEDIDO (NUM_PEDIDO,DTA_HOR_ABERTURA_PEDIDO,DTA_HOR_FECHAMENTO_PEDIDO,IDF_ORIGEM_PEDIDO,IDF_FORMA_PAGAMENTO,COD_CLIENTE) VALUES (244,"2021-01-16 09:21:27","2022-01-27 02:48:53",2,2,94);
INSERT INTO PIZZARIA.PEDIDO (NUM_PEDIDO,DTA_HOR_ABERTURA_PEDIDO,DTA_HOR_FECHAMENTO_PEDIDO,IDF_ORIGEM_PEDIDO,IDF_FORMA_PAGAMENTO,COD_CLIENTE) VALUES (245,"2020-08-05 08:04:45","2021-07-19 03:01:17",1,3,121);
INSERT INTO PIZZARIA.PEDIDO (NUM_PEDIDO,DTA_HOR_ABERTURA_PEDIDO,DTA_HOR_FECHAMENTO_PEDIDO,IDF_ORIGEM_PEDIDO,IDF_FORMA_PAGAMENTO,COD_CLIENTE) VALUES (246,"2022-01-15 17:44:04","2021-11-27 06:31:33",1,3,202);
INSERT INTO PIZZARIA.PEDIDO (NUM_PEDIDO,DTA_HOR_ABERTURA_PEDIDO,DTA_HOR_FECHAMENTO_PEDIDO,IDF_ORIGEM_PEDIDO,IDF_FORMA_PAGAMENTO,COD_CLIENTE) VALUES (247,"2021-08-31 14:00:19","2021-09-02 14:03:15",3,4,21);
INSERT INTO PIZZARIA.PEDIDO (NUM_PEDIDO,DTA_HOR_ABERTURA_PEDIDO,DTA_HOR_FECHAMENTO_PEDIDO,IDF_ORIGEM_PEDIDO,IDF_FORMA_PAGAMENTO,COD_CLIENTE) VALUES (248,"2020-08-24 14:53:52","2020-07-27 15:36:30",1,2,237);
INSERT INTO PIZZARIA.PEDIDO (NUM_PEDIDO,DTA_HOR_ABERTURA_PEDIDO,DTA_HOR_FECHAMENTO_PEDIDO,IDF_ORIGEM_PEDIDO,IDF_FORMA_PAGAMENTO,COD_CLIENTE) VALUES (249,"2021-12-13 08:22:56","2022-03-08 00:54:38",2,1,47);
INSERT INTO PIZZARIA.PEDIDO (NUM_PEDIDO,DTA_HOR_ABERTURA_PEDIDO,DTA_HOR_FECHAMENTO_PEDIDO,IDF_ORIGEM_PEDIDO,IDF_FORMA_PAGAMENTO,COD_CLIENTE) VALUES (250,"2021-08-02 08:26:45","2021-01-03 01:14:17",2,3,235);
INSERT INTO PIZZARIA.PEDIDO (NUM_PEDIDO,DTA_HOR_ABERTURA_PEDIDO,DTA_HOR_FECHAMENTO_PEDIDO,IDF_ORIGEM_PEDIDO,IDF_FORMA_PAGAMENTO,COD_CLIENTE) VALUES (251,"2021-07-20 22:06:47","2022-05-11 01:51:20",1,4,126);
INSERT INTO PIZZARIA.PEDIDO (NUM_PEDIDO,DTA_HOR_ABERTURA_PEDIDO,DTA_HOR_FECHAMENTO_PEDIDO,IDF_ORIGEM_PEDIDO,IDF_FORMA_PAGAMENTO,COD_CLIENTE) VALUES (252,"2020-08-27 11:48:12","2021-12-27 14:48:17",2,2,171);
INSERT INTO PIZZARIA.PEDIDO (NUM_PEDIDO,DTA_HOR_ABERTURA_PEDIDO,DTA_HOR_FECHAMENTO_PEDIDO,IDF_ORIGEM_PEDIDO,IDF_FORMA_PAGAMENTO,COD_CLIENTE) VALUES (253,"2020-11-10 16:26:13","2021-08-03 15:53:27",2,2,253);
INSERT INTO PIZZARIA.PEDIDO (NUM_PEDIDO,DTA_HOR_ABERTURA_PEDIDO,DTA_HOR_FECHAMENTO_PEDIDO,IDF_ORIGEM_PEDIDO,IDF_FORMA_PAGAMENTO,COD_CLIENTE) VALUES (254,"2020-11-14 21:21:59","2020-09-01 14:12:44",3,2,51);
INSERT INTO PIZZARIA.PEDIDO (NUM_PEDIDO,DTA_HOR_ABERTURA_PEDIDO,DTA_HOR_FECHAMENTO_PEDIDO,IDF_ORIGEM_PEDIDO,IDF_FORMA_PAGAMENTO,COD_CLIENTE) VALUES (255,"2021-03-04 12:38:20","2020-11-17 07:52:26",2,4,206);
INSERT INTO PIZZARIA.PEDIDO (NUM_PEDIDO,DTA_HOR_ABERTURA_PEDIDO,DTA_HOR_FECHAMENTO_PEDIDO,IDF_ORIGEM_PEDIDO,IDF_FORMA_PAGAMENTO,COD_CLIENTE) VALUES (256,"2021-12-08 19:48:12","2021-01-16 02:14:46",3,1,290);
INSERT INTO PIZZARIA.PEDIDO (NUM_PEDIDO,DTA_HOR_ABERTURA_PEDIDO,DTA_HOR_FECHAMENTO_PEDIDO,IDF_ORIGEM_PEDIDO,IDF_FORMA_PAGAMENTO,COD_CLIENTE) VALUES (257,"2021-05-16 02:11:14","2021-04-24 18:14:07",2,2,290);
INSERT INTO PIZZARIA.PEDIDO (NUM_PEDIDO,DTA_HOR_ABERTURA_PEDIDO,DTA_HOR_FECHAMENTO_PEDIDO,IDF_ORIGEM_PEDIDO,IDF_FORMA_PAGAMENTO,COD_CLIENTE) VALUES (258,"2020-07-18 14:07:56","2021-05-29 10:16:23",1,2,136);
INSERT INTO PIZZARIA.PEDIDO (NUM_PEDIDO,DTA_HOR_ABERTURA_PEDIDO,DTA_HOR_FECHAMENTO_PEDIDO,IDF_ORIGEM_PEDIDO,IDF_FORMA_PAGAMENTO,COD_CLIENTE) VALUES (259,"2020-11-07 00:25:08","2020-10-17 12:47:28",3,3,32);
INSERT INTO PIZZARIA.PEDIDO (NUM_PEDIDO,DTA_HOR_ABERTURA_PEDIDO,DTA_HOR_FECHAMENTO_PEDIDO,IDF_ORIGEM_PEDIDO,IDF_FORMA_PAGAMENTO,COD_CLIENTE) VALUES (260,"2020-11-14 18:31:42","2021-06-28 00:59:55",1,1,155);
INSERT INTO PIZZARIA.PEDIDO (NUM_PEDIDO,DTA_HOR_ABERTURA_PEDIDO,DTA_HOR_FECHAMENTO_PEDIDO,IDF_ORIGEM_PEDIDO,IDF_FORMA_PAGAMENTO,COD_CLIENTE) VALUES (261,"2020-07-31 11:13:30","2020-09-10 05:28:35",1,2,264);
INSERT INTO PIZZARIA.PEDIDO (NUM_PEDIDO,DTA_HOR_ABERTURA_PEDIDO,DTA_HOR_FECHAMENTO_PEDIDO,IDF_ORIGEM_PEDIDO,IDF_FORMA_PAGAMENTO,COD_CLIENTE) VALUES (262,"2021-08-25 05:48:08","2020-08-25 20:20:17",1,3,166);
INSERT INTO PIZZARIA.PEDIDO (NUM_PEDIDO,DTA_HOR_ABERTURA_PEDIDO,DTA_HOR_FECHAMENTO_PEDIDO,IDF_ORIGEM_PEDIDO,IDF_FORMA_PAGAMENTO,COD_CLIENTE) VALUES (263,"2021-09-01 02:48:10","2021-09-22 10:46:47",2,4,276);
INSERT INTO PIZZARIA.PEDIDO (NUM_PEDIDO,DTA_HOR_ABERTURA_PEDIDO,DTA_HOR_FECHAMENTO_PEDIDO,IDF_ORIGEM_PEDIDO,IDF_FORMA_PAGAMENTO,COD_CLIENTE) VALUES (264,"2020-06-07 11:07:08","2022-01-31 20:10:54",3,2,24);
INSERT INTO PIZZARIA.PEDIDO (NUM_PEDIDO,DTA_HOR_ABERTURA_PEDIDO,DTA_HOR_FECHAMENTO_PEDIDO,IDF_ORIGEM_PEDIDO,IDF_FORMA_PAGAMENTO,COD_CLIENTE) VALUES (265,"2021-02-23 21:00:58","2021-12-27 23:52:58",3,2,131);
INSERT INTO PIZZARIA.PEDIDO (NUM_PEDIDO,DTA_HOR_ABERTURA_PEDIDO,DTA_HOR_FECHAMENTO_PEDIDO,IDF_ORIGEM_PEDIDO,IDF_FORMA_PAGAMENTO,COD_CLIENTE) VALUES (266,"2020-08-19 21:53:05","2020-12-27 12:09:05",3,3,199);
INSERT INTO PIZZARIA.PEDIDO (NUM_PEDIDO,DTA_HOR_ABERTURA_PEDIDO,DTA_HOR_FECHAMENTO_PEDIDO,IDF_ORIGEM_PEDIDO,IDF_FORMA_PAGAMENTO,COD_CLIENTE) VALUES (267,"2021-10-23 18:21:00","2021-04-23 11:44:44",1,1,283);
INSERT INTO PIZZARIA.PEDIDO (NUM_PEDIDO,DTA_HOR_ABERTURA_PEDIDO,DTA_HOR_FECHAMENTO_PEDIDO,IDF_ORIGEM_PEDIDO,IDF_FORMA_PAGAMENTO,COD_CLIENTE) VALUES (268,"2021-07-11 10:10:05","2022-03-09 19:10:52",2,3,109);
INSERT INTO PIZZARIA.PEDIDO (NUM_PEDIDO,DTA_HOR_ABERTURA_PEDIDO,DTA_HOR_FECHAMENTO_PEDIDO,IDF_ORIGEM_PEDIDO,IDF_FORMA_PAGAMENTO,COD_CLIENTE) VALUES (269,"2020-08-02 23:20:33","2021-12-07 07:27:41",3,1,173);
INSERT INTO PIZZARIA.PEDIDO (NUM_PEDIDO,DTA_HOR_ABERTURA_PEDIDO,DTA_HOR_FECHAMENTO_PEDIDO,IDF_ORIGEM_PEDIDO,IDF_FORMA_PAGAMENTO,COD_CLIENTE) VALUES (270,"2021-09-22 22:09:43","2022-05-17 11:03:16",2,4,262);
INSERT INTO PIZZARIA.PEDIDO (NUM_PEDIDO,DTA_HOR_ABERTURA_PEDIDO,DTA_HOR_FECHAMENTO_PEDIDO,IDF_ORIGEM_PEDIDO,IDF_FORMA_PAGAMENTO,COD_CLIENTE) VALUES (271,"2021-09-03 15:13:05","2022-01-30 13:15:51",2,4,53);
INSERT INTO PIZZARIA.PEDIDO (NUM_PEDIDO,DTA_HOR_ABERTURA_PEDIDO,DTA_HOR_FECHAMENTO_PEDIDO,IDF_ORIGEM_PEDIDO,IDF_FORMA_PAGAMENTO,COD_CLIENTE) VALUES (272,"2020-11-04 20:45:44","2022-03-12 09:38:29",1,3,30);
INSERT INTO PIZZARIA.PEDIDO (NUM_PEDIDO,DTA_HOR_ABERTURA_PEDIDO,DTA_HOR_FECHAMENTO_PEDIDO,IDF_ORIGEM_PEDIDO,IDF_FORMA_PAGAMENTO,COD_CLIENTE) VALUES (273,"2021-03-07 07:16:57","2020-09-13 02:29:19",2,1,295);
INSERT INTO PIZZARIA.PEDIDO (NUM_PEDIDO,DTA_HOR_ABERTURA_PEDIDO,DTA_HOR_FECHAMENTO_PEDIDO,IDF_ORIGEM_PEDIDO,IDF_FORMA_PAGAMENTO,COD_CLIENTE) VALUES (274,"2021-08-15 02:27:54","2020-08-19 19:08:10",3,1,64);
INSERT INTO PIZZARIA.PEDIDO (NUM_PEDIDO,DTA_HOR_ABERTURA_PEDIDO,DTA_HOR_FECHAMENTO_PEDIDO,IDF_ORIGEM_PEDIDO,IDF_FORMA_PAGAMENTO,COD_CLIENTE) VALUES (275,"2021-11-19 01:42:47","2021-03-06 08:15:36",3,3,18);
INSERT INTO PIZZARIA.PEDIDO (NUM_PEDIDO,DTA_HOR_ABERTURA_PEDIDO,DTA_HOR_FECHAMENTO_PEDIDO,IDF_ORIGEM_PEDIDO,IDF_FORMA_PAGAMENTO,COD_CLIENTE) VALUES (276,"2022-02-19 10:50:26","2021-03-21 17:32:41",2,4,190);
INSERT INTO PIZZARIA.PEDIDO (NUM_PEDIDO,DTA_HOR_ABERTURA_PEDIDO,DTA_HOR_FECHAMENTO_PEDIDO,IDF_ORIGEM_PEDIDO,IDF_FORMA_PAGAMENTO,COD_CLIENTE) VALUES (277,"2021-07-06 07:54:44","2022-02-26 13:26:56",1,2,288);
INSERT INTO PIZZARIA.PEDIDO (NUM_PEDIDO,DTA_HOR_ABERTURA_PEDIDO,DTA_HOR_FECHAMENTO_PEDIDO,IDF_ORIGEM_PEDIDO,IDF_FORMA_PAGAMENTO,COD_CLIENTE) VALUES (278,"2022-04-19 03:26:34","2020-08-24 22:24:57",1,4,144);
INSERT INTO PIZZARIA.PEDIDO (NUM_PEDIDO,DTA_HOR_ABERTURA_PEDIDO,DTA_HOR_FECHAMENTO_PEDIDO,IDF_ORIGEM_PEDIDO,IDF_FORMA_PAGAMENTO,COD_CLIENTE) VALUES (279,"2022-03-04 23:09:43","2020-12-08 15:28:59",1,4,133);
INSERT INTO PIZZARIA.PEDIDO (NUM_PEDIDO,DTA_HOR_ABERTURA_PEDIDO,DTA_HOR_FECHAMENTO_PEDIDO,IDF_ORIGEM_PEDIDO,IDF_FORMA_PAGAMENTO,COD_CLIENTE) VALUES (280,"2021-03-16 09:59:29","2022-03-23 20:06:45",1,3,7);
INSERT INTO PIZZARIA.PEDIDO (NUM_PEDIDO,DTA_HOR_ABERTURA_PEDIDO,DTA_HOR_FECHAMENTO_PEDIDO,IDF_ORIGEM_PEDIDO,IDF_FORMA_PAGAMENTO,COD_CLIENTE) VALUES (281,"2020-06-15 22:21:13","2020-11-28 15:22:01",3,2,179);
INSERT INTO PIZZARIA.PEDIDO (NUM_PEDIDO,DTA_HOR_ABERTURA_PEDIDO,DTA_HOR_FECHAMENTO_PEDIDO,IDF_ORIGEM_PEDIDO,IDF_FORMA_PAGAMENTO,COD_CLIENTE) VALUES (282,"2021-10-15 15:48:56","2021-01-13 00:14:28",3,4,173);
INSERT INTO PIZZARIA.PEDIDO (NUM_PEDIDO,DTA_HOR_ABERTURA_PEDIDO,DTA_HOR_FECHAMENTO_PEDIDO,IDF_ORIGEM_PEDIDO,IDF_FORMA_PAGAMENTO,COD_CLIENTE) VALUES (283,"2022-01-01 19:49:54","2021-09-03 08:09:07",3,4,263);
INSERT INTO PIZZARIA.PEDIDO (NUM_PEDIDO,DTA_HOR_ABERTURA_PEDIDO,DTA_HOR_FECHAMENTO_PEDIDO,IDF_ORIGEM_PEDIDO,IDF_FORMA_PAGAMENTO,COD_CLIENTE) VALUES (284,"2022-01-30 07:39:18","2022-05-18 03:01:03",3,2,160);
INSERT INTO PIZZARIA.PEDIDO (NUM_PEDIDO,DTA_HOR_ABERTURA_PEDIDO,DTA_HOR_FECHAMENTO_PEDIDO,IDF_ORIGEM_PEDIDO,IDF_FORMA_PAGAMENTO,COD_CLIENTE) VALUES (285,"2021-07-05 12:29:00","2021-09-27 17:38:03",3,2,275);
INSERT INTO PIZZARIA.PEDIDO (NUM_PEDIDO,DTA_HOR_ABERTURA_PEDIDO,DTA_HOR_FECHAMENTO_PEDIDO,IDF_ORIGEM_PEDIDO,IDF_FORMA_PAGAMENTO,COD_CLIENTE) VALUES (286,"2021-09-16 07:24:58","2021-06-17 00:00:28",1,1,247);
INSERT INTO PIZZARIA.PEDIDO (NUM_PEDIDO,DTA_HOR_ABERTURA_PEDIDO,DTA_HOR_FECHAMENTO_PEDIDO,IDF_ORIGEM_PEDIDO,IDF_FORMA_PAGAMENTO,COD_CLIENTE) VALUES (287,"2021-06-29 09:22:38","2020-10-19 04:35:32",1,1,165);
INSERT INTO PIZZARIA.PEDIDO (NUM_PEDIDO,DTA_HOR_ABERTURA_PEDIDO,DTA_HOR_FECHAMENTO_PEDIDO,IDF_ORIGEM_PEDIDO,IDF_FORMA_PAGAMENTO,COD_CLIENTE) VALUES (288,"2021-10-18 21:12:29","2020-06-24 08:51:01",3,3,289);
INSERT INTO PIZZARIA.PEDIDO (NUM_PEDIDO,DTA_HOR_ABERTURA_PEDIDO,DTA_HOR_FECHAMENTO_PEDIDO,IDF_ORIGEM_PEDIDO,IDF_FORMA_PAGAMENTO,COD_CLIENTE) VALUES (289,"2021-03-04 02:17:58","2021-05-03 14:13:23",2,3,204);
INSERT INTO PIZZARIA.PEDIDO (NUM_PEDIDO,DTA_HOR_ABERTURA_PEDIDO,DTA_HOR_FECHAMENTO_PEDIDO,IDF_ORIGEM_PEDIDO,IDF_FORMA_PAGAMENTO,COD_CLIENTE) VALUES (290,"2022-03-18 07:46:35","2020-07-03 04:39:26",1,1,283);
INSERT INTO PIZZARIA.PEDIDO (NUM_PEDIDO,DTA_HOR_ABERTURA_PEDIDO,DTA_HOR_FECHAMENTO_PEDIDO,IDF_ORIGEM_PEDIDO,IDF_FORMA_PAGAMENTO,COD_CLIENTE) VALUES (291,"2021-11-12 01:26:56","2020-05-27 01:43:43",3,1,220);
INSERT INTO PIZZARIA.PEDIDO (NUM_PEDIDO,DTA_HOR_ABERTURA_PEDIDO,DTA_HOR_FECHAMENTO_PEDIDO,IDF_ORIGEM_PEDIDO,IDF_FORMA_PAGAMENTO,COD_CLIENTE) VALUES (292,"2022-03-08 03:48:53","2020-11-11 10:03:21",2,1,186);
INSERT INTO PIZZARIA.PEDIDO (NUM_PEDIDO,DTA_HOR_ABERTURA_PEDIDO,DTA_HOR_FECHAMENTO_PEDIDO,IDF_ORIGEM_PEDIDO,IDF_FORMA_PAGAMENTO,COD_CLIENTE) VALUES (293,"2021-05-20 16:15:40","2022-04-30 14:26:15",3,1,226);
INSERT INTO PIZZARIA.PEDIDO (NUM_PEDIDO,DTA_HOR_ABERTURA_PEDIDO,DTA_HOR_FECHAMENTO_PEDIDO,IDF_ORIGEM_PEDIDO,IDF_FORMA_PAGAMENTO,COD_CLIENTE) VALUES (294,"2020-09-25 00:02:54","2022-02-16 14:57:39",1,1,18);
INSERT INTO PIZZARIA.PEDIDO (NUM_PEDIDO,DTA_HOR_ABERTURA_PEDIDO,DTA_HOR_FECHAMENTO_PEDIDO,IDF_ORIGEM_PEDIDO,IDF_FORMA_PAGAMENTO,COD_CLIENTE) VALUES (295,"2020-10-31 01:26:29","2021-02-16 19:14:11",1,3,210);
INSERT INTO PIZZARIA.PEDIDO (NUM_PEDIDO,DTA_HOR_ABERTURA_PEDIDO,DTA_HOR_FECHAMENTO_PEDIDO,IDF_ORIGEM_PEDIDO,IDF_FORMA_PAGAMENTO,COD_CLIENTE) VALUES (296,"2022-05-18 14:02:34","2022-04-16 14:39:30",3,2,253);
INSERT INTO PIZZARIA.PEDIDO (NUM_PEDIDO,DTA_HOR_ABERTURA_PEDIDO,DTA_HOR_FECHAMENTO_PEDIDO,IDF_ORIGEM_PEDIDO,IDF_FORMA_PAGAMENTO,COD_CLIENTE) VALUES (297,"2022-01-13 00:47:39","2021-08-13 13:11:40",3,1,93);
INSERT INTO PIZZARIA.PEDIDO (NUM_PEDIDO,DTA_HOR_ABERTURA_PEDIDO,DTA_HOR_FECHAMENTO_PEDIDO,IDF_ORIGEM_PEDIDO,IDF_FORMA_PAGAMENTO,COD_CLIENTE) VALUES (298,"2020-10-16 13:34:28","2021-02-12 18:05:06",3,3,67);
INSERT INTO PIZZARIA.PEDIDO (NUM_PEDIDO,DTA_HOR_ABERTURA_PEDIDO,DTA_HOR_FECHAMENTO_PEDIDO,IDF_ORIGEM_PEDIDO,IDF_FORMA_PAGAMENTO,COD_CLIENTE) VALUES (299,"2020-06-01 00:29:09","2021-10-22 05:26:43",2,2,231);
INSERT INTO PIZZARIA.PEDIDO (NUM_PEDIDO,DTA_HOR_ABERTURA_PEDIDO,DTA_HOR_FECHAMENTO_PEDIDO,IDF_ORIGEM_PEDIDO,IDF_FORMA_PAGAMENTO,COD_CLIENTE) VALUES (300,"2021-03-16 14:12:31","2021-06-14 13:43:11",1,4,202);
INSERT INTO PIZZARIA.PEDIDO (NUM_PEDIDO,DTA_HOR_ABERTURA_PEDIDO,DTA_HOR_FECHAMENTO_PEDIDO,IDF_ORIGEM_PEDIDO,IDF_FORMA_PAGAMENTO,COD_CLIENTE) VALUES (301,"2021-04-19 22:54:13","2022-03-21 06:54:02",2,1,50);
INSERT INTO PIZZARIA.PEDIDO (NUM_PEDIDO,DTA_HOR_ABERTURA_PEDIDO,DTA_HOR_FECHAMENTO_PEDIDO,IDF_ORIGEM_PEDIDO,IDF_FORMA_PAGAMENTO,COD_CLIENTE) VALUES (302,"2021-09-03 18:05:46","2021-06-23 12:50:26",2,1,178);
INSERT INTO PIZZARIA.PEDIDO (NUM_PEDIDO,DTA_HOR_ABERTURA_PEDIDO,DTA_HOR_FECHAMENTO_PEDIDO,IDF_ORIGEM_PEDIDO,IDF_FORMA_PAGAMENTO,COD_CLIENTE) VALUES (303,"2021-04-08 10:35:48","2022-04-21 10:46:31",1,3,122);
INSERT INTO PIZZARIA.PEDIDO (NUM_PEDIDO,DTA_HOR_ABERTURA_PEDIDO,DTA_HOR_FECHAMENTO_PEDIDO,IDF_ORIGEM_PEDIDO,IDF_FORMA_PAGAMENTO,COD_CLIENTE) VALUES (304,"2021-07-20 16:30:18","2021-07-28 04:15:31",1,3,199);
INSERT INTO PIZZARIA.PEDIDO (NUM_PEDIDO,DTA_HOR_ABERTURA_PEDIDO,DTA_HOR_FECHAMENTO_PEDIDO,IDF_ORIGEM_PEDIDO,IDF_FORMA_PAGAMENTO,COD_CLIENTE) VALUES (305,"2020-08-12 13:37:45","2021-02-18 19:41:22",1,1,25);
INSERT INTO PIZZARIA.PEDIDO (NUM_PEDIDO,DTA_HOR_ABERTURA_PEDIDO,DTA_HOR_FECHAMENTO_PEDIDO,IDF_ORIGEM_PEDIDO,IDF_FORMA_PAGAMENTO,COD_CLIENTE) VALUES (306,"2021-10-08 11:49:49","2020-10-27 19:17:45",2,3,268);
INSERT INTO PIZZARIA.PEDIDO (NUM_PEDIDO,DTA_HOR_ABERTURA_PEDIDO,DTA_HOR_FECHAMENTO_PEDIDO,IDF_ORIGEM_PEDIDO,IDF_FORMA_PAGAMENTO,COD_CLIENTE) VALUES (307,"2021-07-29 00:58:24","2021-06-11 04:14:04",3,3,80);
INSERT INTO PIZZARIA.PEDIDO (NUM_PEDIDO,DTA_HOR_ABERTURA_PEDIDO,DTA_HOR_FECHAMENTO_PEDIDO,IDF_ORIGEM_PEDIDO,IDF_FORMA_PAGAMENTO,COD_CLIENTE) VALUES (308,"2021-06-21 04:44:28","2021-09-03 10:32:56",1,3,21);
INSERT INTO PIZZARIA.PEDIDO (NUM_PEDIDO,DTA_HOR_ABERTURA_PEDIDO,DTA_HOR_FECHAMENTO_PEDIDO,IDF_ORIGEM_PEDIDO,IDF_FORMA_PAGAMENTO,COD_CLIENTE) VALUES (309,"2021-09-03 08:59:57","2020-11-06 18:18:07",3,3,229);
INSERT INTO PIZZARIA.PEDIDO (NUM_PEDIDO,DTA_HOR_ABERTURA_PEDIDO,DTA_HOR_FECHAMENTO_PEDIDO,IDF_ORIGEM_PEDIDO,IDF_FORMA_PAGAMENTO,COD_CLIENTE) VALUES (310,"2021-11-04 22:28:42","2021-02-04 15:29:40",2,1,230);
INSERT INTO PIZZARIA.PEDIDO (NUM_PEDIDO,DTA_HOR_ABERTURA_PEDIDO,DTA_HOR_FECHAMENTO_PEDIDO,IDF_ORIGEM_PEDIDO,IDF_FORMA_PAGAMENTO,COD_CLIENTE) VALUES (311,"2021-04-22 17:41:57","2020-06-25 08:50:02",2,3,162);
INSERT INTO PIZZARIA.PEDIDO (NUM_PEDIDO,DTA_HOR_ABERTURA_PEDIDO,DTA_HOR_FECHAMENTO_PEDIDO,IDF_ORIGEM_PEDIDO,IDF_FORMA_PAGAMENTO,COD_CLIENTE) VALUES (312,"2020-07-14 07:15:11","2021-04-05 08:44:37",3,1,246);
INSERT INTO PIZZARIA.PEDIDO (NUM_PEDIDO,DTA_HOR_ABERTURA_PEDIDO,DTA_HOR_FECHAMENTO_PEDIDO,IDF_ORIGEM_PEDIDO,IDF_FORMA_PAGAMENTO,COD_CLIENTE) VALUES (313,"2020-12-15 12:05:58","2021-01-06 03:07:27",3,1,94);
INSERT INTO PIZZARIA.PEDIDO (NUM_PEDIDO,DTA_HOR_ABERTURA_PEDIDO,DTA_HOR_FECHAMENTO_PEDIDO,IDF_ORIGEM_PEDIDO,IDF_FORMA_PAGAMENTO,COD_CLIENTE) VALUES (314,"2021-01-03 14:11:40","2022-03-03 08:03:08",1,4,75);
INSERT INTO PIZZARIA.PEDIDO (NUM_PEDIDO,DTA_HOR_ABERTURA_PEDIDO,DTA_HOR_FECHAMENTO_PEDIDO,IDF_ORIGEM_PEDIDO,IDF_FORMA_PAGAMENTO,COD_CLIENTE) VALUES (315,"2020-10-04 06:21:30","2021-10-27 18:13:32",3,3,26);
INSERT INTO PIZZARIA.PEDIDO (NUM_PEDIDO,DTA_HOR_ABERTURA_PEDIDO,DTA_HOR_FECHAMENTO_PEDIDO,IDF_ORIGEM_PEDIDO,IDF_FORMA_PAGAMENTO,COD_CLIENTE) VALUES (316,"2021-09-16 12:12:12","2020-08-06 11:42:55",1,1,295);
INSERT INTO PIZZARIA.PEDIDO (NUM_PEDIDO,DTA_HOR_ABERTURA_PEDIDO,DTA_HOR_FECHAMENTO_PEDIDO,IDF_ORIGEM_PEDIDO,IDF_FORMA_PAGAMENTO,COD_CLIENTE) VALUES (317,"2021-09-10 11:11:16","2021-04-17 00:01:45",2,4,241);
INSERT INTO PIZZARIA.PEDIDO (NUM_PEDIDO,DTA_HOR_ABERTURA_PEDIDO,DTA_HOR_FECHAMENTO_PEDIDO,IDF_ORIGEM_PEDIDO,IDF_FORMA_PAGAMENTO,COD_CLIENTE) VALUES (318,"2021-02-24 23:07:39","2021-09-23 20:45:50",1,4,248);
INSERT INTO PIZZARIA.PEDIDO (NUM_PEDIDO,DTA_HOR_ABERTURA_PEDIDO,DTA_HOR_FECHAMENTO_PEDIDO,IDF_ORIGEM_PEDIDO,IDF_FORMA_PAGAMENTO,COD_CLIENTE) VALUES (319,"2021-02-02 17:52:38","2021-05-28 02:18:06",2,4,76);
INSERT INTO PIZZARIA.PEDIDO (NUM_PEDIDO,DTA_HOR_ABERTURA_PEDIDO,DTA_HOR_FECHAMENTO_PEDIDO,IDF_ORIGEM_PEDIDO,IDF_FORMA_PAGAMENTO,COD_CLIENTE) VALUES (320,"2021-11-03 19:27:27","2021-04-11 13:24:22",1,3,49);
INSERT INTO PIZZARIA.PEDIDO (NUM_PEDIDO,DTA_HOR_ABERTURA_PEDIDO,DTA_HOR_FECHAMENTO_PEDIDO,IDF_ORIGEM_PEDIDO,IDF_FORMA_PAGAMENTO,COD_CLIENTE) VALUES (321,"2020-12-07 16:27:06","2021-06-18 18:34:58",1,1,238);
INSERT INTO PIZZARIA.PEDIDO (NUM_PEDIDO,DTA_HOR_ABERTURA_PEDIDO,DTA_HOR_FECHAMENTO_PEDIDO,IDF_ORIGEM_PEDIDO,IDF_FORMA_PAGAMENTO,COD_CLIENTE) VALUES (322,"2022-01-06 17:15:59","2021-04-17 09:50:03",1,4,9);
INSERT INTO PIZZARIA.PEDIDO (NUM_PEDIDO,DTA_HOR_ABERTURA_PEDIDO,DTA_HOR_FECHAMENTO_PEDIDO,IDF_ORIGEM_PEDIDO,IDF_FORMA_PAGAMENTO,COD_CLIENTE) VALUES (323,"2022-01-29 18:11:38","2020-07-27 22:18:13",1,3,63);
INSERT INTO PIZZARIA.PEDIDO (NUM_PEDIDO,DTA_HOR_ABERTURA_PEDIDO,DTA_HOR_FECHAMENTO_PEDIDO,IDF_ORIGEM_PEDIDO,IDF_FORMA_PAGAMENTO,COD_CLIENTE) VALUES (324,"2020-08-10 00:08:17","2022-04-12 23:07:13",2,3,291);
INSERT INTO PIZZARIA.PEDIDO (NUM_PEDIDO,DTA_HOR_ABERTURA_PEDIDO,DTA_HOR_FECHAMENTO_PEDIDO,IDF_ORIGEM_PEDIDO,IDF_FORMA_PAGAMENTO,COD_CLIENTE) VALUES (325,"2021-06-08 20:50:18","2022-01-21 16:37:08",3,3,225);
INSERT INTO PIZZARIA.PEDIDO (NUM_PEDIDO,DTA_HOR_ABERTURA_PEDIDO,DTA_HOR_FECHAMENTO_PEDIDO,IDF_ORIGEM_PEDIDO,IDF_FORMA_PAGAMENTO,COD_CLIENTE) VALUES (326,"2021-04-22 03:39:04","2022-03-25 01:31:09",3,3,151);
INSERT INTO PIZZARIA.PEDIDO (NUM_PEDIDO,DTA_HOR_ABERTURA_PEDIDO,DTA_HOR_FECHAMENTO_PEDIDO,IDF_ORIGEM_PEDIDO,IDF_FORMA_PAGAMENTO,COD_CLIENTE) VALUES (327,"2022-02-22 13:25:16","2020-06-05 06:05:23",3,1,40);
INSERT INTO PIZZARIA.PEDIDO (NUM_PEDIDO,DTA_HOR_ABERTURA_PEDIDO,DTA_HOR_FECHAMENTO_PEDIDO,IDF_ORIGEM_PEDIDO,IDF_FORMA_PAGAMENTO,COD_CLIENTE) VALUES (328,"2022-01-13 04:28:43","2020-05-27 06:57:15",3,4,169);
INSERT INTO PIZZARIA.PEDIDO (NUM_PEDIDO,DTA_HOR_ABERTURA_PEDIDO,DTA_HOR_FECHAMENTO_PEDIDO,IDF_ORIGEM_PEDIDO,IDF_FORMA_PAGAMENTO,COD_CLIENTE) VALUES (329,"2021-08-05 07:18:47","2022-02-05 11:48:27",1,1,59);
INSERT INTO PIZZARIA.PEDIDO (NUM_PEDIDO,DTA_HOR_ABERTURA_PEDIDO,DTA_HOR_FECHAMENTO_PEDIDO,IDF_ORIGEM_PEDIDO,IDF_FORMA_PAGAMENTO,COD_CLIENTE) VALUES (330,"2020-11-24 00:32:52","2021-04-11 22:51:13",1,1,180);
INSERT INTO PIZZARIA.PEDIDO (NUM_PEDIDO,DTA_HOR_ABERTURA_PEDIDO,DTA_HOR_FECHAMENTO_PEDIDO,IDF_ORIGEM_PEDIDO,IDF_FORMA_PAGAMENTO,COD_CLIENTE) VALUES (331,"2021-01-23 19:51:06","2022-05-12 12:23:10",3,1,128);
INSERT INTO PIZZARIA.PEDIDO (NUM_PEDIDO,DTA_HOR_ABERTURA_PEDIDO,DTA_HOR_FECHAMENTO_PEDIDO,IDF_ORIGEM_PEDIDO,IDF_FORMA_PAGAMENTO,COD_CLIENTE) VALUES (332,"2020-06-10 05:44:48","2021-06-30 10:18:18",2,1,179);
INSERT INTO PIZZARIA.PEDIDO (NUM_PEDIDO,DTA_HOR_ABERTURA_PEDIDO,DTA_HOR_FECHAMENTO_PEDIDO,IDF_ORIGEM_PEDIDO,IDF_FORMA_PAGAMENTO,COD_CLIENTE) VALUES (333,"2022-05-11 23:09:13","2020-06-10 04:47:05",2,2,119);
INSERT INTO PIZZARIA.PEDIDO (NUM_PEDIDO,DTA_HOR_ABERTURA_PEDIDO,DTA_HOR_FECHAMENTO_PEDIDO,IDF_ORIGEM_PEDIDO,IDF_FORMA_PAGAMENTO,COD_CLIENTE) VALUES (334,"2021-03-12 03:06:11","2021-12-28 11:27:23",3,1,127);
INSERT INTO PIZZARIA.PEDIDO (NUM_PEDIDO,DTA_HOR_ABERTURA_PEDIDO,DTA_HOR_FECHAMENTO_PEDIDO,IDF_ORIGEM_PEDIDO,IDF_FORMA_PAGAMENTO,COD_CLIENTE) VALUES (335,"2020-05-25 18:02:51","2020-10-28 23:20:44",2,4,15);
INSERT INTO PIZZARIA.PEDIDO (NUM_PEDIDO,DTA_HOR_ABERTURA_PEDIDO,DTA_HOR_FECHAMENTO_PEDIDO,IDF_ORIGEM_PEDIDO,IDF_FORMA_PAGAMENTO,COD_CLIENTE) VALUES (336,"2022-04-09 08:48:37","2022-04-27 11:09:09",1,4,211);
INSERT INTO PIZZARIA.PEDIDO (NUM_PEDIDO,DTA_HOR_ABERTURA_PEDIDO,DTA_HOR_FECHAMENTO_PEDIDO,IDF_ORIGEM_PEDIDO,IDF_FORMA_PAGAMENTO,COD_CLIENTE) VALUES (337,"2021-03-20 05:12:36","2022-01-11 09:46:44",1,1,279);
INSERT INTO PIZZARIA.PEDIDO (NUM_PEDIDO,DTA_HOR_ABERTURA_PEDIDO,DTA_HOR_FECHAMENTO_PEDIDO,IDF_ORIGEM_PEDIDO,IDF_FORMA_PAGAMENTO,COD_CLIENTE) VALUES (338,"2021-11-30 00:01:17","2020-09-19 00:20:01",3,4,4);
INSERT INTO PIZZARIA.PEDIDO (NUM_PEDIDO,DTA_HOR_ABERTURA_PEDIDO,DTA_HOR_FECHAMENTO_PEDIDO,IDF_ORIGEM_PEDIDO,IDF_FORMA_PAGAMENTO,COD_CLIENTE) VALUES (339,"2022-01-19 06:02:44","2021-11-24 14:25:49",1,3,218);
INSERT INTO PIZZARIA.PEDIDO (NUM_PEDIDO,DTA_HOR_ABERTURA_PEDIDO,DTA_HOR_FECHAMENTO_PEDIDO,IDF_ORIGEM_PEDIDO,IDF_FORMA_PAGAMENTO,COD_CLIENTE) VALUES (340,"2020-07-15 13:20:45","2021-05-29 04:56:28",1,1,282);
INSERT INTO PIZZARIA.PEDIDO (NUM_PEDIDO,DTA_HOR_ABERTURA_PEDIDO,DTA_HOR_FECHAMENTO_PEDIDO,IDF_ORIGEM_PEDIDO,IDF_FORMA_PAGAMENTO,COD_CLIENTE) VALUES (341,"2020-06-22 12:56:33","2021-06-27 18:27:55",1,1,244);
INSERT INTO PIZZARIA.PEDIDO (NUM_PEDIDO,DTA_HOR_ABERTURA_PEDIDO,DTA_HOR_FECHAMENTO_PEDIDO,IDF_ORIGEM_PEDIDO,IDF_FORMA_PAGAMENTO,COD_CLIENTE) VALUES (342,"2021-06-01 09:19:35","2021-01-13 15:49:02",1,1,214);
INSERT INTO PIZZARIA.PEDIDO (NUM_PEDIDO,DTA_HOR_ABERTURA_PEDIDO,DTA_HOR_FECHAMENTO_PEDIDO,IDF_ORIGEM_PEDIDO,IDF_FORMA_PAGAMENTO,COD_CLIENTE) VALUES (343,"2021-11-10 19:59:49","2020-08-16 11:02:00",3,1,235);
INSERT INTO PIZZARIA.PEDIDO (NUM_PEDIDO,DTA_HOR_ABERTURA_PEDIDO,DTA_HOR_FECHAMENTO_PEDIDO,IDF_ORIGEM_PEDIDO,IDF_FORMA_PAGAMENTO,COD_CLIENTE) VALUES (344,"2021-07-16 22:41:41","2021-11-06 02:02:30",2,1,81);
INSERT INTO PIZZARIA.PEDIDO (NUM_PEDIDO,DTA_HOR_ABERTURA_PEDIDO,DTA_HOR_FECHAMENTO_PEDIDO,IDF_ORIGEM_PEDIDO,IDF_FORMA_PAGAMENTO,COD_CLIENTE) VALUES (345,"2021-06-12 15:50:29","2022-05-13 06:08:19",3,3,26);
INSERT INTO PIZZARIA.PEDIDO (NUM_PEDIDO,DTA_HOR_ABERTURA_PEDIDO,DTA_HOR_FECHAMENTO_PEDIDO,IDF_ORIGEM_PEDIDO,IDF_FORMA_PAGAMENTO,COD_CLIENTE) VALUES (346,"2022-04-24 21:09:59","2021-06-12 16:29:46",1,4,208);
INSERT INTO PIZZARIA.PEDIDO (NUM_PEDIDO,DTA_HOR_ABERTURA_PEDIDO,DTA_HOR_FECHAMENTO_PEDIDO,IDF_ORIGEM_PEDIDO,IDF_FORMA_PAGAMENTO,COD_CLIENTE) VALUES (347,"2021-06-04 17:57:13","2020-11-22 16:27:02",2,2,226);
INSERT INTO PIZZARIA.PEDIDO (NUM_PEDIDO,DTA_HOR_ABERTURA_PEDIDO,DTA_HOR_FECHAMENTO_PEDIDO,IDF_ORIGEM_PEDIDO,IDF_FORMA_PAGAMENTO,COD_CLIENTE) VALUES (348,"2020-08-03 19:45:24","2020-12-12 02:12:46",2,1,102);
INSERT INTO PIZZARIA.PEDIDO (NUM_PEDIDO,DTA_HOR_ABERTURA_PEDIDO,DTA_HOR_FECHAMENTO_PEDIDO,IDF_ORIGEM_PEDIDO,IDF_FORMA_PAGAMENTO,COD_CLIENTE) VALUES (349,"2020-12-09 07:31:37","2021-06-20 03:44:31",1,3,146);
INSERT INTO PIZZARIA.PEDIDO (NUM_PEDIDO,DTA_HOR_ABERTURA_PEDIDO,DTA_HOR_FECHAMENTO_PEDIDO,IDF_ORIGEM_PEDIDO,IDF_FORMA_PAGAMENTO,COD_CLIENTE) VALUES (350,"2020-11-26 19:43:29","2021-12-23 08:50:23",2,4,41);
INSERT INTO PIZZARIA.PEDIDO (NUM_PEDIDO,DTA_HOR_ABERTURA_PEDIDO,DTA_HOR_FECHAMENTO_PEDIDO,IDF_ORIGEM_PEDIDO,IDF_FORMA_PAGAMENTO,COD_CLIENTE) VALUES (351,"2021-08-27 01:29:53","2022-05-07 18:51:06",2,4,233);
INSERT INTO PIZZARIA.PEDIDO (NUM_PEDIDO,DTA_HOR_ABERTURA_PEDIDO,DTA_HOR_FECHAMENTO_PEDIDO,IDF_ORIGEM_PEDIDO,IDF_FORMA_PAGAMENTO,COD_CLIENTE) VALUES (352,"2022-03-17 05:01:06","2020-08-15 06:53:36",1,1,75);
INSERT INTO PIZZARIA.PEDIDO (NUM_PEDIDO,DTA_HOR_ABERTURA_PEDIDO,DTA_HOR_FECHAMENTO_PEDIDO,IDF_ORIGEM_PEDIDO,IDF_FORMA_PAGAMENTO,COD_CLIENTE) VALUES (353,"2021-11-13 13:47:05","2020-07-26 10:17:45",3,2,247);
INSERT INTO PIZZARIA.PEDIDO (NUM_PEDIDO,DTA_HOR_ABERTURA_PEDIDO,DTA_HOR_FECHAMENTO_PEDIDO,IDF_ORIGEM_PEDIDO,IDF_FORMA_PAGAMENTO,COD_CLIENTE) VALUES (354,"2021-03-17 22:16:19","2021-05-31 16:49:58",2,1,181);
INSERT INTO PIZZARIA.PEDIDO (NUM_PEDIDO,DTA_HOR_ABERTURA_PEDIDO,DTA_HOR_FECHAMENTO_PEDIDO,IDF_ORIGEM_PEDIDO,IDF_FORMA_PAGAMENTO,COD_CLIENTE) VALUES (355,"2021-01-14 00:53:08","2022-05-15 15:59:22",1,1,142);
INSERT INTO PIZZARIA.PEDIDO (NUM_PEDIDO,DTA_HOR_ABERTURA_PEDIDO,DTA_HOR_FECHAMENTO_PEDIDO,IDF_ORIGEM_PEDIDO,IDF_FORMA_PAGAMENTO,COD_CLIENTE) VALUES (356,"2022-04-07 15:19:41","2022-05-02 13:07:52",1,1,59);
INSERT INTO PIZZARIA.PEDIDO (NUM_PEDIDO,DTA_HOR_ABERTURA_PEDIDO,DTA_HOR_FECHAMENTO_PEDIDO,IDF_ORIGEM_PEDIDO,IDF_FORMA_PAGAMENTO,COD_CLIENTE) VALUES (357,"2020-05-29 15:05:19","2020-06-27 05:37:00",1,2,207);
INSERT INTO PIZZARIA.PEDIDO (NUM_PEDIDO,DTA_HOR_ABERTURA_PEDIDO,DTA_HOR_FECHAMENTO_PEDIDO,IDF_ORIGEM_PEDIDO,IDF_FORMA_PAGAMENTO,COD_CLIENTE) VALUES (358,"2021-05-09 05:00:48","2020-12-18 00:37:14",2,4,108);
INSERT INTO PIZZARIA.PEDIDO (NUM_PEDIDO,DTA_HOR_ABERTURA_PEDIDO,DTA_HOR_FECHAMENTO_PEDIDO,IDF_ORIGEM_PEDIDO,IDF_FORMA_PAGAMENTO,COD_CLIENTE) VALUES (359,"2021-02-18 17:22:10","2022-03-01 19:18:38",3,2,262);
INSERT INTO PIZZARIA.PEDIDO (NUM_PEDIDO,DTA_HOR_ABERTURA_PEDIDO,DTA_HOR_FECHAMENTO_PEDIDO,IDF_ORIGEM_PEDIDO,IDF_FORMA_PAGAMENTO,COD_CLIENTE) VALUES (360,"2021-06-15 08:08:32","2022-04-08 19:04:59",3,1,31);
INSERT INTO PIZZARIA.PEDIDO (NUM_PEDIDO,DTA_HOR_ABERTURA_PEDIDO,DTA_HOR_FECHAMENTO_PEDIDO,IDF_ORIGEM_PEDIDO,IDF_FORMA_PAGAMENTO,COD_CLIENTE) VALUES (361,"2022-01-10 00:56:53","2021-02-17 00:54:23",1,4,221);
INSERT INTO PIZZARIA.PEDIDO (NUM_PEDIDO,DTA_HOR_ABERTURA_PEDIDO,DTA_HOR_FECHAMENTO_PEDIDO,IDF_ORIGEM_PEDIDO,IDF_FORMA_PAGAMENTO,COD_CLIENTE) VALUES (362,"2020-10-08 06:42:22","2021-05-16 11:44:35",2,2,230);
INSERT INTO PIZZARIA.PEDIDO (NUM_PEDIDO,DTA_HOR_ABERTURA_PEDIDO,DTA_HOR_FECHAMENTO_PEDIDO,IDF_ORIGEM_PEDIDO,IDF_FORMA_PAGAMENTO,COD_CLIENTE) VALUES (363,"2021-07-27 17:05:55","2021-10-24 12:04:20",2,4,59);
INSERT INTO PIZZARIA.PEDIDO (NUM_PEDIDO,DTA_HOR_ABERTURA_PEDIDO,DTA_HOR_FECHAMENTO_PEDIDO,IDF_ORIGEM_PEDIDO,IDF_FORMA_PAGAMENTO,COD_CLIENTE) VALUES (364,"2020-08-26 13:07:00","2021-11-02 09:50:13",1,2,79);
INSERT INTO PIZZARIA.PEDIDO (NUM_PEDIDO,DTA_HOR_ABERTURA_PEDIDO,DTA_HOR_FECHAMENTO_PEDIDO,IDF_ORIGEM_PEDIDO,IDF_FORMA_PAGAMENTO,COD_CLIENTE) VALUES (365,"2020-09-14 02:43:22","2022-01-26 19:12:27",3,1,195);
INSERT INTO PIZZARIA.PEDIDO (NUM_PEDIDO,DTA_HOR_ABERTURA_PEDIDO,DTA_HOR_FECHAMENTO_PEDIDO,IDF_ORIGEM_PEDIDO,IDF_FORMA_PAGAMENTO,COD_CLIENTE) VALUES (366,"2020-11-22 09:48:07","2020-07-22 12:20:31",3,3,194);
INSERT INTO PIZZARIA.PEDIDO (NUM_PEDIDO,DTA_HOR_ABERTURA_PEDIDO,DTA_HOR_FECHAMENTO_PEDIDO,IDF_ORIGEM_PEDIDO,IDF_FORMA_PAGAMENTO,COD_CLIENTE) VALUES (367,"2021-04-03 04:48:18","2021-11-23 18:25:05",2,2,62);
INSERT INTO PIZZARIA.PEDIDO (NUM_PEDIDO,DTA_HOR_ABERTURA_PEDIDO,DTA_HOR_FECHAMENTO_PEDIDO,IDF_ORIGEM_PEDIDO,IDF_FORMA_PAGAMENTO,COD_CLIENTE) VALUES (368,"2021-10-07 15:56:59","2021-12-16 14:04:39",1,1,25);
INSERT INTO PIZZARIA.PEDIDO (NUM_PEDIDO,DTA_HOR_ABERTURA_PEDIDO,DTA_HOR_FECHAMENTO_PEDIDO,IDF_ORIGEM_PEDIDO,IDF_FORMA_PAGAMENTO,COD_CLIENTE) VALUES (369,"2022-02-10 02:48:06","2021-09-25 21:35:03",3,2,199);
INSERT INTO PIZZARIA.PEDIDO (NUM_PEDIDO,DTA_HOR_ABERTURA_PEDIDO,DTA_HOR_FECHAMENTO_PEDIDO,IDF_ORIGEM_PEDIDO,IDF_FORMA_PAGAMENTO,COD_CLIENTE) VALUES (370,"2021-11-12 08:58:03","2020-11-08 18:51:21",2,2,196);
INSERT INTO PIZZARIA.PEDIDO (NUM_PEDIDO,DTA_HOR_ABERTURA_PEDIDO,DTA_HOR_FECHAMENTO_PEDIDO,IDF_ORIGEM_PEDIDO,IDF_FORMA_PAGAMENTO,COD_CLIENTE) VALUES (371,"2022-03-10 05:10:07","2021-05-07 11:49:07",1,1,177);
INSERT INTO PIZZARIA.PEDIDO (NUM_PEDIDO,DTA_HOR_ABERTURA_PEDIDO,DTA_HOR_FECHAMENTO_PEDIDO,IDF_ORIGEM_PEDIDO,IDF_FORMA_PAGAMENTO,COD_CLIENTE) VALUES (372,"2021-02-13 13:38:27","2021-01-04 19:24:47",3,2,212);
INSERT INTO PIZZARIA.PEDIDO (NUM_PEDIDO,DTA_HOR_ABERTURA_PEDIDO,DTA_HOR_FECHAMENTO_PEDIDO,IDF_ORIGEM_PEDIDO,IDF_FORMA_PAGAMENTO,COD_CLIENTE) VALUES (373,"2022-05-13 22:17:40","2020-12-02 07:29:20",2,4,210);
INSERT INTO PIZZARIA.PEDIDO (NUM_PEDIDO,DTA_HOR_ABERTURA_PEDIDO,DTA_HOR_FECHAMENTO_PEDIDO,IDF_ORIGEM_PEDIDO,IDF_FORMA_PAGAMENTO,COD_CLIENTE) VALUES (374,"2021-02-09 23:02:36","2021-11-27 14:48:58",1,2,89);
INSERT INTO PIZZARIA.PEDIDO (NUM_PEDIDO,DTA_HOR_ABERTURA_PEDIDO,DTA_HOR_FECHAMENTO_PEDIDO,IDF_ORIGEM_PEDIDO,IDF_FORMA_PAGAMENTO,COD_CLIENTE) VALUES (375,"2022-02-19 10:28:03","2021-02-21 06:05:40",3,2,170);
INSERT INTO PIZZARIA.PEDIDO (NUM_PEDIDO,DTA_HOR_ABERTURA_PEDIDO,DTA_HOR_FECHAMENTO_PEDIDO,IDF_ORIGEM_PEDIDO,IDF_FORMA_PAGAMENTO,COD_CLIENTE) VALUES (376,"2021-04-16 16:41:27","2020-09-12 13:17:21",3,1,7);
INSERT INTO PIZZARIA.PEDIDO (NUM_PEDIDO,DTA_HOR_ABERTURA_PEDIDO,DTA_HOR_FECHAMENTO_PEDIDO,IDF_ORIGEM_PEDIDO,IDF_FORMA_PAGAMENTO,COD_CLIENTE) VALUES (377,"2020-08-07 10:24:47","2021-10-21 21:26:47",2,2,178);
INSERT INTO PIZZARIA.PEDIDO (NUM_PEDIDO,DTA_HOR_ABERTURA_PEDIDO,DTA_HOR_FECHAMENTO_PEDIDO,IDF_ORIGEM_PEDIDO,IDF_FORMA_PAGAMENTO,COD_CLIENTE) VALUES (378,"2021-01-22 12:43:19","2020-08-03 04:50:50",1,1,297);
INSERT INTO PIZZARIA.PEDIDO (NUM_PEDIDO,DTA_HOR_ABERTURA_PEDIDO,DTA_HOR_FECHAMENTO_PEDIDO,IDF_ORIGEM_PEDIDO,IDF_FORMA_PAGAMENTO,COD_CLIENTE) VALUES (379,"2022-05-11 17:57:44","2021-06-16 14:37:23",3,4,300);
INSERT INTO PIZZARIA.PEDIDO (NUM_PEDIDO,DTA_HOR_ABERTURA_PEDIDO,DTA_HOR_FECHAMENTO_PEDIDO,IDF_ORIGEM_PEDIDO,IDF_FORMA_PAGAMENTO,COD_CLIENTE) VALUES (380,"2020-10-26 11:42:11","2020-12-06 14:36:48",1,1,49);
INSERT INTO PIZZARIA.PEDIDO (NUM_PEDIDO,DTA_HOR_ABERTURA_PEDIDO,DTA_HOR_FECHAMENTO_PEDIDO,IDF_ORIGEM_PEDIDO,IDF_FORMA_PAGAMENTO,COD_CLIENTE) VALUES (381,"2020-12-02 04:56:12","2020-07-23 20:49:02",2,3,212);
INSERT INTO PIZZARIA.PEDIDO (NUM_PEDIDO,DTA_HOR_ABERTURA_PEDIDO,DTA_HOR_FECHAMENTO_PEDIDO,IDF_ORIGEM_PEDIDO,IDF_FORMA_PAGAMENTO,COD_CLIENTE) VALUES (382,"2020-08-17 17:43:24","2020-09-07 21:29:45",2,4,125);
INSERT INTO PIZZARIA.PEDIDO (NUM_PEDIDO,DTA_HOR_ABERTURA_PEDIDO,DTA_HOR_FECHAMENTO_PEDIDO,IDF_ORIGEM_PEDIDO,IDF_FORMA_PAGAMENTO,COD_CLIENTE) VALUES (383,"2021-12-13 16:35:14","2022-02-22 23:11:55",1,1,145);
INSERT INTO PIZZARIA.PEDIDO (NUM_PEDIDO,DTA_HOR_ABERTURA_PEDIDO,DTA_HOR_FECHAMENTO_PEDIDO,IDF_ORIGEM_PEDIDO,IDF_FORMA_PAGAMENTO,COD_CLIENTE) VALUES (384,"2021-01-01 06:56:30","2022-03-04 13:59:52",2,2,110);
INSERT INTO PIZZARIA.PEDIDO (NUM_PEDIDO,DTA_HOR_ABERTURA_PEDIDO,DTA_HOR_FECHAMENTO_PEDIDO,IDF_ORIGEM_PEDIDO,IDF_FORMA_PAGAMENTO,COD_CLIENTE) VALUES (385,"2020-06-29 03:23:04","2021-11-19 18:51:16",1,4,74);
INSERT INTO PIZZARIA.PEDIDO (NUM_PEDIDO,DTA_HOR_ABERTURA_PEDIDO,DTA_HOR_FECHAMENTO_PEDIDO,IDF_ORIGEM_PEDIDO,IDF_FORMA_PAGAMENTO,COD_CLIENTE) VALUES (386,"2022-03-12 20:46:05","2022-04-02 07:58:05",2,4,120);
INSERT INTO PIZZARIA.PEDIDO (NUM_PEDIDO,DTA_HOR_ABERTURA_PEDIDO,DTA_HOR_FECHAMENTO_PEDIDO,IDF_ORIGEM_PEDIDO,IDF_FORMA_PAGAMENTO,COD_CLIENTE) VALUES (387,"2021-12-21 00:00:10","2021-01-09 01:08:39",1,3,193);
INSERT INTO PIZZARIA.PEDIDO (NUM_PEDIDO,DTA_HOR_ABERTURA_PEDIDO,DTA_HOR_FECHAMENTO_PEDIDO,IDF_ORIGEM_PEDIDO,IDF_FORMA_PAGAMENTO,COD_CLIENTE) VALUES (388,"2021-12-02 20:13:41","2020-06-21 07:55:46",2,3,260);
INSERT INTO PIZZARIA.PEDIDO (NUM_PEDIDO,DTA_HOR_ABERTURA_PEDIDO,DTA_HOR_FECHAMENTO_PEDIDO,IDF_ORIGEM_PEDIDO,IDF_FORMA_PAGAMENTO,COD_CLIENTE) VALUES (389,"2021-12-24 01:42:10","2020-08-25 22:05:14",1,1,217);
INSERT INTO PIZZARIA.PEDIDO (NUM_PEDIDO,DTA_HOR_ABERTURA_PEDIDO,DTA_HOR_FECHAMENTO_PEDIDO,IDF_ORIGEM_PEDIDO,IDF_FORMA_PAGAMENTO,COD_CLIENTE) VALUES (390,"2021-10-04 03:48:47","2021-12-29 21:20:57",3,2,209);
INSERT INTO PIZZARIA.PEDIDO (NUM_PEDIDO,DTA_HOR_ABERTURA_PEDIDO,DTA_HOR_FECHAMENTO_PEDIDO,IDF_ORIGEM_PEDIDO,IDF_FORMA_PAGAMENTO,COD_CLIENTE) VALUES (391,"2022-02-16 08:43:41","2020-07-23 09:46:32",3,2,138);
INSERT INTO PIZZARIA.PEDIDO (NUM_PEDIDO,DTA_HOR_ABERTURA_PEDIDO,DTA_HOR_FECHAMENTO_PEDIDO,IDF_ORIGEM_PEDIDO,IDF_FORMA_PAGAMENTO,COD_CLIENTE) VALUES (392,"2021-02-22 15:03:41","2021-11-02 19:54:58",2,3,220);
INSERT INTO PIZZARIA.PEDIDO (NUM_PEDIDO,DTA_HOR_ABERTURA_PEDIDO,DTA_HOR_FECHAMENTO_PEDIDO,IDF_ORIGEM_PEDIDO,IDF_FORMA_PAGAMENTO,COD_CLIENTE) VALUES (393,"2021-06-29 07:14:38","2021-07-29 20:14:01",1,2,274);
INSERT INTO PIZZARIA.PEDIDO (NUM_PEDIDO,DTA_HOR_ABERTURA_PEDIDO,DTA_HOR_FECHAMENTO_PEDIDO,IDF_ORIGEM_PEDIDO,IDF_FORMA_PAGAMENTO,COD_CLIENTE) VALUES (394,"2021-06-17 12:08:32","2020-12-30 19:22:03",3,2,130);
INSERT INTO PIZZARIA.PEDIDO (NUM_PEDIDO,DTA_HOR_ABERTURA_PEDIDO,DTA_HOR_FECHAMENTO_PEDIDO,IDF_ORIGEM_PEDIDO,IDF_FORMA_PAGAMENTO,COD_CLIENTE) VALUES (395,"2022-04-07 13:28:39","2020-09-21 06:14:30",1,1,22);
INSERT INTO PIZZARIA.PEDIDO (NUM_PEDIDO,DTA_HOR_ABERTURA_PEDIDO,DTA_HOR_FECHAMENTO_PEDIDO,IDF_ORIGEM_PEDIDO,IDF_FORMA_PAGAMENTO,COD_CLIENTE) VALUES (396,"2022-04-04 13:30:00","2020-10-23 15:36:47",1,4,154);
INSERT INTO PIZZARIA.PEDIDO (NUM_PEDIDO,DTA_HOR_ABERTURA_PEDIDO,DTA_HOR_FECHAMENTO_PEDIDO,IDF_ORIGEM_PEDIDO,IDF_FORMA_PAGAMENTO,COD_CLIENTE) VALUES (397,"2021-06-16 07:49:31","2022-03-08 23:58:15",2,2,272);
INSERT INTO PIZZARIA.PEDIDO (NUM_PEDIDO,DTA_HOR_ABERTURA_PEDIDO,DTA_HOR_FECHAMENTO_PEDIDO,IDF_ORIGEM_PEDIDO,IDF_FORMA_PAGAMENTO,COD_CLIENTE) VALUES (398,"2020-12-25 08:38:03","2021-07-10 09:43:14",1,1,293);
INSERT INTO PIZZARIA.PEDIDO (NUM_PEDIDO,DTA_HOR_ABERTURA_PEDIDO,DTA_HOR_FECHAMENTO_PEDIDO,IDF_ORIGEM_PEDIDO,IDF_FORMA_PAGAMENTO,COD_CLIENTE) VALUES (399,"2020-12-28 07:41:42","2021-03-27 02:43:41",2,4,153);
INSERT INTO PIZZARIA.PEDIDO (NUM_PEDIDO,DTA_HOR_ABERTURA_PEDIDO,DTA_HOR_FECHAMENTO_PEDIDO,IDF_ORIGEM_PEDIDO,IDF_FORMA_PAGAMENTO,COD_CLIENTE) VALUES (400,"2020-06-14 04:00:41","2021-11-06 01:17:50",2,2,8);
INSERT INTO PIZZARIA.PEDIDO (NUM_PEDIDO,DTA_HOR_ABERTURA_PEDIDO,DTA_HOR_FECHAMENTO_PEDIDO,IDF_ORIGEM_PEDIDO,IDF_FORMA_PAGAMENTO,COD_CLIENTE) VALUES (401,"2021-02-11 03:59:26","2022-02-03 21:21:24",1,1,260);
INSERT INTO PIZZARIA.PEDIDO (NUM_PEDIDO,DTA_HOR_ABERTURA_PEDIDO,DTA_HOR_FECHAMENTO_PEDIDO,IDF_ORIGEM_PEDIDO,IDF_FORMA_PAGAMENTO,COD_CLIENTE) VALUES (402,"2022-03-05 03:55:52","2021-04-12 09:46:59",2,1,223);
INSERT INTO PIZZARIA.PEDIDO (NUM_PEDIDO,DTA_HOR_ABERTURA_PEDIDO,DTA_HOR_FECHAMENTO_PEDIDO,IDF_ORIGEM_PEDIDO,IDF_FORMA_PAGAMENTO,COD_CLIENTE) VALUES (403,"2021-07-14 02:30:54","2022-03-13 17:06:09",2,2,138);
INSERT INTO PIZZARIA.PEDIDO (NUM_PEDIDO,DTA_HOR_ABERTURA_PEDIDO,DTA_HOR_FECHAMENTO_PEDIDO,IDF_ORIGEM_PEDIDO,IDF_FORMA_PAGAMENTO,COD_CLIENTE) VALUES (404,"2021-12-06 14:48:59","2022-01-12 23:19:03",2,1,194);
INSERT INTO PIZZARIA.PEDIDO (NUM_PEDIDO,DTA_HOR_ABERTURA_PEDIDO,DTA_HOR_FECHAMENTO_PEDIDO,IDF_ORIGEM_PEDIDO,IDF_FORMA_PAGAMENTO,COD_CLIENTE) VALUES (405,"2020-05-28 12:02:26","2020-06-15 20:44:24",3,3,265);
INSERT INTO PIZZARIA.PEDIDO (NUM_PEDIDO,DTA_HOR_ABERTURA_PEDIDO,DTA_HOR_FECHAMENTO_PEDIDO,IDF_ORIGEM_PEDIDO,IDF_FORMA_PAGAMENTO,COD_CLIENTE) VALUES (406,"2020-12-15 06:48:29","2022-03-26 01:33:53",3,4,241);
INSERT INTO PIZZARIA.PEDIDO (NUM_PEDIDO,DTA_HOR_ABERTURA_PEDIDO,DTA_HOR_FECHAMENTO_PEDIDO,IDF_ORIGEM_PEDIDO,IDF_FORMA_PAGAMENTO,COD_CLIENTE) VALUES (407,"2021-08-08 23:31:55","2021-01-19 21:40:09",3,3,108);
INSERT INTO PIZZARIA.PEDIDO (NUM_PEDIDO,DTA_HOR_ABERTURA_PEDIDO,DTA_HOR_FECHAMENTO_PEDIDO,IDF_ORIGEM_PEDIDO,IDF_FORMA_PAGAMENTO,COD_CLIENTE) VALUES (408,"2020-12-27 15:41:05","2020-10-21 20:31:37",3,1,165);
INSERT INTO PIZZARIA.PEDIDO (NUM_PEDIDO,DTA_HOR_ABERTURA_PEDIDO,DTA_HOR_FECHAMENTO_PEDIDO,IDF_ORIGEM_PEDIDO,IDF_FORMA_PAGAMENTO,COD_CLIENTE) VALUES (409,"2021-03-11 13:33:41","2020-05-26 07:55:09",1,4,297);
INSERT INTO PIZZARIA.PEDIDO (NUM_PEDIDO,DTA_HOR_ABERTURA_PEDIDO,DTA_HOR_FECHAMENTO_PEDIDO,IDF_ORIGEM_PEDIDO,IDF_FORMA_PAGAMENTO,COD_CLIENTE) VALUES (410,"2020-06-22 06:07:23","2021-02-10 01:54:59",3,4,95);
INSERT INTO PIZZARIA.PEDIDO (NUM_PEDIDO,DTA_HOR_ABERTURA_PEDIDO,DTA_HOR_FECHAMENTO_PEDIDO,IDF_ORIGEM_PEDIDO,IDF_FORMA_PAGAMENTO,COD_CLIENTE) VALUES (411,"2021-03-28 05:56:42","2022-03-21 09:18:39",3,2,91);
INSERT INTO PIZZARIA.PEDIDO (NUM_PEDIDO,DTA_HOR_ABERTURA_PEDIDO,DTA_HOR_FECHAMENTO_PEDIDO,IDF_ORIGEM_PEDIDO,IDF_FORMA_PAGAMENTO,COD_CLIENTE) VALUES (412,"2021-08-06 01:52:37","2020-08-02 15:35:10",3,2,286);
INSERT INTO PIZZARIA.PEDIDO (NUM_PEDIDO,DTA_HOR_ABERTURA_PEDIDO,DTA_HOR_FECHAMENTO_PEDIDO,IDF_ORIGEM_PEDIDO,IDF_FORMA_PAGAMENTO,COD_CLIENTE) VALUES (413,"2021-08-30 21:48:39","2020-08-26 10:02:41",3,2,283);
INSERT INTO PIZZARIA.PEDIDO (NUM_PEDIDO,DTA_HOR_ABERTURA_PEDIDO,DTA_HOR_FECHAMENTO_PEDIDO,IDF_ORIGEM_PEDIDO,IDF_FORMA_PAGAMENTO,COD_CLIENTE) VALUES (414,"2021-02-24 07:58:26","2020-06-25 02:01:26",3,1,165);
INSERT INTO PIZZARIA.PEDIDO (NUM_PEDIDO,DTA_HOR_ABERTURA_PEDIDO,DTA_HOR_FECHAMENTO_PEDIDO,IDF_ORIGEM_PEDIDO,IDF_FORMA_PAGAMENTO,COD_CLIENTE) VALUES (415,"2022-05-03 02:12:36","2020-11-07 01:14:41",3,3,261);
INSERT INTO PIZZARIA.PEDIDO (NUM_PEDIDO,DTA_HOR_ABERTURA_PEDIDO,DTA_HOR_FECHAMENTO_PEDIDO,IDF_ORIGEM_PEDIDO,IDF_FORMA_PAGAMENTO,COD_CLIENTE) VALUES (416,"2020-10-25 17:00:48","2021-08-01 08:00:36",3,3,151);
INSERT INTO PIZZARIA.PEDIDO (NUM_PEDIDO,DTA_HOR_ABERTURA_PEDIDO,DTA_HOR_FECHAMENTO_PEDIDO,IDF_ORIGEM_PEDIDO,IDF_FORMA_PAGAMENTO,COD_CLIENTE) VALUES (417,"2021-01-13 23:01:34","2020-09-11 13:56:30",2,4,237);
INSERT INTO PIZZARIA.PEDIDO (NUM_PEDIDO,DTA_HOR_ABERTURA_PEDIDO,DTA_HOR_FECHAMENTO_PEDIDO,IDF_ORIGEM_PEDIDO,IDF_FORMA_PAGAMENTO,COD_CLIENTE) VALUES (418,"2020-08-01 16:49:46","2021-02-08 07:21:22",1,1,182);
INSERT INTO PIZZARIA.PEDIDO (NUM_PEDIDO,DTA_HOR_ABERTURA_PEDIDO,DTA_HOR_FECHAMENTO_PEDIDO,IDF_ORIGEM_PEDIDO,IDF_FORMA_PAGAMENTO,COD_CLIENTE) VALUES (419,"2022-03-11 22:28:41","2020-09-25 14:15:30",1,1,26);
INSERT INTO PIZZARIA.PEDIDO (NUM_PEDIDO,DTA_HOR_ABERTURA_PEDIDO,DTA_HOR_FECHAMENTO_PEDIDO,IDF_ORIGEM_PEDIDO,IDF_FORMA_PAGAMENTO,COD_CLIENTE) VALUES (420,"2022-02-22 15:16:18","2022-04-01 20:57:08",2,2,222);
INSERT INTO PIZZARIA.PEDIDO (NUM_PEDIDO,DTA_HOR_ABERTURA_PEDIDO,DTA_HOR_FECHAMENTO_PEDIDO,IDF_ORIGEM_PEDIDO,IDF_FORMA_PAGAMENTO,COD_CLIENTE) VALUES (421,"2021-11-25 05:19:50","2021-10-23 18:32:47",2,3,123);
INSERT INTO PIZZARIA.PEDIDO (NUM_PEDIDO,DTA_HOR_ABERTURA_PEDIDO,DTA_HOR_FECHAMENTO_PEDIDO,IDF_ORIGEM_PEDIDO,IDF_FORMA_PAGAMENTO,COD_CLIENTE) VALUES (422,"2021-10-05 19:16:48","2021-05-05 13:26:09",3,4,61);
INSERT INTO PIZZARIA.PEDIDO (NUM_PEDIDO,DTA_HOR_ABERTURA_PEDIDO,DTA_HOR_FECHAMENTO_PEDIDO,IDF_ORIGEM_PEDIDO,IDF_FORMA_PAGAMENTO,COD_CLIENTE) VALUES (423,"2020-12-21 18:42:52","2021-11-22 05:40:48",1,3,265);
INSERT INTO PIZZARIA.PEDIDO (NUM_PEDIDO,DTA_HOR_ABERTURA_PEDIDO,DTA_HOR_FECHAMENTO_PEDIDO,IDF_ORIGEM_PEDIDO,IDF_FORMA_PAGAMENTO,COD_CLIENTE) VALUES (424,"2022-04-15 01:34:23","2021-01-05 15:51:30",3,1,296);
INSERT INTO PIZZARIA.PEDIDO (NUM_PEDIDO,DTA_HOR_ABERTURA_PEDIDO,DTA_HOR_FECHAMENTO_PEDIDO,IDF_ORIGEM_PEDIDO,IDF_FORMA_PAGAMENTO,COD_CLIENTE) VALUES (425,"2020-07-24 01:03:34","2021-11-20 21:11:37",3,2,37);
INSERT INTO PIZZARIA.PEDIDO (NUM_PEDIDO,DTA_HOR_ABERTURA_PEDIDO,DTA_HOR_FECHAMENTO_PEDIDO,IDF_ORIGEM_PEDIDO,IDF_FORMA_PAGAMENTO,COD_CLIENTE) VALUES (426,"2022-02-14 04:57:21","2022-02-03 04:57:22",2,3,15);
INSERT INTO PIZZARIA.PEDIDO (NUM_PEDIDO,DTA_HOR_ABERTURA_PEDIDO,DTA_HOR_FECHAMENTO_PEDIDO,IDF_ORIGEM_PEDIDO,IDF_FORMA_PAGAMENTO,COD_CLIENTE) VALUES (427,"2021-12-05 14:03:00","2020-05-24 01:53:26",3,4,199);
INSERT INTO PIZZARIA.PEDIDO (NUM_PEDIDO,DTA_HOR_ABERTURA_PEDIDO,DTA_HOR_FECHAMENTO_PEDIDO,IDF_ORIGEM_PEDIDO,IDF_FORMA_PAGAMENTO,COD_CLIENTE) VALUES (428,"2021-08-03 16:00:38","2020-11-19 20:39:54",1,2,33);
INSERT INTO PIZZARIA.PEDIDO (NUM_PEDIDO,DTA_HOR_ABERTURA_PEDIDO,DTA_HOR_FECHAMENTO_PEDIDO,IDF_ORIGEM_PEDIDO,IDF_FORMA_PAGAMENTO,COD_CLIENTE) VALUES (429,"2020-10-25 02:48:43","2021-09-11 10:11:03",3,2,13);
INSERT INTO PIZZARIA.PEDIDO (NUM_PEDIDO,DTA_HOR_ABERTURA_PEDIDO,DTA_HOR_FECHAMENTO_PEDIDO,IDF_ORIGEM_PEDIDO,IDF_FORMA_PAGAMENTO,COD_CLIENTE) VALUES (430,"2021-07-10 00:45:30","2021-09-18 11:51:27",2,3,300);
INSERT INTO PIZZARIA.PEDIDO (NUM_PEDIDO,DTA_HOR_ABERTURA_PEDIDO,DTA_HOR_FECHAMENTO_PEDIDO,IDF_ORIGEM_PEDIDO,IDF_FORMA_PAGAMENTO,COD_CLIENTE) VALUES (431,"2021-01-25 08:10:23","2020-09-27 02:30:15",1,1,204);
INSERT INTO PIZZARIA.PEDIDO (NUM_PEDIDO,DTA_HOR_ABERTURA_PEDIDO,DTA_HOR_FECHAMENTO_PEDIDO,IDF_ORIGEM_PEDIDO,IDF_FORMA_PAGAMENTO,COD_CLIENTE) VALUES (432,"2022-01-18 13:01:27","2020-06-11 03:25:31",2,1,277);
INSERT INTO PIZZARIA.PEDIDO (NUM_PEDIDO,DTA_HOR_ABERTURA_PEDIDO,DTA_HOR_FECHAMENTO_PEDIDO,IDF_ORIGEM_PEDIDO,IDF_FORMA_PAGAMENTO,COD_CLIENTE) VALUES (433,"2021-07-21 07:31:39","2021-04-28 00:21:30",3,2,11);
INSERT INTO PIZZARIA.PEDIDO (NUM_PEDIDO,DTA_HOR_ABERTURA_PEDIDO,DTA_HOR_FECHAMENTO_PEDIDO,IDF_ORIGEM_PEDIDO,IDF_FORMA_PAGAMENTO,COD_CLIENTE) VALUES (434,"2022-04-22 15:22:58","2021-04-14 10:01:02",3,2,158);
INSERT INTO PIZZARIA.PEDIDO (NUM_PEDIDO,DTA_HOR_ABERTURA_PEDIDO,DTA_HOR_FECHAMENTO_PEDIDO,IDF_ORIGEM_PEDIDO,IDF_FORMA_PAGAMENTO,COD_CLIENTE) VALUES (435,"2022-03-26 02:23:05","2021-06-09 11:39:57",2,2,9);
INSERT INTO PIZZARIA.PEDIDO (NUM_PEDIDO,DTA_HOR_ABERTURA_PEDIDO,DTA_HOR_FECHAMENTO_PEDIDO,IDF_ORIGEM_PEDIDO,IDF_FORMA_PAGAMENTO,COD_CLIENTE) VALUES (436,"2021-04-03 01:25:09","2022-01-30 08:29:03",3,2,124);
INSERT INTO PIZZARIA.PEDIDO (NUM_PEDIDO,DTA_HOR_ABERTURA_PEDIDO,DTA_HOR_FECHAMENTO_PEDIDO,IDF_ORIGEM_PEDIDO,IDF_FORMA_PAGAMENTO,COD_CLIENTE) VALUES (437,"2021-01-27 23:32:38","2022-05-07 18:36:20",1,1,281);
INSERT INTO PIZZARIA.PEDIDO (NUM_PEDIDO,DTA_HOR_ABERTURA_PEDIDO,DTA_HOR_FECHAMENTO_PEDIDO,IDF_ORIGEM_PEDIDO,IDF_FORMA_PAGAMENTO,COD_CLIENTE) VALUES (438,"2022-04-26 04:07:32","2022-04-06 21:52:38",3,2,262);
INSERT INTO PIZZARIA.PEDIDO (NUM_PEDIDO,DTA_HOR_ABERTURA_PEDIDO,DTA_HOR_FECHAMENTO_PEDIDO,IDF_ORIGEM_PEDIDO,IDF_FORMA_PAGAMENTO,COD_CLIENTE) VALUES (439,"2020-12-18 10:38:40","2021-05-05 00:48:56",2,3,17);
INSERT INTO PIZZARIA.PEDIDO (NUM_PEDIDO,DTA_HOR_ABERTURA_PEDIDO,DTA_HOR_FECHAMENTO_PEDIDO,IDF_ORIGEM_PEDIDO,IDF_FORMA_PAGAMENTO,COD_CLIENTE) VALUES (440,"2022-04-15 04:45:25","2020-05-26 21:49:12",1,4,296);
INSERT INTO PIZZARIA.PEDIDO (NUM_PEDIDO,DTA_HOR_ABERTURA_PEDIDO,DTA_HOR_FECHAMENTO_PEDIDO,IDF_ORIGEM_PEDIDO,IDF_FORMA_PAGAMENTO,COD_CLIENTE) VALUES (441,"2022-03-24 17:03:28","2021-02-22 21:13:45",3,4,229);
INSERT INTO PIZZARIA.PEDIDO (NUM_PEDIDO,DTA_HOR_ABERTURA_PEDIDO,DTA_HOR_FECHAMENTO_PEDIDO,IDF_ORIGEM_PEDIDO,IDF_FORMA_PAGAMENTO,COD_CLIENTE) VALUES (442,"2020-12-25 18:29:06","2020-11-18 15:35:52",2,4,288);
INSERT INTO PIZZARIA.PEDIDO (NUM_PEDIDO,DTA_HOR_ABERTURA_PEDIDO,DTA_HOR_FECHAMENTO_PEDIDO,IDF_ORIGEM_PEDIDO,IDF_FORMA_PAGAMENTO,COD_CLIENTE) VALUES (443,"2021-04-06 11:37:26","2021-05-25 15:15:51",1,2,193);
INSERT INTO PIZZARIA.PEDIDO (NUM_PEDIDO,DTA_HOR_ABERTURA_PEDIDO,DTA_HOR_FECHAMENTO_PEDIDO,IDF_ORIGEM_PEDIDO,IDF_FORMA_PAGAMENTO,COD_CLIENTE) VALUES (444,"2020-05-22 08:03:21","2021-02-01 00:02:45",1,3,18);
INSERT INTO PIZZARIA.PEDIDO (NUM_PEDIDO,DTA_HOR_ABERTURA_PEDIDO,DTA_HOR_FECHAMENTO_PEDIDO,IDF_ORIGEM_PEDIDO,IDF_FORMA_PAGAMENTO,COD_CLIENTE) VALUES (445,"2021-09-02 23:39:07","2021-04-15 12:50:58",1,1,143);
INSERT INTO PIZZARIA.PEDIDO (NUM_PEDIDO,DTA_HOR_ABERTURA_PEDIDO,DTA_HOR_FECHAMENTO_PEDIDO,IDF_ORIGEM_PEDIDO,IDF_FORMA_PAGAMENTO,COD_CLIENTE) VALUES (446,"2021-04-30 08:23:09","2021-11-23 07:18:04",2,4,222);
INSERT INTO PIZZARIA.PEDIDO (NUM_PEDIDO,DTA_HOR_ABERTURA_PEDIDO,DTA_HOR_FECHAMENTO_PEDIDO,IDF_ORIGEM_PEDIDO,IDF_FORMA_PAGAMENTO,COD_CLIENTE) VALUES (447,"2020-06-07 18:34:52","2021-12-21 19:47:52",1,4,87);
INSERT INTO PIZZARIA.PEDIDO (NUM_PEDIDO,DTA_HOR_ABERTURA_PEDIDO,DTA_HOR_FECHAMENTO_PEDIDO,IDF_ORIGEM_PEDIDO,IDF_FORMA_PAGAMENTO,COD_CLIENTE) VALUES (448,"2021-10-02 10:26:11","2021-12-08 16:08:03",1,1,86);
INSERT INTO PIZZARIA.PEDIDO (NUM_PEDIDO,DTA_HOR_ABERTURA_PEDIDO,DTA_HOR_FECHAMENTO_PEDIDO,IDF_ORIGEM_PEDIDO,IDF_FORMA_PAGAMENTO,COD_CLIENTE) VALUES (449,"2021-04-17 10:49:32","2021-04-01 03:16:02",1,4,98);
INSERT INTO PIZZARIA.PEDIDO (NUM_PEDIDO,DTA_HOR_ABERTURA_PEDIDO,DTA_HOR_FECHAMENTO_PEDIDO,IDF_ORIGEM_PEDIDO,IDF_FORMA_PAGAMENTO,COD_CLIENTE) VALUES (450,"2022-05-04 12:27:00","2021-01-27 13:16:09",1,4,177);
INSERT INTO PIZZARIA.PEDIDO (NUM_PEDIDO,DTA_HOR_ABERTURA_PEDIDO,DTA_HOR_FECHAMENTO_PEDIDO,IDF_ORIGEM_PEDIDO,IDF_FORMA_PAGAMENTO,COD_CLIENTE) VALUES (451,"2021-08-09 08:49:41","2021-06-01 20:50:17",2,3,283);
INSERT INTO PIZZARIA.PEDIDO (NUM_PEDIDO,DTA_HOR_ABERTURA_PEDIDO,DTA_HOR_FECHAMENTO_PEDIDO,IDF_ORIGEM_PEDIDO,IDF_FORMA_PAGAMENTO,COD_CLIENTE) VALUES (452,"2021-03-04 05:12:35","2021-11-01 06:31:49",1,1,217);
INSERT INTO PIZZARIA.PEDIDO (NUM_PEDIDO,DTA_HOR_ABERTURA_PEDIDO,DTA_HOR_FECHAMENTO_PEDIDO,IDF_ORIGEM_PEDIDO,IDF_FORMA_PAGAMENTO,COD_CLIENTE) VALUES (453,"2021-07-20 11:20:34","2022-03-11 08:17:15",3,3,67);
INSERT INTO PIZZARIA.PEDIDO (NUM_PEDIDO,DTA_HOR_ABERTURA_PEDIDO,DTA_HOR_FECHAMENTO_PEDIDO,IDF_ORIGEM_PEDIDO,IDF_FORMA_PAGAMENTO,COD_CLIENTE) VALUES (454,"2021-10-29 23:19:00","2021-04-18 02:34:59",1,2,125);
INSERT INTO PIZZARIA.PEDIDO (NUM_PEDIDO,DTA_HOR_ABERTURA_PEDIDO,DTA_HOR_FECHAMENTO_PEDIDO,IDF_ORIGEM_PEDIDO,IDF_FORMA_PAGAMENTO,COD_CLIENTE) VALUES (455,"2021-02-01 21:44:58","2020-07-26 00:38:44",1,3,270);
INSERT INTO PIZZARIA.PEDIDO (NUM_PEDIDO,DTA_HOR_ABERTURA_PEDIDO,DTA_HOR_FECHAMENTO_PEDIDO,IDF_ORIGEM_PEDIDO,IDF_FORMA_PAGAMENTO,COD_CLIENTE) VALUES (456,"2021-02-27 09:04:37","2022-01-20 19:17:30",1,1,113);
INSERT INTO PIZZARIA.PEDIDO (NUM_PEDIDO,DTA_HOR_ABERTURA_PEDIDO,DTA_HOR_FECHAMENTO_PEDIDO,IDF_ORIGEM_PEDIDO,IDF_FORMA_PAGAMENTO,COD_CLIENTE) VALUES (457,"2021-05-13 16:59:56","2021-10-13 08:00:20",1,3,17);
INSERT INTO PIZZARIA.PEDIDO (NUM_PEDIDO,DTA_HOR_ABERTURA_PEDIDO,DTA_HOR_FECHAMENTO_PEDIDO,IDF_ORIGEM_PEDIDO,IDF_FORMA_PAGAMENTO,COD_CLIENTE) VALUES (458,"2022-01-14 19:51:59","2021-08-16 14:44:05",2,1,6);
INSERT INTO PIZZARIA.PEDIDO (NUM_PEDIDO,DTA_HOR_ABERTURA_PEDIDO,DTA_HOR_FECHAMENTO_PEDIDO,IDF_ORIGEM_PEDIDO,IDF_FORMA_PAGAMENTO,COD_CLIENTE) VALUES (459,"2020-07-27 13:41:21","2021-05-09 04:27:38",2,4,254);
INSERT INTO PIZZARIA.PEDIDO (NUM_PEDIDO,DTA_HOR_ABERTURA_PEDIDO,DTA_HOR_FECHAMENTO_PEDIDO,IDF_ORIGEM_PEDIDO,IDF_FORMA_PAGAMENTO,COD_CLIENTE) VALUES (460,"2020-08-16 13:28:36","2020-06-29 07:30:07",3,1,157);
INSERT INTO PIZZARIA.PEDIDO (NUM_PEDIDO,DTA_HOR_ABERTURA_PEDIDO,DTA_HOR_FECHAMENTO_PEDIDO,IDF_ORIGEM_PEDIDO,IDF_FORMA_PAGAMENTO,COD_CLIENTE) VALUES (461,"2021-03-30 09:01:31","2022-01-14 18:25:11",1,4,167);
INSERT INTO PIZZARIA.PEDIDO (NUM_PEDIDO,DTA_HOR_ABERTURA_PEDIDO,DTA_HOR_FECHAMENTO_PEDIDO,IDF_ORIGEM_PEDIDO,IDF_FORMA_PAGAMENTO,COD_CLIENTE) VALUES (462,"2020-07-20 17:35:58","2021-09-18 00:16:32",3,2,84);
INSERT INTO PIZZARIA.PEDIDO (NUM_PEDIDO,DTA_HOR_ABERTURA_PEDIDO,DTA_HOR_FECHAMENTO_PEDIDO,IDF_ORIGEM_PEDIDO,IDF_FORMA_PAGAMENTO,COD_CLIENTE) VALUES (463,"2022-02-17 00:31:23","2020-06-08 05:20:44",2,1,167);
INSERT INTO PIZZARIA.PEDIDO (NUM_PEDIDO,DTA_HOR_ABERTURA_PEDIDO,DTA_HOR_FECHAMENTO_PEDIDO,IDF_ORIGEM_PEDIDO,IDF_FORMA_PAGAMENTO,COD_CLIENTE) VALUES (464,"2021-09-18 04:41:06","2022-02-25 08:06:46",1,4,125);
INSERT INTO PIZZARIA.PEDIDO (NUM_PEDIDO,DTA_HOR_ABERTURA_PEDIDO,DTA_HOR_FECHAMENTO_PEDIDO,IDF_ORIGEM_PEDIDO,IDF_FORMA_PAGAMENTO,COD_CLIENTE) VALUES (465,"2021-04-06 02:00:50","2021-12-15 09:44:33",2,3,125);
INSERT INTO PIZZARIA.PEDIDO (NUM_PEDIDO,DTA_HOR_ABERTURA_PEDIDO,DTA_HOR_FECHAMENTO_PEDIDO,IDF_ORIGEM_PEDIDO,IDF_FORMA_PAGAMENTO,COD_CLIENTE) VALUES (466,"2020-10-01 08:19:15","2021-02-06 17:48:22",2,1,278);
INSERT INTO PIZZARIA.PEDIDO (NUM_PEDIDO,DTA_HOR_ABERTURA_PEDIDO,DTA_HOR_FECHAMENTO_PEDIDO,IDF_ORIGEM_PEDIDO,IDF_FORMA_PAGAMENTO,COD_CLIENTE) VALUES (467,"2022-04-05 19:39:24","2021-02-14 23:25:30",1,3,64);
INSERT INTO PIZZARIA.PEDIDO (NUM_PEDIDO,DTA_HOR_ABERTURA_PEDIDO,DTA_HOR_FECHAMENTO_PEDIDO,IDF_ORIGEM_PEDIDO,IDF_FORMA_PAGAMENTO,COD_CLIENTE) VALUES (468,"2020-08-28 11:28:57","2021-05-28 13:44:57",2,1,264);
INSERT INTO PIZZARIA.PEDIDO (NUM_PEDIDO,DTA_HOR_ABERTURA_PEDIDO,DTA_HOR_FECHAMENTO_PEDIDO,IDF_ORIGEM_PEDIDO,IDF_FORMA_PAGAMENTO,COD_CLIENTE) VALUES (469,"2020-06-09 13:16:44","2020-05-28 11:55:58",1,4,259);
INSERT INTO PIZZARIA.PEDIDO (NUM_PEDIDO,DTA_HOR_ABERTURA_PEDIDO,DTA_HOR_FECHAMENTO_PEDIDO,IDF_ORIGEM_PEDIDO,IDF_FORMA_PAGAMENTO,COD_CLIENTE) VALUES (470,"2021-11-06 15:04:56","2021-05-04 19:25:44",3,4,67);
INSERT INTO PIZZARIA.PEDIDO (NUM_PEDIDO,DTA_HOR_ABERTURA_PEDIDO,DTA_HOR_FECHAMENTO_PEDIDO,IDF_ORIGEM_PEDIDO,IDF_FORMA_PAGAMENTO,COD_CLIENTE) VALUES (471,"2020-11-17 16:24:06","2022-03-14 02:52:47",3,4,88);
INSERT INTO PIZZARIA.PEDIDO (NUM_PEDIDO,DTA_HOR_ABERTURA_PEDIDO,DTA_HOR_FECHAMENTO_PEDIDO,IDF_ORIGEM_PEDIDO,IDF_FORMA_PAGAMENTO,COD_CLIENTE) VALUES (472,"2021-02-13 10:42:57","2020-08-29 14:35:01",3,4,148);
INSERT INTO PIZZARIA.PEDIDO (NUM_PEDIDO,DTA_HOR_ABERTURA_PEDIDO,DTA_HOR_FECHAMENTO_PEDIDO,IDF_ORIGEM_PEDIDO,IDF_FORMA_PAGAMENTO,COD_CLIENTE) VALUES (473,"2020-07-08 13:10:08","2022-03-17 12:22:52",1,1,116);
INSERT INTO PIZZARIA.PEDIDO (NUM_PEDIDO,DTA_HOR_ABERTURA_PEDIDO,DTA_HOR_FECHAMENTO_PEDIDO,IDF_ORIGEM_PEDIDO,IDF_FORMA_PAGAMENTO,COD_CLIENTE) VALUES (474,"2022-01-03 23:36:01","2021-05-14 09:41:26",1,4,65);
INSERT INTO PIZZARIA.PEDIDO (NUM_PEDIDO,DTA_HOR_ABERTURA_PEDIDO,DTA_HOR_FECHAMENTO_PEDIDO,IDF_ORIGEM_PEDIDO,IDF_FORMA_PAGAMENTO,COD_CLIENTE) VALUES (475,"2020-05-21 19:48:08","2020-06-14 00:02:54",3,4,53);
INSERT INTO PIZZARIA.PEDIDO (NUM_PEDIDO,DTA_HOR_ABERTURA_PEDIDO,DTA_HOR_FECHAMENTO_PEDIDO,IDF_ORIGEM_PEDIDO,IDF_FORMA_PAGAMENTO,COD_CLIENTE) VALUES (476,"2021-03-01 00:20:55","2022-02-16 12:39:29",2,1,286);
INSERT INTO PIZZARIA.PEDIDO (NUM_PEDIDO,DTA_HOR_ABERTURA_PEDIDO,DTA_HOR_FECHAMENTO_PEDIDO,IDF_ORIGEM_PEDIDO,IDF_FORMA_PAGAMENTO,COD_CLIENTE) VALUES (477,"2021-07-10 00:10:55","2022-01-13 16:13:30",3,1,214);
INSERT INTO PIZZARIA.PEDIDO (NUM_PEDIDO,DTA_HOR_ABERTURA_PEDIDO,DTA_HOR_FECHAMENTO_PEDIDO,IDF_ORIGEM_PEDIDO,IDF_FORMA_PAGAMENTO,COD_CLIENTE) VALUES (478,"2021-07-22 11:33:39","2020-06-21 16:43:56",1,2,36);
INSERT INTO PIZZARIA.PEDIDO (NUM_PEDIDO,DTA_HOR_ABERTURA_PEDIDO,DTA_HOR_FECHAMENTO_PEDIDO,IDF_ORIGEM_PEDIDO,IDF_FORMA_PAGAMENTO,COD_CLIENTE) VALUES (479,"2022-01-11 02:12:40","2021-06-20 15:49:05",2,3,270);
INSERT INTO PIZZARIA.PEDIDO (NUM_PEDIDO,DTA_HOR_ABERTURA_PEDIDO,DTA_HOR_FECHAMENTO_PEDIDO,IDF_ORIGEM_PEDIDO,IDF_FORMA_PAGAMENTO,COD_CLIENTE) VALUES (480,"2021-11-08 20:50:25","2021-08-25 10:33:39",1,4,185);
INSERT INTO PIZZARIA.PEDIDO (NUM_PEDIDO,DTA_HOR_ABERTURA_PEDIDO,DTA_HOR_FECHAMENTO_PEDIDO,IDF_ORIGEM_PEDIDO,IDF_FORMA_PAGAMENTO,COD_CLIENTE) VALUES (481,"2021-12-10 19:44:43","2021-04-25 04:11:20",1,4,64);
INSERT INTO PIZZARIA.PEDIDO (NUM_PEDIDO,DTA_HOR_ABERTURA_PEDIDO,DTA_HOR_FECHAMENTO_PEDIDO,IDF_ORIGEM_PEDIDO,IDF_FORMA_PAGAMENTO,COD_CLIENTE) VALUES (482,"2022-02-07 21:14:52","2020-12-21 16:08:19",3,4,51);
INSERT INTO PIZZARIA.PEDIDO (NUM_PEDIDO,DTA_HOR_ABERTURA_PEDIDO,DTA_HOR_FECHAMENTO_PEDIDO,IDF_ORIGEM_PEDIDO,IDF_FORMA_PAGAMENTO,COD_CLIENTE) VALUES (483,"2021-06-18 03:41:49","2020-09-04 10:25:59",1,2,292);
INSERT INTO PIZZARIA.PEDIDO (NUM_PEDIDO,DTA_HOR_ABERTURA_PEDIDO,DTA_HOR_FECHAMENTO_PEDIDO,IDF_ORIGEM_PEDIDO,IDF_FORMA_PAGAMENTO,COD_CLIENTE) VALUES (484,"2021-11-21 06:13:18","2020-09-08 13:59:15",1,3,58);
INSERT INTO PIZZARIA.PEDIDO (NUM_PEDIDO,DTA_HOR_ABERTURA_PEDIDO,DTA_HOR_FECHAMENTO_PEDIDO,IDF_ORIGEM_PEDIDO,IDF_FORMA_PAGAMENTO,COD_CLIENTE) VALUES (485,"2021-12-20 03:41:02","2020-07-10 03:28:40",2,4,270);
INSERT INTO PIZZARIA.PEDIDO (NUM_PEDIDO,DTA_HOR_ABERTURA_PEDIDO,DTA_HOR_FECHAMENTO_PEDIDO,IDF_ORIGEM_PEDIDO,IDF_FORMA_PAGAMENTO,COD_CLIENTE) VALUES (486,"2021-09-30 02:31:58","2020-09-03 12:12:37",2,4,294);
INSERT INTO PIZZARIA.PEDIDO (NUM_PEDIDO,DTA_HOR_ABERTURA_PEDIDO,DTA_HOR_FECHAMENTO_PEDIDO,IDF_ORIGEM_PEDIDO,IDF_FORMA_PAGAMENTO,COD_CLIENTE) VALUES (487,"2021-05-12 01:48:27","2020-11-25 01:06:37",1,4,108);
INSERT INTO PIZZARIA.PEDIDO (NUM_PEDIDO,DTA_HOR_ABERTURA_PEDIDO,DTA_HOR_FECHAMENTO_PEDIDO,IDF_ORIGEM_PEDIDO,IDF_FORMA_PAGAMENTO,COD_CLIENTE) VALUES (488,"2021-07-04 16:20:58","2020-12-27 07:03:23",3,4,133);
INSERT INTO PIZZARIA.PEDIDO (NUM_PEDIDO,DTA_HOR_ABERTURA_PEDIDO,DTA_HOR_FECHAMENTO_PEDIDO,IDF_ORIGEM_PEDIDO,IDF_FORMA_PAGAMENTO,COD_CLIENTE) VALUES (489,"2022-05-14 08:36:26","2020-05-21 08:54:41",1,2,175);
INSERT INTO PIZZARIA.PEDIDO (NUM_PEDIDO,DTA_HOR_ABERTURA_PEDIDO,DTA_HOR_FECHAMENTO_PEDIDO,IDF_ORIGEM_PEDIDO,IDF_FORMA_PAGAMENTO,COD_CLIENTE) VALUES (490,"2021-02-08 16:57:17","2021-02-22 10:02:43",1,1,299);
INSERT INTO PIZZARIA.PEDIDO (NUM_PEDIDO,DTA_HOR_ABERTURA_PEDIDO,DTA_HOR_FECHAMENTO_PEDIDO,IDF_ORIGEM_PEDIDO,IDF_FORMA_PAGAMENTO,COD_CLIENTE) VALUES (491,"2020-10-02 12:46:38","2021-05-10 08:41:37",2,3,177);
INSERT INTO PIZZARIA.PEDIDO (NUM_PEDIDO,DTA_HOR_ABERTURA_PEDIDO,DTA_HOR_FECHAMENTO_PEDIDO,IDF_ORIGEM_PEDIDO,IDF_FORMA_PAGAMENTO,COD_CLIENTE) VALUES (492,"2021-12-12 12:41:07","2021-06-23 10:14:12",1,3,94);
INSERT INTO PIZZARIA.PEDIDO (NUM_PEDIDO,DTA_HOR_ABERTURA_PEDIDO,DTA_HOR_FECHAMENTO_PEDIDO,IDF_ORIGEM_PEDIDO,IDF_FORMA_PAGAMENTO,COD_CLIENTE) VALUES (493,"2021-02-16 13:34:22","2020-08-07 11:32:08",3,1,112);
INSERT INTO PIZZARIA.PEDIDO (NUM_PEDIDO,DTA_HOR_ABERTURA_PEDIDO,DTA_HOR_FECHAMENTO_PEDIDO,IDF_ORIGEM_PEDIDO,IDF_FORMA_PAGAMENTO,COD_CLIENTE) VALUES (494,"2020-08-26 03:05:41","2021-04-02 04:39:21",2,2,62);
INSERT INTO PIZZARIA.PEDIDO (NUM_PEDIDO,DTA_HOR_ABERTURA_PEDIDO,DTA_HOR_FECHAMENTO_PEDIDO,IDF_ORIGEM_PEDIDO,IDF_FORMA_PAGAMENTO,COD_CLIENTE) VALUES (495,"2021-11-15 10:09:50","2021-08-09 06:28:10",3,1,173);
INSERT INTO PIZZARIA.PEDIDO (NUM_PEDIDO,DTA_HOR_ABERTURA_PEDIDO,DTA_HOR_FECHAMENTO_PEDIDO,IDF_ORIGEM_PEDIDO,IDF_FORMA_PAGAMENTO,COD_CLIENTE) VALUES (496,"2021-09-25 07:15:31","2022-01-30 02:02:36",1,2,77);
INSERT INTO PIZZARIA.PEDIDO (NUM_PEDIDO,DTA_HOR_ABERTURA_PEDIDO,DTA_HOR_FECHAMENTO_PEDIDO,IDF_ORIGEM_PEDIDO,IDF_FORMA_PAGAMENTO,COD_CLIENTE) VALUES (497,"2022-02-13 13:52:58","2021-06-10 11:03:57",3,1,27);
INSERT INTO PIZZARIA.PEDIDO (NUM_PEDIDO,DTA_HOR_ABERTURA_PEDIDO,DTA_HOR_FECHAMENTO_PEDIDO,IDF_ORIGEM_PEDIDO,IDF_FORMA_PAGAMENTO,COD_CLIENTE) VALUES (498,"2021-07-19 18:39:39","2022-01-01 23:41:57",2,1,284);
INSERT INTO PIZZARIA.PEDIDO (NUM_PEDIDO,DTA_HOR_ABERTURA_PEDIDO,DTA_HOR_FECHAMENTO_PEDIDO,IDF_ORIGEM_PEDIDO,IDF_FORMA_PAGAMENTO,COD_CLIENTE) VALUES (499,"2020-12-29 16:06:22","2021-01-17 08:35:48",2,2,210);
INSERT INTO PIZZARIA.PEDIDO (NUM_PEDIDO,DTA_HOR_ABERTURA_PEDIDO,DTA_HOR_FECHAMENTO_PEDIDO,IDF_ORIGEM_PEDIDO,IDF_FORMA_PAGAMENTO,COD_CLIENTE) VALUES (500,"2020-07-31 21:45:24","2021-01-14 23:50:19",1,3,240);

INSERT INTO PIZZARIA.CONTEM (NUM_PEDIDO,COD_PIZZA,DESC_TAMANHO_PIZZA,QUANTIDADE) VALUES (297,48,"BROTO",2);
INSERT INTO PIZZARIA.CONTEM (NUM_PEDIDO,COD_PIZZA,DESC_TAMANHO_PIZZA,QUANTIDADE) VALUES (180,5,"INTEIRA",1);
INSERT INTO PIZZARIA.CONTEM (NUM_PEDIDO,COD_PIZZA,DESC_TAMANHO_PIZZA,QUANTIDADE) VALUES (62,61,"BROTO",3);
INSERT INTO PIZZARIA.CONTEM (NUM_PEDIDO,COD_PIZZA,DESC_TAMANHO_PIZZA,QUANTIDADE) VALUES (272,31,"BROTO",2);
INSERT INTO PIZZARIA.CONTEM (NUM_PEDIDO,COD_PIZZA,DESC_TAMANHO_PIZZA,QUANTIDADE) VALUES (66,53,"INTEIRA",3);
INSERT INTO PIZZARIA.CONTEM (NUM_PEDIDO,COD_PIZZA,DESC_TAMANHO_PIZZA,QUANTIDADE) VALUES (170,20,"INTEIRA",2);
INSERT INTO PIZZARIA.CONTEM (NUM_PEDIDO,COD_PIZZA,DESC_TAMANHO_PIZZA,QUANTIDADE) VALUES (284,15,"INTEIRA",2);
INSERT INTO PIZZARIA.CONTEM (NUM_PEDIDO,COD_PIZZA,DESC_TAMANHO_PIZZA,QUANTIDADE) VALUES (182,57,"INTEIRA",1);
INSERT INTO PIZZARIA.CONTEM (NUM_PEDIDO,COD_PIZZA,DESC_TAMANHO_PIZZA,QUANTIDADE) VALUES (271,26,"BROTO",1);
INSERT INTO PIZZARIA.CONTEM (NUM_PEDIDO,COD_PIZZA,DESC_TAMANHO_PIZZA,QUANTIDADE) VALUES (272,22,"BROTO",1);
INSERT INTO PIZZARIA.CONTEM (NUM_PEDIDO,COD_PIZZA,DESC_TAMANHO_PIZZA,QUANTIDADE) VALUES (241,86,"INTEIRA",3);
INSERT INTO PIZZARIA.CONTEM (NUM_PEDIDO,COD_PIZZA,DESC_TAMANHO_PIZZA,QUANTIDADE) VALUES (222,46,"BROTO",1);
INSERT INTO PIZZARIA.CONTEM (NUM_PEDIDO,COD_PIZZA,DESC_TAMANHO_PIZZA,QUANTIDADE) VALUES (110,78,"BROTO",1);
INSERT INTO PIZZARIA.CONTEM (NUM_PEDIDO,COD_PIZZA,DESC_TAMANHO_PIZZA,QUANTIDADE) VALUES (99,65,"BROTO",1);
INSERT INTO PIZZARIA.CONTEM (NUM_PEDIDO,COD_PIZZA,DESC_TAMANHO_PIZZA,QUANTIDADE) VALUES (243,73,"INTEIRA",1);
INSERT INTO PIZZARIA.CONTEM (NUM_PEDIDO,COD_PIZZA,DESC_TAMANHO_PIZZA,QUANTIDADE) VALUES (134,43,"INTEIRA",3);
INSERT INTO PIZZARIA.CONTEM (NUM_PEDIDO,COD_PIZZA,DESC_TAMANHO_PIZZA,QUANTIDADE) VALUES (9,88,"BROTO",1);
INSERT INTO PIZZARIA.CONTEM (NUM_PEDIDO,COD_PIZZA,DESC_TAMANHO_PIZZA,QUANTIDADE) VALUES (67,72,"INTEIRA",2);
INSERT INTO PIZZARIA.CONTEM (NUM_PEDIDO,COD_PIZZA,DESC_TAMANHO_PIZZA,QUANTIDADE) VALUES (81,91,"BROTO",1);
INSERT INTO PIZZARIA.CONTEM (NUM_PEDIDO,COD_PIZZA,DESC_TAMANHO_PIZZA,QUANTIDADE) VALUES (270,75,"INTEIRA",2);
INSERT INTO PIZZARIA.CONTEM (NUM_PEDIDO,COD_PIZZA,DESC_TAMANHO_PIZZA,QUANTIDADE) VALUES (210,41,"INTEIRA",1);
INSERT INTO PIZZARIA.CONTEM (NUM_PEDIDO,COD_PIZZA,DESC_TAMANHO_PIZZA,QUANTIDADE) VALUES (273,28,"BROTO",2);
INSERT INTO PIZZARIA.CONTEM (NUM_PEDIDO,COD_PIZZA,DESC_TAMANHO_PIZZA,QUANTIDADE) VALUES (230,14,"INTEIRA",2);
INSERT INTO PIZZARIA.CONTEM (NUM_PEDIDO,COD_PIZZA,DESC_TAMANHO_PIZZA,QUANTIDADE) VALUES (109,67,"BROTO",3);
INSERT INTO PIZZARIA.CONTEM (NUM_PEDIDO,COD_PIZZA,DESC_TAMANHO_PIZZA,QUANTIDADE) VALUES (82,37,"INTEIRA",2);
INSERT INTO PIZZARIA.CONTEM (NUM_PEDIDO,COD_PIZZA,DESC_TAMANHO_PIZZA,QUANTIDADE) VALUES (43,36,"INTEIRA",1);
INSERT INTO PIZZARIA.CONTEM (NUM_PEDIDO,COD_PIZZA,DESC_TAMANHO_PIZZA,QUANTIDADE) VALUES (142,58,"INTEIRA",2);
INSERT INTO PIZZARIA.CONTEM (NUM_PEDIDO,COD_PIZZA,DESC_TAMANHO_PIZZA,QUANTIDADE) VALUES (89,56,"BROTO",3);
INSERT INTO PIZZARIA.CONTEM (NUM_PEDIDO,COD_PIZZA,DESC_TAMANHO_PIZZA,QUANTIDADE) VALUES (9,63,"INTEIRA",1);
INSERT INTO PIZZARIA.CONTEM (NUM_PEDIDO,COD_PIZZA,DESC_TAMANHO_PIZZA,QUANTIDADE) VALUES (174,29,"INTEIRA",1);
INSERT INTO PIZZARIA.CONTEM (NUM_PEDIDO,COD_PIZZA,DESC_TAMANHO_PIZZA,QUANTIDADE) VALUES (177,66,"INTEIRA",1);
INSERT INTO PIZZARIA.CONTEM (NUM_PEDIDO,COD_PIZZA,DESC_TAMANHO_PIZZA,QUANTIDADE) VALUES (189,7,"INTEIRA",1);
INSERT INTO PIZZARIA.CONTEM (NUM_PEDIDO,COD_PIZZA,DESC_TAMANHO_PIZZA,QUANTIDADE) VALUES (111,62,"BROTO",2);
INSERT INTO PIZZARIA.CONTEM (NUM_PEDIDO,COD_PIZZA,DESC_TAMANHO_PIZZA,QUANTIDADE) VALUES (262,8,"INTEIRA",2);
INSERT INTO PIZZARIA.CONTEM (NUM_PEDIDO,COD_PIZZA,DESC_TAMANHO_PIZZA,QUANTIDADE) VALUES (167,42,"INTEIRA",3);
INSERT INTO PIZZARIA.CONTEM (NUM_PEDIDO,COD_PIZZA,DESC_TAMANHO_PIZZA,QUANTIDADE) VALUES (171,32,"BROTO",2);
INSERT INTO PIZZARIA.CONTEM (NUM_PEDIDO,COD_PIZZA,DESC_TAMANHO_PIZZA,QUANTIDADE) VALUES (216,87,"INTEIRA",2);
INSERT INTO PIZZARIA.CONTEM (NUM_PEDIDO,COD_PIZZA,DESC_TAMANHO_PIZZA,QUANTIDADE) VALUES (251,35,"BROTO",3);
INSERT INTO PIZZARIA.CONTEM (NUM_PEDIDO,COD_PIZZA,DESC_TAMANHO_PIZZA,QUANTIDADE) VALUES (56,88,"INTEIRA",2);
INSERT INTO PIZZARIA.CONTEM (NUM_PEDIDO,COD_PIZZA,DESC_TAMANHO_PIZZA,QUANTIDADE) VALUES (284,43,"BROTO",3);
INSERT INTO PIZZARIA.CONTEM (NUM_PEDIDO,COD_PIZZA,DESC_TAMANHO_PIZZA,QUANTIDADE) VALUES (242,26,"BROTO",3);
INSERT INTO PIZZARIA.CONTEM (NUM_PEDIDO,COD_PIZZA,DESC_TAMANHO_PIZZA,QUANTIDADE) VALUES (206,17,"BROTO",2);
INSERT INTO PIZZARIA.CONTEM (NUM_PEDIDO,COD_PIZZA,DESC_TAMANHO_PIZZA,QUANTIDADE) VALUES (251,87,"BROTO",2);
INSERT INTO PIZZARIA.CONTEM (NUM_PEDIDO,COD_PIZZA,DESC_TAMANHO_PIZZA,QUANTIDADE) VALUES (54,67,"BROTO",2);
INSERT INTO PIZZARIA.CONTEM (NUM_PEDIDO,COD_PIZZA,DESC_TAMANHO_PIZZA,QUANTIDADE) VALUES (45,67,"INTEIRA",2);
INSERT INTO PIZZARIA.CONTEM (NUM_PEDIDO,COD_PIZZA,DESC_TAMANHO_PIZZA,QUANTIDADE) VALUES (148,41,"BROTO",2);
INSERT INTO PIZZARIA.CONTEM (NUM_PEDIDO,COD_PIZZA,DESC_TAMANHO_PIZZA,QUANTIDADE) VALUES (159,74,"BROTO",1);
INSERT INTO PIZZARIA.CONTEM (NUM_PEDIDO,COD_PIZZA,DESC_TAMANHO_PIZZA,QUANTIDADE) VALUES (301,11,"INTEIRA",2);
INSERT INTO PIZZARIA.CONTEM (NUM_PEDIDO,COD_PIZZA,DESC_TAMANHO_PIZZA,QUANTIDADE) VALUES (220,79,"INTEIRA",3);
INSERT INTO PIZZARIA.CONTEM (NUM_PEDIDO,COD_PIZZA,DESC_TAMANHO_PIZZA,QUANTIDADE) VALUES (35,24,"BROTO",1);
INSERT INTO PIZZARIA.CONTEM (NUM_PEDIDO,COD_PIZZA,DESC_TAMANHO_PIZZA,QUANTIDADE) VALUES (234,71,"BROTO",2);
INSERT INTO PIZZARIA.CONTEM (NUM_PEDIDO,COD_PIZZA,DESC_TAMANHO_PIZZA,QUANTIDADE) VALUES (222,70,"BROTO",1);
INSERT INTO PIZZARIA.CONTEM (NUM_PEDIDO,COD_PIZZA,DESC_TAMANHO_PIZZA,QUANTIDADE) VALUES (195,90,"BROTO",1);
INSERT INTO PIZZARIA.CONTEM (NUM_PEDIDO,COD_PIZZA,DESC_TAMANHO_PIZZA,QUANTIDADE) VALUES (200,14,"BROTO",2);
INSERT INTO PIZZARIA.CONTEM (NUM_PEDIDO,COD_PIZZA,DESC_TAMANHO_PIZZA,QUANTIDADE) VALUES (229,65,"INTEIRA",3);
INSERT INTO PIZZARIA.CONTEM (NUM_PEDIDO,COD_PIZZA,DESC_TAMANHO_PIZZA,QUANTIDADE) VALUES (197,44,"BROTO",3);
INSERT INTO PIZZARIA.CONTEM (NUM_PEDIDO,COD_PIZZA,DESC_TAMANHO_PIZZA,QUANTIDADE) VALUES (198,82,"BROTO",1);
INSERT INTO PIZZARIA.CONTEM (NUM_PEDIDO,COD_PIZZA,DESC_TAMANHO_PIZZA,QUANTIDADE) VALUES (57,4,"BROTO",1);
INSERT INTO PIZZARIA.CONTEM (NUM_PEDIDO,COD_PIZZA,DESC_TAMANHO_PIZZA,QUANTIDADE) VALUES (211,34,"BROTO",3);
INSERT INTO PIZZARIA.CONTEM (NUM_PEDIDO,COD_PIZZA,DESC_TAMANHO_PIZZA,QUANTIDADE) VALUES (87,34,"BROTO",1);
INSERT INTO PIZZARIA.CONTEM (NUM_PEDIDO,COD_PIZZA,DESC_TAMANHO_PIZZA,QUANTIDADE) VALUES (184,82,"INTEIRA",2);
INSERT INTO PIZZARIA.CONTEM (NUM_PEDIDO,COD_PIZZA,DESC_TAMANHO_PIZZA,QUANTIDADE) VALUES (87,42,"INTEIRA",3);
INSERT INTO PIZZARIA.CONTEM (NUM_PEDIDO,COD_PIZZA,DESC_TAMANHO_PIZZA,QUANTIDADE) VALUES (2,6,"BROTO",2);
INSERT INTO PIZZARIA.CONTEM (NUM_PEDIDO,COD_PIZZA,DESC_TAMANHO_PIZZA,QUANTIDADE) VALUES (218,6,"BROTO",3);
INSERT INTO PIZZARIA.CONTEM (NUM_PEDIDO,COD_PIZZA,DESC_TAMANHO_PIZZA,QUANTIDADE) VALUES (273,88,"INTEIRA",3);
INSERT INTO PIZZARIA.CONTEM (NUM_PEDIDO,COD_PIZZA,DESC_TAMANHO_PIZZA,QUANTIDADE) VALUES (273,22,"INTEIRA",2);
INSERT INTO PIZZARIA.CONTEM (NUM_PEDIDO,COD_PIZZA,DESC_TAMANHO_PIZZA,QUANTIDADE) VALUES (246,56,"BROTO",1);
INSERT INTO PIZZARIA.CONTEM (NUM_PEDIDO,COD_PIZZA,DESC_TAMANHO_PIZZA,QUANTIDADE) VALUES (244,78,"INTEIRA",2);
INSERT INTO PIZZARIA.CONTEM (NUM_PEDIDO,COD_PIZZA,DESC_TAMANHO_PIZZA,QUANTIDADE) VALUES (282,22,"INTEIRA",2);
INSERT INTO PIZZARIA.CONTEM (NUM_PEDIDO,COD_PIZZA,DESC_TAMANHO_PIZZA,QUANTIDADE) VALUES (254,41,"INTEIRA",1);
INSERT INTO PIZZARIA.CONTEM (NUM_PEDIDO,COD_PIZZA,DESC_TAMANHO_PIZZA,QUANTIDADE) VALUES (30,39,"INTEIRA",2);
INSERT INTO PIZZARIA.CONTEM (NUM_PEDIDO,COD_PIZZA,DESC_TAMANHO_PIZZA,QUANTIDADE) VALUES (12,89,"BROTO",1);
INSERT INTO PIZZARIA.CONTEM (NUM_PEDIDO,COD_PIZZA,DESC_TAMANHO_PIZZA,QUANTIDADE) VALUES (180,55,"BROTO",1);
INSERT INTO PIZZARIA.CONTEM (NUM_PEDIDO,COD_PIZZA,DESC_TAMANHO_PIZZA,QUANTIDADE) VALUES (80,39,"BROTO",3);
INSERT INTO PIZZARIA.CONTEM (NUM_PEDIDO,COD_PIZZA,DESC_TAMANHO_PIZZA,QUANTIDADE) VALUES (143,86,"BROTO",2);
INSERT INTO PIZZARIA.CONTEM (NUM_PEDIDO,COD_PIZZA,DESC_TAMANHO_PIZZA,QUANTIDADE) VALUES (71,2,"INTEIRA",1);
INSERT INTO PIZZARIA.CONTEM (NUM_PEDIDO,COD_PIZZA,DESC_TAMANHO_PIZZA,QUANTIDADE) VALUES (64,30,"BROTO",3);
INSERT INTO PIZZARIA.CONTEM (NUM_PEDIDO,COD_PIZZA,DESC_TAMANHO_PIZZA,QUANTIDADE) VALUES (29,6,"BROTO",1);
INSERT INTO PIZZARIA.CONTEM (NUM_PEDIDO,COD_PIZZA,DESC_TAMANHO_PIZZA,QUANTIDADE) VALUES (162,42,"INTEIRA",3);
INSERT INTO PIZZARIA.CONTEM (NUM_PEDIDO,COD_PIZZA,DESC_TAMANHO_PIZZA,QUANTIDADE) VALUES (224,28,"INTEIRA",3);
INSERT INTO PIZZARIA.CONTEM (NUM_PEDIDO,COD_PIZZA,DESC_TAMANHO_PIZZA,QUANTIDADE) VALUES (249,82,"INTEIRA",2);
INSERT INTO PIZZARIA.CONTEM (NUM_PEDIDO,COD_PIZZA,DESC_TAMANHO_PIZZA,QUANTIDADE) VALUES (281,4,"INTEIRA",1);
INSERT INTO PIZZARIA.CONTEM (NUM_PEDIDO,COD_PIZZA,DESC_TAMANHO_PIZZA,QUANTIDADE) VALUES (167,8,"BROTO",3);
INSERT INTO PIZZARIA.CONTEM (NUM_PEDIDO,COD_PIZZA,DESC_TAMANHO_PIZZA,QUANTIDADE) VALUES (267,7,"INTEIRA",2);
INSERT INTO PIZZARIA.CONTEM (NUM_PEDIDO,COD_PIZZA,DESC_TAMANHO_PIZZA,QUANTIDADE) VALUES (219,66,"INTEIRA",1);
INSERT INTO PIZZARIA.CONTEM (NUM_PEDIDO,COD_PIZZA,DESC_TAMANHO_PIZZA,QUANTIDADE) VALUES (143,20,"INTEIRA",2);
INSERT INTO PIZZARIA.CONTEM (NUM_PEDIDO,COD_PIZZA,DESC_TAMANHO_PIZZA,QUANTIDADE) VALUES (179,81,"BROTO",2);
INSERT INTO PIZZARIA.CONTEM (NUM_PEDIDO,COD_PIZZA,DESC_TAMANHO_PIZZA,QUANTIDADE) VALUES (118,81,"INTEIRA",3);
INSERT INTO PIZZARIA.CONTEM (NUM_PEDIDO,COD_PIZZA,DESC_TAMANHO_PIZZA,QUANTIDADE) VALUES (222,91,"BROTO",2);
INSERT INTO PIZZARIA.CONTEM (NUM_PEDIDO,COD_PIZZA,DESC_TAMANHO_PIZZA,QUANTIDADE) VALUES (236,43,"INTEIRA",2);
INSERT INTO PIZZARIA.CONTEM (NUM_PEDIDO,COD_PIZZA,DESC_TAMANHO_PIZZA,QUANTIDADE) VALUES (13,82,"BROTO",3);
INSERT INTO PIZZARIA.CONTEM (NUM_PEDIDO,COD_PIZZA,DESC_TAMANHO_PIZZA,QUANTIDADE) VALUES (184,19,"INTEIRA",2);
INSERT INTO PIZZARIA.CONTEM (NUM_PEDIDO,COD_PIZZA,DESC_TAMANHO_PIZZA,QUANTIDADE) VALUES (225,70,"BROTO",1);
INSERT INTO PIZZARIA.CONTEM (NUM_PEDIDO,COD_PIZZA,DESC_TAMANHO_PIZZA,QUANTIDADE) VALUES (100,74,"INTEIRA",1);
INSERT INTO PIZZARIA.CONTEM (NUM_PEDIDO,COD_PIZZA,DESC_TAMANHO_PIZZA,QUANTIDADE) VALUES (99,84,"BROTO",1);
INSERT INTO PIZZARIA.CONTEM (NUM_PEDIDO,COD_PIZZA,DESC_TAMANHO_PIZZA,QUANTIDADE) VALUES (255,45,"INTEIRA",3);
INSERT INTO PIZZARIA.CONTEM (NUM_PEDIDO,COD_PIZZA,DESC_TAMANHO_PIZZA,QUANTIDADE) VALUES (299,54,"INTEIRA",2);
INSERT INTO PIZZARIA.CONTEM (NUM_PEDIDO,COD_PIZZA,DESC_TAMANHO_PIZZA,QUANTIDADE) VALUES (151,2,"BROTO",2);
INSERT INTO PIZZARIA.CONTEM (NUM_PEDIDO,COD_PIZZA,DESC_TAMANHO_PIZZA,QUANTIDADE) VALUES (280,62,"INTEIRA",1);
INSERT INTO PIZZARIA.CONTEM (NUM_PEDIDO,COD_PIZZA,DESC_TAMANHO_PIZZA,QUANTIDADE) VALUES (278,19,"BROTO",2);
INSERT INTO PIZZARIA.CONTEM (NUM_PEDIDO,COD_PIZZA,DESC_TAMANHO_PIZZA,QUANTIDADE) VALUES (37,6,"INTEIRA",3);
INSERT INTO PIZZARIA.CONTEM (NUM_PEDIDO,COD_PIZZA,DESC_TAMANHO_PIZZA,QUANTIDADE) VALUES (100,62,"BROTO",1);
INSERT INTO PIZZARIA.CONTEM (NUM_PEDIDO,COD_PIZZA,DESC_TAMANHO_PIZZA,QUANTIDADE) VALUES (210,81,"BROTO",3);
INSERT INTO PIZZARIA.CONTEM (NUM_PEDIDO,COD_PIZZA,DESC_TAMANHO_PIZZA,QUANTIDADE) VALUES (241,92,"INTEIRA",3);
INSERT INTO PIZZARIA.CONTEM (NUM_PEDIDO,COD_PIZZA,DESC_TAMANHO_PIZZA,QUANTIDADE) VALUES (75,84,"BROTO",1);
INSERT INTO PIZZARIA.CONTEM (NUM_PEDIDO,COD_PIZZA,DESC_TAMANHO_PIZZA,QUANTIDADE) VALUES (131,48,"BROTO",1);
INSERT INTO PIZZARIA.CONTEM (NUM_PEDIDO,COD_PIZZA,DESC_TAMANHO_PIZZA,QUANTIDADE) VALUES (21,51,"INTEIRA",2);
INSERT INTO PIZZARIA.CONTEM (NUM_PEDIDO,COD_PIZZA,DESC_TAMANHO_PIZZA,QUANTIDADE) VALUES (195,13,"INTEIRA",1);
INSERT INTO PIZZARIA.CONTEM (NUM_PEDIDO,COD_PIZZA,DESC_TAMANHO_PIZZA,QUANTIDADE) VALUES (110,90,"INTEIRA",1);
INSERT INTO PIZZARIA.CONTEM (NUM_PEDIDO,COD_PIZZA,DESC_TAMANHO_PIZZA,QUANTIDADE) VALUES (109,55,"BROTO",1);
INSERT INTO PIZZARIA.CONTEM (NUM_PEDIDO,COD_PIZZA,DESC_TAMANHO_PIZZA,QUANTIDADE) VALUES (169,46,"INTEIRA",3);
INSERT INTO PIZZARIA.CONTEM (NUM_PEDIDO,COD_PIZZA,DESC_TAMANHO_PIZZA,QUANTIDADE) VALUES (65,50,"INTEIRA",1);
INSERT INTO PIZZARIA.CONTEM (NUM_PEDIDO,COD_PIZZA,DESC_TAMANHO_PIZZA,QUANTIDADE) VALUES (169,82,"INTEIRA",1);
INSERT INTO PIZZARIA.CONTEM (NUM_PEDIDO,COD_PIZZA,DESC_TAMANHO_PIZZA,QUANTIDADE) VALUES (25,33,"INTEIRA",1);
INSERT INTO PIZZARIA.CONTEM (NUM_PEDIDO,COD_PIZZA,DESC_TAMANHO_PIZZA,QUANTIDADE) VALUES (64,6,"BROTO",2);
INSERT INTO PIZZARIA.CONTEM (NUM_PEDIDO,COD_PIZZA,DESC_TAMANHO_PIZZA,QUANTIDADE) VALUES (182,68,"INTEIRA",3);
INSERT INTO PIZZARIA.CONTEM (NUM_PEDIDO,COD_PIZZA,DESC_TAMANHO_PIZZA,QUANTIDADE) VALUES (290,54,"INTEIRA",2);
INSERT INTO PIZZARIA.CONTEM (NUM_PEDIDO,COD_PIZZA,DESC_TAMANHO_PIZZA,QUANTIDADE) VALUES (124,87,"INTEIRA",3);
INSERT INTO PIZZARIA.CONTEM (NUM_PEDIDO,COD_PIZZA,DESC_TAMANHO_PIZZA,QUANTIDADE) VALUES (163,42,"BROTO",2);
INSERT INTO PIZZARIA.CONTEM (NUM_PEDIDO,COD_PIZZA,DESC_TAMANHO_PIZZA,QUANTIDADE) VALUES (185,37,"INTEIRA",2);
INSERT INTO PIZZARIA.CONTEM (NUM_PEDIDO,COD_PIZZA,DESC_TAMANHO_PIZZA,QUANTIDADE) VALUES (223,38,"INTEIRA",3);
INSERT INTO PIZZARIA.CONTEM (NUM_PEDIDO,COD_PIZZA,DESC_TAMANHO_PIZZA,QUANTIDADE) VALUES (286,69,"BROTO",1);
INSERT INTO PIZZARIA.CONTEM (NUM_PEDIDO,COD_PIZZA,DESC_TAMANHO_PIZZA,QUANTIDADE) VALUES (143,9,"INTEIRA",3);
INSERT INTO PIZZARIA.CONTEM (NUM_PEDIDO,COD_PIZZA,DESC_TAMANHO_PIZZA,QUANTIDADE) VALUES (186,63,"INTEIRA",1);
INSERT INTO PIZZARIA.CONTEM (NUM_PEDIDO,COD_PIZZA,DESC_TAMANHO_PIZZA,QUANTIDADE) VALUES (160,16,"INTEIRA",1);
INSERT INTO PIZZARIA.CONTEM (NUM_PEDIDO,COD_PIZZA,DESC_TAMANHO_PIZZA,QUANTIDADE) VALUES (74,24,"INTEIRA",2);
INSERT INTO PIZZARIA.CONTEM (NUM_PEDIDO,COD_PIZZA,DESC_TAMANHO_PIZZA,QUANTIDADE) VALUES (201,62,"BROTO",3);
INSERT INTO PIZZARIA.CONTEM (NUM_PEDIDO,COD_PIZZA,DESC_TAMANHO_PIZZA,QUANTIDADE) VALUES (104,62,"INTEIRA",1);
INSERT INTO PIZZARIA.CONTEM (NUM_PEDIDO,COD_PIZZA,DESC_TAMANHO_PIZZA,QUANTIDADE) VALUES (301,34,"BROTO",1);
INSERT INTO PIZZARIA.CONTEM (NUM_PEDIDO,COD_PIZZA,DESC_TAMANHO_PIZZA,QUANTIDADE) VALUES (242,88,"INTEIRA",3);
INSERT INTO PIZZARIA.CONTEM (NUM_PEDIDO,COD_PIZZA,DESC_TAMANHO_PIZZA,QUANTIDADE) VALUES (69,5,"BROTO",2);
INSERT INTO PIZZARIA.CONTEM (NUM_PEDIDO,COD_PIZZA,DESC_TAMANHO_PIZZA,QUANTIDADE) VALUES (8,75,"INTEIRA",1);
INSERT INTO PIZZARIA.CONTEM (NUM_PEDIDO,COD_PIZZA,DESC_TAMANHO_PIZZA,QUANTIDADE) VALUES (211,44,"BROTO",2);
INSERT INTO PIZZARIA.CONTEM (NUM_PEDIDO,COD_PIZZA,DESC_TAMANHO_PIZZA,QUANTIDADE) VALUES (236,36,"BROTO",1);
INSERT INTO PIZZARIA.CONTEM (NUM_PEDIDO,COD_PIZZA,DESC_TAMANHO_PIZZA,QUANTIDADE) VALUES (242,18,"BROTO",1);
INSERT INTO PIZZARIA.CONTEM (NUM_PEDIDO,COD_PIZZA,DESC_TAMANHO_PIZZA,QUANTIDADE) VALUES (246,23,"INTEIRA",1);
INSERT INTO PIZZARIA.CONTEM (NUM_PEDIDO,COD_PIZZA,DESC_TAMANHO_PIZZA,QUANTIDADE) VALUES (22,38,"BROTO",1);
INSERT INTO PIZZARIA.CONTEM (NUM_PEDIDO,COD_PIZZA,DESC_TAMANHO_PIZZA,QUANTIDADE) VALUES (216,12,"BROTO",3);
INSERT INTO PIZZARIA.CONTEM (NUM_PEDIDO,COD_PIZZA,DESC_TAMANHO_PIZZA,QUANTIDADE) VALUES (133,81,"BROTO",1);
INSERT INTO PIZZARIA.CONTEM (NUM_PEDIDO,COD_PIZZA,DESC_TAMANHO_PIZZA,QUANTIDADE) VALUES (37,34,"BROTO",3);
INSERT INTO PIZZARIA.CONTEM (NUM_PEDIDO,COD_PIZZA,DESC_TAMANHO_PIZZA,QUANTIDADE) VALUES (172,9,"INTEIRA",3);
INSERT INTO PIZZARIA.CONTEM (NUM_PEDIDO,COD_PIZZA,DESC_TAMANHO_PIZZA,QUANTIDADE) VALUES (51,90,"BROTO",2);
INSERT INTO PIZZARIA.CONTEM (NUM_PEDIDO,COD_PIZZA,DESC_TAMANHO_PIZZA,QUANTIDADE) VALUES (68,68,"BROTO",2);
INSERT INTO PIZZARIA.CONTEM (NUM_PEDIDO,COD_PIZZA,DESC_TAMANHO_PIZZA,QUANTIDADE) VALUES (112,62,"INTEIRA",3);
INSERT INTO PIZZARIA.CONTEM (NUM_PEDIDO,COD_PIZZA,DESC_TAMANHO_PIZZA,QUANTIDADE) VALUES (5,13,"INTEIRA",1);
INSERT INTO PIZZARIA.CONTEM (NUM_PEDIDO,COD_PIZZA,DESC_TAMANHO_PIZZA,QUANTIDADE) VALUES (227,53,"BROTO",3);
INSERT INTO PIZZARIA.CONTEM (NUM_PEDIDO,COD_PIZZA,DESC_TAMANHO_PIZZA,QUANTIDADE) VALUES (38,9,"INTEIRA",3);
INSERT INTO PIZZARIA.CONTEM (NUM_PEDIDO,COD_PIZZA,DESC_TAMANHO_PIZZA,QUANTIDADE) VALUES (259,25,"INTEIRA",2);
INSERT INTO PIZZARIA.CONTEM (NUM_PEDIDO,COD_PIZZA,DESC_TAMANHO_PIZZA,QUANTIDADE) VALUES (255,6,"BROTO",2);
INSERT INTO PIZZARIA.CONTEM (NUM_PEDIDO,COD_PIZZA,DESC_TAMANHO_PIZZA,QUANTIDADE) VALUES (83,27,"INTEIRA",2);
INSERT INTO PIZZARIA.CONTEM (NUM_PEDIDO,COD_PIZZA,DESC_TAMANHO_PIZZA,QUANTIDADE) VALUES (213,58,"INTEIRA",3);
INSERT INTO PIZZARIA.CONTEM (NUM_PEDIDO,COD_PIZZA,DESC_TAMANHO_PIZZA,QUANTIDADE) VALUES (162,1,"BROTO",1);
INSERT INTO PIZZARIA.CONTEM (NUM_PEDIDO,COD_PIZZA,DESC_TAMANHO_PIZZA,QUANTIDADE) VALUES (91,75,"BROTO",3);
INSERT INTO PIZZARIA.CONTEM (NUM_PEDIDO,COD_PIZZA,DESC_TAMANHO_PIZZA,QUANTIDADE) VALUES (95,92,"BROTO",2);
INSERT INTO PIZZARIA.CONTEM (NUM_PEDIDO,COD_PIZZA,DESC_TAMANHO_PIZZA,QUANTIDADE) VALUES (141,68,"BROTO",1);
INSERT INTO PIZZARIA.CONTEM (NUM_PEDIDO,COD_PIZZA,DESC_TAMANHO_PIZZA,QUANTIDADE) VALUES (256,90,"INTEIRA",2);
INSERT INTO PIZZARIA.CONTEM (NUM_PEDIDO,COD_PIZZA,DESC_TAMANHO_PIZZA,QUANTIDADE) VALUES (97,15,"INTEIRA",3);
INSERT INTO PIZZARIA.CONTEM (NUM_PEDIDO,COD_PIZZA,DESC_TAMANHO_PIZZA,QUANTIDADE) VALUES (195,81,"BROTO",3);
INSERT INTO PIZZARIA.CONTEM (NUM_PEDIDO,COD_PIZZA,DESC_TAMANHO_PIZZA,QUANTIDADE) VALUES (184,9,"INTEIRA",2);
INSERT INTO PIZZARIA.CONTEM (NUM_PEDIDO,COD_PIZZA,DESC_TAMANHO_PIZZA,QUANTIDADE) VALUES (28,2,"BROTO",2);
INSERT INTO PIZZARIA.CONTEM (NUM_PEDIDO,COD_PIZZA,DESC_TAMANHO_PIZZA,QUANTIDADE) VALUES (297,71,"BROTO",1);
INSERT INTO PIZZARIA.CONTEM (NUM_PEDIDO,COD_PIZZA,DESC_TAMANHO_PIZZA,QUANTIDADE) VALUES (170,90,"INTEIRA",3);
INSERT INTO PIZZARIA.CONTEM (NUM_PEDIDO,COD_PIZZA,DESC_TAMANHO_PIZZA,QUANTIDADE) VALUES (211,65,"BROTO",3);
INSERT INTO PIZZARIA.CONTEM (NUM_PEDIDO,COD_PIZZA,DESC_TAMANHO_PIZZA,QUANTIDADE) VALUES (19,14,"INTEIRA",1);
INSERT INTO PIZZARIA.CONTEM (NUM_PEDIDO,COD_PIZZA,DESC_TAMANHO_PIZZA,QUANTIDADE) VALUES (241,52,"INTEIRA",3);
INSERT INTO PIZZARIA.CONTEM (NUM_PEDIDO,COD_PIZZA,DESC_TAMANHO_PIZZA,QUANTIDADE) VALUES (153,48,"BROTO",1);
INSERT INTO PIZZARIA.CONTEM (NUM_PEDIDO,COD_PIZZA,DESC_TAMANHO_PIZZA,QUANTIDADE) VALUES (233,19,"BROTO",1);
INSERT INTO PIZZARIA.CONTEM (NUM_PEDIDO,COD_PIZZA,DESC_TAMANHO_PIZZA,QUANTIDADE) VALUES (65,20,"INTEIRA",1);
INSERT INTO PIZZARIA.CONTEM (NUM_PEDIDO,COD_PIZZA,DESC_TAMANHO_PIZZA,QUANTIDADE) VALUES (291,27,"INTEIRA",3);
INSERT INTO PIZZARIA.CONTEM (NUM_PEDIDO,COD_PIZZA,DESC_TAMANHO_PIZZA,QUANTIDADE) VALUES (184,64,"BROTO",3);
INSERT INTO PIZZARIA.CONTEM (NUM_PEDIDO,COD_PIZZA,DESC_TAMANHO_PIZZA,QUANTIDADE) VALUES (244,18,"BROTO",3);
INSERT INTO PIZZARIA.CONTEM (NUM_PEDIDO,COD_PIZZA,DESC_TAMANHO_PIZZA,QUANTIDADE) VALUES (87,67,"INTEIRA",2);
INSERT INTO PIZZARIA.CONTEM (NUM_PEDIDO,COD_PIZZA,DESC_TAMANHO_PIZZA,QUANTIDADE) VALUES (181,75,"BROTO",3);
INSERT INTO PIZZARIA.CONTEM (NUM_PEDIDO,COD_PIZZA,DESC_TAMANHO_PIZZA,QUANTIDADE) VALUES (50,45,"INTEIRA",2);
INSERT INTO PIZZARIA.CONTEM (NUM_PEDIDO,COD_PIZZA,DESC_TAMANHO_PIZZA,QUANTIDADE) VALUES (297,61,"INTEIRA",1);
INSERT INTO PIZZARIA.CONTEM (NUM_PEDIDO,COD_PIZZA,DESC_TAMANHO_PIZZA,QUANTIDADE) VALUES (31,62,"BROTO",2);
INSERT INTO PIZZARIA.CONTEM (NUM_PEDIDO,COD_PIZZA,DESC_TAMANHO_PIZZA,QUANTIDADE) VALUES (114,32,"BROTO",1);
INSERT INTO PIZZARIA.CONTEM (NUM_PEDIDO,COD_PIZZA,DESC_TAMANHO_PIZZA,QUANTIDADE) VALUES (70,6,"BROTO",1);
INSERT INTO PIZZARIA.CONTEM (NUM_PEDIDO,COD_PIZZA,DESC_TAMANHO_PIZZA,QUANTIDADE) VALUES (6,45,"INTEIRA",1);
INSERT INTO PIZZARIA.CONTEM (NUM_PEDIDO,COD_PIZZA,DESC_TAMANHO_PIZZA,QUANTIDADE) VALUES (249,43,"BROTO",1);
INSERT INTO PIZZARIA.CONTEM (NUM_PEDIDO,COD_PIZZA,DESC_TAMANHO_PIZZA,QUANTIDADE) VALUES (197,55,"INTEIRA",3);
INSERT INTO PIZZARIA.CONTEM (NUM_PEDIDO,COD_PIZZA,DESC_TAMANHO_PIZZA,QUANTIDADE) VALUES (116,63,"BROTO",1);
INSERT INTO PIZZARIA.CONTEM (NUM_PEDIDO,COD_PIZZA,DESC_TAMANHO_PIZZA,QUANTIDADE) VALUES (227,43,"INTEIRA",1);
INSERT INTO PIZZARIA.CONTEM (NUM_PEDIDO,COD_PIZZA,DESC_TAMANHO_PIZZA,QUANTIDADE) VALUES (1,80,"INTEIRA",3);
INSERT INTO PIZZARIA.CONTEM (NUM_PEDIDO,COD_PIZZA,DESC_TAMANHO_PIZZA,QUANTIDADE) VALUES (228,76,"INTEIRA",3);
INSERT INTO PIZZARIA.CONTEM (NUM_PEDIDO,COD_PIZZA,DESC_TAMANHO_PIZZA,QUANTIDADE) VALUES (200,44,"INTEIRA",3);
INSERT INTO PIZZARIA.CONTEM (NUM_PEDIDO,COD_PIZZA,DESC_TAMANHO_PIZZA,QUANTIDADE) VALUES (19,7,"BROTO",1);
INSERT INTO PIZZARIA.CONTEM (NUM_PEDIDO,COD_PIZZA,DESC_TAMANHO_PIZZA,QUANTIDADE) VALUES (217,56,"BROTO",1);
INSERT INTO PIZZARIA.CONTEM (NUM_PEDIDO,COD_PIZZA,DESC_TAMANHO_PIZZA,QUANTIDADE) VALUES (139,11,"BROTO",3);
INSERT INTO PIZZARIA.CONTEM (NUM_PEDIDO,COD_PIZZA,DESC_TAMANHO_PIZZA,QUANTIDADE) VALUES (264,1,"INTEIRA",2);
INSERT INTO PIZZARIA.CONTEM (NUM_PEDIDO,COD_PIZZA,DESC_TAMANHO_PIZZA,QUANTIDADE) VALUES (207,35,"BROTO",1);
INSERT INTO PIZZARIA.CONTEM (NUM_PEDIDO,COD_PIZZA,DESC_TAMANHO_PIZZA,QUANTIDADE) VALUES (159,12,"BROTO",2);
INSERT INTO PIZZARIA.CONTEM (NUM_PEDIDO,COD_PIZZA,DESC_TAMANHO_PIZZA,QUANTIDADE) VALUES (247,76,"BROTO",3);
INSERT INTO PIZZARIA.CONTEM (NUM_PEDIDO,COD_PIZZA,DESC_TAMANHO_PIZZA,QUANTIDADE) VALUES (244,67,"BROTO",1);
INSERT INTO PIZZARIA.CONTEM (NUM_PEDIDO,COD_PIZZA,DESC_TAMANHO_PIZZA,QUANTIDADE) VALUES (156,2,"INTEIRA",1);
INSERT INTO PIZZARIA.CONTEM (NUM_PEDIDO,COD_PIZZA,DESC_TAMANHO_PIZZA,QUANTIDADE) VALUES (232,33,"BROTO",3);
INSERT INTO PIZZARIA.CONTEM (NUM_PEDIDO,COD_PIZZA,DESC_TAMANHO_PIZZA,QUANTIDADE) VALUES (3,39,"BROTO",3);
INSERT INTO PIZZARIA.CONTEM (NUM_PEDIDO,COD_PIZZA,DESC_TAMANHO_PIZZA,QUANTIDADE) VALUES (41,24,"INTEIRA",1);
INSERT INTO PIZZARIA.CONTEM (NUM_PEDIDO,COD_PIZZA,DESC_TAMANHO_PIZZA,QUANTIDADE) VALUES (173,7,"INTEIRA",3);
INSERT INTO PIZZARIA.CONTEM (NUM_PEDIDO,COD_PIZZA,DESC_TAMANHO_PIZZA,QUANTIDADE) VALUES (19,18,"INTEIRA",2);
INSERT INTO PIZZARIA.CONTEM (NUM_PEDIDO,COD_PIZZA,DESC_TAMANHO_PIZZA,QUANTIDADE) VALUES (45,58,"INTEIRA",2);
INSERT INTO PIZZARIA.CONTEM (NUM_PEDIDO,COD_PIZZA,DESC_TAMANHO_PIZZA,QUANTIDADE) VALUES (230,13,"INTEIRA",2);
INSERT INTO PIZZARIA.CONTEM (NUM_PEDIDO,COD_PIZZA,DESC_TAMANHO_PIZZA,QUANTIDADE) VALUES (274,41,"INTEIRA",2);
INSERT INTO PIZZARIA.CONTEM (NUM_PEDIDO,COD_PIZZA,DESC_TAMANHO_PIZZA,QUANTIDADE) VALUES (132,57,"BROTO",2);
INSERT INTO PIZZARIA.CONTEM (NUM_PEDIDO,COD_PIZZA,DESC_TAMANHO_PIZZA,QUANTIDADE) VALUES (238,34,"INTEIRA",2);
INSERT INTO PIZZARIA.CONTEM (NUM_PEDIDO,COD_PIZZA,DESC_TAMANHO_PIZZA,QUANTIDADE) VALUES (17,83,"INTEIRA",2);
INSERT INTO PIZZARIA.CONTEM (NUM_PEDIDO,COD_PIZZA,DESC_TAMANHO_PIZZA,QUANTIDADE) VALUES (93,29,"BROTO",3);
INSERT INTO PIZZARIA.CONTEM (NUM_PEDIDO,COD_PIZZA,DESC_TAMANHO_PIZZA,QUANTIDADE) VALUES (259,11,"BROTO",3);
INSERT INTO PIZZARIA.CONTEM (NUM_PEDIDO,COD_PIZZA,DESC_TAMANHO_PIZZA,QUANTIDADE) VALUES (102,19,"INTEIRA",3);
INSERT INTO PIZZARIA.CONTEM (NUM_PEDIDO,COD_PIZZA,DESC_TAMANHO_PIZZA,QUANTIDADE) VALUES (3,35,"INTEIRA",1);
INSERT INTO PIZZARIA.CONTEM (NUM_PEDIDO,COD_PIZZA,DESC_TAMANHO_PIZZA,QUANTIDADE) VALUES (284,76,"BROTO",2);
INSERT INTO PIZZARIA.CONTEM (NUM_PEDIDO,COD_PIZZA,DESC_TAMANHO_PIZZA,QUANTIDADE) VALUES (141,87,"BROTO",1);
INSERT INTO PIZZARIA.CONTEM (NUM_PEDIDO,COD_PIZZA,DESC_TAMANHO_PIZZA,QUANTIDADE) VALUES (186,67,"INTEIRA",2);
INSERT INTO PIZZARIA.CONTEM (NUM_PEDIDO,COD_PIZZA,DESC_TAMANHO_PIZZA,QUANTIDADE) VALUES (112,18,"INTEIRA",1);
INSERT INTO PIZZARIA.CONTEM (NUM_PEDIDO,COD_PIZZA,DESC_TAMANHO_PIZZA,QUANTIDADE) VALUES (233,5,"INTEIRA",3);
INSERT INTO PIZZARIA.CONTEM (NUM_PEDIDO,COD_PIZZA,DESC_TAMANHO_PIZZA,QUANTIDADE) VALUES (43,42,"BROTO",3);
INSERT INTO PIZZARIA.CONTEM (NUM_PEDIDO,COD_PIZZA,DESC_TAMANHO_PIZZA,QUANTIDADE) VALUES (25,50,"BROTO",1);
INSERT INTO PIZZARIA.CONTEM (NUM_PEDIDO,COD_PIZZA,DESC_TAMANHO_PIZZA,QUANTIDADE) VALUES (290,19,"BROTO",3);
INSERT INTO PIZZARIA.CONTEM (NUM_PEDIDO,COD_PIZZA,DESC_TAMANHO_PIZZA,QUANTIDADE) VALUES (56,75,"INTEIRA",3);
INSERT INTO PIZZARIA.CONTEM (NUM_PEDIDO,COD_PIZZA,DESC_TAMANHO_PIZZA,QUANTIDADE) VALUES (96,75,"BROTO",1);
INSERT INTO PIZZARIA.CONTEM (NUM_PEDIDO,COD_PIZZA,DESC_TAMANHO_PIZZA,QUANTIDADE) VALUES (116,56,"BROTO",2);
INSERT INTO PIZZARIA.CONTEM (NUM_PEDIDO,COD_PIZZA,DESC_TAMANHO_PIZZA,QUANTIDADE) VALUES (170,1,"INTEIRA",2);
INSERT INTO PIZZARIA.CONTEM (NUM_PEDIDO,COD_PIZZA,DESC_TAMANHO_PIZZA,QUANTIDADE) VALUES (192,10,"INTEIRA",1);
INSERT INTO PIZZARIA.CONTEM (NUM_PEDIDO,COD_PIZZA,DESC_TAMANHO_PIZZA,QUANTIDADE) VALUES (144,56,"BROTO",1);
INSERT INTO PIZZARIA.CONTEM (NUM_PEDIDO,COD_PIZZA,DESC_TAMANHO_PIZZA,QUANTIDADE) VALUES (142,19,"INTEIRA",2);
INSERT INTO PIZZARIA.CONTEM (NUM_PEDIDO,COD_PIZZA,DESC_TAMANHO_PIZZA,QUANTIDADE) VALUES (130,23,"INTEIRA",1);
INSERT INTO PIZZARIA.CONTEM (NUM_PEDIDO,COD_PIZZA,DESC_TAMANHO_PIZZA,QUANTIDADE) VALUES (248,25,"INTEIRA",3);
INSERT INTO PIZZARIA.CONTEM (NUM_PEDIDO,COD_PIZZA,DESC_TAMANHO_PIZZA,QUANTIDADE) VALUES (19,37,"INTEIRA",3);
INSERT INTO PIZZARIA.CONTEM (NUM_PEDIDO,COD_PIZZA,DESC_TAMANHO_PIZZA,QUANTIDADE) VALUES (14,27,"INTEIRA",2);
INSERT INTO PIZZARIA.CONTEM (NUM_PEDIDO,COD_PIZZA,DESC_TAMANHO_PIZZA,QUANTIDADE) VALUES (169,70,"BROTO",3);
INSERT INTO PIZZARIA.CONTEM (NUM_PEDIDO,COD_PIZZA,DESC_TAMANHO_PIZZA,QUANTIDADE) VALUES (66,54,"BROTO",3);
INSERT INTO PIZZARIA.CONTEM (NUM_PEDIDO,COD_PIZZA,DESC_TAMANHO_PIZZA,QUANTIDADE) VALUES (119,45,"BROTO",1);
INSERT INTO PIZZARIA.CONTEM (NUM_PEDIDO,COD_PIZZA,DESC_TAMANHO_PIZZA,QUANTIDADE) VALUES (6,52,"BROTO",3);
INSERT INTO PIZZARIA.CONTEM (NUM_PEDIDO,COD_PIZZA,DESC_TAMANHO_PIZZA,QUANTIDADE) VALUES (119,11,"BROTO",3);
INSERT INTO PIZZARIA.CONTEM (NUM_PEDIDO,COD_PIZZA,DESC_TAMANHO_PIZZA,QUANTIDADE) VALUES (119,54,"INTEIRA",2);
INSERT INTO PIZZARIA.CONTEM (NUM_PEDIDO,COD_PIZZA,DESC_TAMANHO_PIZZA,QUANTIDADE) VALUES (215,63,"BROTO",2);
INSERT INTO PIZZARIA.CONTEM (NUM_PEDIDO,COD_PIZZA,DESC_TAMANHO_PIZZA,QUANTIDADE) VALUES (178,31,"INTEIRA",1);
INSERT INTO PIZZARIA.CONTEM (NUM_PEDIDO,COD_PIZZA,DESC_TAMANHO_PIZZA,QUANTIDADE) VALUES (139,49,"INTEIRA",2);
INSERT INTO PIZZARIA.CONTEM (NUM_PEDIDO,COD_PIZZA,DESC_TAMANHO_PIZZA,QUANTIDADE) VALUES (90,34,"BROTO",2);
INSERT INTO PIZZARIA.CONTEM (NUM_PEDIDO,COD_PIZZA,DESC_TAMANHO_PIZZA,QUANTIDADE) VALUES (149,89,"BROTO",3);
INSERT INTO PIZZARIA.CONTEM (NUM_PEDIDO,COD_PIZZA,DESC_TAMANHO_PIZZA,QUANTIDADE) VALUES (225,56,"INTEIRA",3);
INSERT INTO PIZZARIA.CONTEM (NUM_PEDIDO,COD_PIZZA,DESC_TAMANHO_PIZZA,QUANTIDADE) VALUES (284,11,"BROTO",2);
INSERT INTO PIZZARIA.CONTEM (NUM_PEDIDO,COD_PIZZA,DESC_TAMANHO_PIZZA,QUANTIDADE) VALUES (194,31,"INTEIRA",2);
INSERT INTO PIZZARIA.CONTEM (NUM_PEDIDO,COD_PIZZA,DESC_TAMANHO_PIZZA,QUANTIDADE) VALUES (194,34,"INTEIRA",1);
INSERT INTO PIZZARIA.CONTEM (NUM_PEDIDO,COD_PIZZA,DESC_TAMANHO_PIZZA,QUANTIDADE) VALUES (114,76,"BROTO",1);
INSERT INTO PIZZARIA.CONTEM (NUM_PEDIDO,COD_PIZZA,DESC_TAMANHO_PIZZA,QUANTIDADE) VALUES (297,89,"INTEIRA",1);
INSERT INTO PIZZARIA.CONTEM (NUM_PEDIDO,COD_PIZZA,DESC_TAMANHO_PIZZA,QUANTIDADE) VALUES (68,85,"INTEIRA",2);
INSERT INTO PIZZARIA.CONTEM (NUM_PEDIDO,COD_PIZZA,DESC_TAMANHO_PIZZA,QUANTIDADE) VALUES (53,49,"BROTO",1);
INSERT INTO PIZZARIA.CONTEM (NUM_PEDIDO,COD_PIZZA,DESC_TAMANHO_PIZZA,QUANTIDADE) VALUES (46,34,"BROTO",3);
INSERT INTO PIZZARIA.CONTEM (NUM_PEDIDO,COD_PIZZA,DESC_TAMANHO_PIZZA,QUANTIDADE) VALUES (61,37,"BROTO",2);
INSERT INTO PIZZARIA.CONTEM (NUM_PEDIDO,COD_PIZZA,DESC_TAMANHO_PIZZA,QUANTIDADE) VALUES (77,75,"BROTO",1);
INSERT INTO PIZZARIA.CONTEM (NUM_PEDIDO,COD_PIZZA,DESC_TAMANHO_PIZZA,QUANTIDADE) VALUES (282,64,"INTEIRA",3);
INSERT INTO PIZZARIA.CONTEM (NUM_PEDIDO,COD_PIZZA,DESC_TAMANHO_PIZZA,QUANTIDADE) VALUES (198,73,"INTEIRA",1);
INSERT INTO PIZZARIA.CONTEM (NUM_PEDIDO,COD_PIZZA,DESC_TAMANHO_PIZZA,QUANTIDADE) VALUES (15,44,"BROTO",3);
INSERT INTO PIZZARIA.CONTEM (NUM_PEDIDO,COD_PIZZA,DESC_TAMANHO_PIZZA,QUANTIDADE) VALUES (132,55,"BROTO",2);
INSERT INTO PIZZARIA.CONTEM (NUM_PEDIDO,COD_PIZZA,DESC_TAMANHO_PIZZA,QUANTIDADE) VALUES (111,72,"INTEIRA",2);
INSERT INTO PIZZARIA.CONTEM (NUM_PEDIDO,COD_PIZZA,DESC_TAMANHO_PIZZA,QUANTIDADE) VALUES (47,34,"INTEIRA",3);
INSERT INTO PIZZARIA.CONTEM (NUM_PEDIDO,COD_PIZZA,DESC_TAMANHO_PIZZA,QUANTIDADE) VALUES (150,14,"BROTO",1);
INSERT INTO PIZZARIA.CONTEM (NUM_PEDIDO,COD_PIZZA,DESC_TAMANHO_PIZZA,QUANTIDADE) VALUES (200,72,"INTEIRA",2);
INSERT INTO PIZZARIA.CONTEM (NUM_PEDIDO,COD_PIZZA,DESC_TAMANHO_PIZZA,QUANTIDADE) VALUES (300,78,"INTEIRA",1);
INSERT INTO PIZZARIA.CONTEM (NUM_PEDIDO,COD_PIZZA,DESC_TAMANHO_PIZZA,QUANTIDADE) VALUES (298,61,"INTEIRA",3);
INSERT INTO PIZZARIA.CONTEM (NUM_PEDIDO,COD_PIZZA,DESC_TAMANHO_PIZZA,QUANTIDADE) VALUES (152,11,"INTEIRA",3);
INSERT INTO PIZZARIA.CONTEM (NUM_PEDIDO,COD_PIZZA,DESC_TAMANHO_PIZZA,QUANTIDADE) VALUES (1,58,"BROTO",2);
INSERT INTO PIZZARIA.CONTEM (NUM_PEDIDO,COD_PIZZA,DESC_TAMANHO_PIZZA,QUANTIDADE) VALUES (270,80,"INTEIRA",1);
INSERT INTO PIZZARIA.CONTEM (NUM_PEDIDO,COD_PIZZA,DESC_TAMANHO_PIZZA,QUANTIDADE) VALUES (138,28,"BROTO",1);
INSERT INTO PIZZARIA.CONTEM (NUM_PEDIDO,COD_PIZZA,DESC_TAMANHO_PIZZA,QUANTIDADE) VALUES (247,29,"INTEIRA",3);
INSERT INTO PIZZARIA.CONTEM (NUM_PEDIDO,COD_PIZZA,DESC_TAMANHO_PIZZA,QUANTIDADE) VALUES (229,30,"INTEIRA",3);
INSERT INTO PIZZARIA.CONTEM (NUM_PEDIDO,COD_PIZZA,DESC_TAMANHO_PIZZA,QUANTIDADE) VALUES (68,20,"INTEIRA",3);
INSERT INTO PIZZARIA.CONTEM (NUM_PEDIDO,COD_PIZZA,DESC_TAMANHO_PIZZA,QUANTIDADE) VALUES (55,49,"INTEIRA",1);
INSERT INTO PIZZARIA.CONTEM (NUM_PEDIDO,COD_PIZZA,DESC_TAMANHO_PIZZA,QUANTIDADE) VALUES (195,39,"INTEIRA",3);
INSERT INTO PIZZARIA.CONTEM (NUM_PEDIDO,COD_PIZZA,DESC_TAMANHO_PIZZA,QUANTIDADE) VALUES (49,72,"INTEIRA",1);
INSERT INTO PIZZARIA.CONTEM (NUM_PEDIDO,COD_PIZZA,DESC_TAMANHO_PIZZA,QUANTIDADE) VALUES (242,29,"INTEIRA",3);
INSERT INTO PIZZARIA.CONTEM (NUM_PEDIDO,COD_PIZZA,DESC_TAMANHO_PIZZA,QUANTIDADE) VALUES (240,78,"INTEIRA",2);
INSERT INTO PIZZARIA.CONTEM (NUM_PEDIDO,COD_PIZZA,DESC_TAMANHO_PIZZA,QUANTIDADE) VALUES (53,71,"INTEIRA",2);
INSERT INTO PIZZARIA.CONTEM (NUM_PEDIDO,COD_PIZZA,DESC_TAMANHO_PIZZA,QUANTIDADE) VALUES (192,79,"INTEIRA",3);
INSERT INTO PIZZARIA.CONTEM (NUM_PEDIDO,COD_PIZZA,DESC_TAMANHO_PIZZA,QUANTIDADE) VALUES (32,33,"INTEIRA",1);
INSERT INTO PIZZARIA.CONTEM (NUM_PEDIDO,COD_PIZZA,DESC_TAMANHO_PIZZA,QUANTIDADE) VALUES (229,69,"INTEIRA",2);
INSERT INTO PIZZARIA.CONTEM (NUM_PEDIDO,COD_PIZZA,DESC_TAMANHO_PIZZA,QUANTIDADE) VALUES (216,68,"BROTO",1);
INSERT INTO PIZZARIA.CONTEM (NUM_PEDIDO,COD_PIZZA,DESC_TAMANHO_PIZZA,QUANTIDADE) VALUES (194,20,"INTEIRA",1);
INSERT INTO PIZZARIA.CONTEM (NUM_PEDIDO,COD_PIZZA,DESC_TAMANHO_PIZZA,QUANTIDADE) VALUES (242,75,"INTEIRA",3);
INSERT INTO PIZZARIA.CONTEM (NUM_PEDIDO,COD_PIZZA,DESC_TAMANHO_PIZZA,QUANTIDADE) VALUES (93,54,"INTEIRA",1);
INSERT INTO PIZZARIA.CONTEM (NUM_PEDIDO,COD_PIZZA,DESC_TAMANHO_PIZZA,QUANTIDADE) VALUES (62,34,"INTEIRA",3);
INSERT INTO PIZZARIA.CONTEM (NUM_PEDIDO,COD_PIZZA,DESC_TAMANHO_PIZZA,QUANTIDADE) VALUES (260,49,"INTEIRA",2);
INSERT INTO PIZZARIA.CONTEM (NUM_PEDIDO,COD_PIZZA,DESC_TAMANHO_PIZZA,QUANTIDADE) VALUES (293,73,"BROTO",1);
INSERT INTO PIZZARIA.CONTEM (NUM_PEDIDO,COD_PIZZA,DESC_TAMANHO_PIZZA,QUANTIDADE) VALUES (3,24,"BROTO",2);
INSERT INTO PIZZARIA.CONTEM (NUM_PEDIDO,COD_PIZZA,DESC_TAMANHO_PIZZA,QUANTIDADE) VALUES (127,87,"BROTO",2);
INSERT INTO PIZZARIA.CONTEM (NUM_PEDIDO,COD_PIZZA,DESC_TAMANHO_PIZZA,QUANTIDADE) VALUES (261,7,"BROTO",3);
INSERT INTO PIZZARIA.CONTEM (NUM_PEDIDO,COD_PIZZA,DESC_TAMANHO_PIZZA,QUANTIDADE) VALUES (216,7,"INTEIRA",2);
INSERT INTO PIZZARIA.CONTEM (NUM_PEDIDO,COD_PIZZA,DESC_TAMANHO_PIZZA,QUANTIDADE) VALUES (260,57,"BROTO",3);
INSERT INTO PIZZARIA.CONTEM (NUM_PEDIDO,COD_PIZZA,DESC_TAMANHO_PIZZA,QUANTIDADE) VALUES (131,48,"INTEIRA",1);
INSERT INTO PIZZARIA.CONTEM (NUM_PEDIDO,COD_PIZZA,DESC_TAMANHO_PIZZA,QUANTIDADE) VALUES (45,46,"INTEIRA",3);
INSERT INTO PIZZARIA.CONTEM (NUM_PEDIDO,COD_PIZZA,DESC_TAMANHO_PIZZA,QUANTIDADE) VALUES (217,70,"BROTO",3);
INSERT INTO PIZZARIA.CONTEM (NUM_PEDIDO,COD_PIZZA,DESC_TAMANHO_PIZZA,QUANTIDADE) VALUES (159,10,"BROTO",3);
INSERT INTO PIZZARIA.CONTEM (NUM_PEDIDO,COD_PIZZA,DESC_TAMANHO_PIZZA,QUANTIDADE) VALUES (105,33,"INTEIRA",1);
INSERT INTO PIZZARIA.CONTEM (NUM_PEDIDO,COD_PIZZA,DESC_TAMANHO_PIZZA,QUANTIDADE) VALUES (35,16,"INTEIRA",1);
INSERT INTO PIZZARIA.CONTEM (NUM_PEDIDO,COD_PIZZA,DESC_TAMANHO_PIZZA,QUANTIDADE) VALUES (52,35,"BROTO",1);
INSERT INTO PIZZARIA.CONTEM (NUM_PEDIDO,COD_PIZZA,DESC_TAMANHO_PIZZA,QUANTIDADE) VALUES (263,77,"INTEIRA",2);
INSERT INTO PIZZARIA.CONTEM (NUM_PEDIDO,COD_PIZZA,DESC_TAMANHO_PIZZA,QUANTIDADE) VALUES (25,36,"INTEIRA",3);
INSERT INTO PIZZARIA.CONTEM (NUM_PEDIDO,COD_PIZZA,DESC_TAMANHO_PIZZA,QUANTIDADE) VALUES (170,61,"BROTO",1);
INSERT INTO PIZZARIA.CONTEM (NUM_PEDIDO,COD_PIZZA,DESC_TAMANHO_PIZZA,QUANTIDADE) VALUES (20,34,"INTEIRA",1);
INSERT INTO PIZZARIA.CONTEM (NUM_PEDIDO,COD_PIZZA,DESC_TAMANHO_PIZZA,QUANTIDADE) VALUES (173,80,"BROTO",2);
INSERT INTO PIZZARIA.CONTEM (NUM_PEDIDO,COD_PIZZA,DESC_TAMANHO_PIZZA,QUANTIDADE) VALUES (205,72,"INTEIRA",2);
INSERT INTO PIZZARIA.CONTEM (NUM_PEDIDO,COD_PIZZA,DESC_TAMANHO_PIZZA,QUANTIDADE) VALUES (120,5,"INTEIRA",3);
INSERT INTO PIZZARIA.CONTEM (NUM_PEDIDO,COD_PIZZA,DESC_TAMANHO_PIZZA,QUANTIDADE) VALUES (32,45,"INTEIRA",3);
INSERT INTO PIZZARIA.CONTEM (NUM_PEDIDO,COD_PIZZA,DESC_TAMANHO_PIZZA,QUANTIDADE) VALUES (287,30,"BROTO",1);
INSERT INTO PIZZARIA.CONTEM (NUM_PEDIDO,COD_PIZZA,DESC_TAMANHO_PIZZA,QUANTIDADE) VALUES (224,6,"BROTO",1);
INSERT INTO PIZZARIA.CONTEM (NUM_PEDIDO,COD_PIZZA,DESC_TAMANHO_PIZZA,QUANTIDADE) VALUES (95,66,"BROTO",1);
INSERT INTO PIZZARIA.CONTEM (NUM_PEDIDO,COD_PIZZA,DESC_TAMANHO_PIZZA,QUANTIDADE) VALUES (298,30,"INTEIRA",3);
INSERT INTO PIZZARIA.CONTEM (NUM_PEDIDO,COD_PIZZA,DESC_TAMANHO_PIZZA,QUANTIDADE) VALUES (194,73,"BROTO",3);
INSERT INTO PIZZARIA.CONTEM (NUM_PEDIDO,COD_PIZZA,DESC_TAMANHO_PIZZA,QUANTIDADE) VALUES (77,69,"INTEIRA",2);
INSERT INTO PIZZARIA.CONTEM (NUM_PEDIDO,COD_PIZZA,DESC_TAMANHO_PIZZA,QUANTIDADE) VALUES (256,42,"INTEIRA",2);
INSERT INTO PIZZARIA.CONTEM (NUM_PEDIDO,COD_PIZZA,DESC_TAMANHO_PIZZA,QUANTIDADE) VALUES (129,6,"BROTO",3);
INSERT INTO PIZZARIA.CONTEM (NUM_PEDIDO,COD_PIZZA,DESC_TAMANHO_PIZZA,QUANTIDADE) VALUES (158,40,"INTEIRA",1);
INSERT INTO PIZZARIA.CONTEM (NUM_PEDIDO,COD_PIZZA,DESC_TAMANHO_PIZZA,QUANTIDADE) VALUES (237,31,"INTEIRA",3);
INSERT INTO PIZZARIA.CONTEM (NUM_PEDIDO,COD_PIZZA,DESC_TAMANHO_PIZZA,QUANTIDADE) VALUES (82,63,"INTEIRA",3);
INSERT INTO PIZZARIA.CONTEM (NUM_PEDIDO,COD_PIZZA,DESC_TAMANHO_PIZZA,QUANTIDADE) VALUES (240,55,"BROTO",2);
INSERT INTO PIZZARIA.CONTEM (NUM_PEDIDO,COD_PIZZA,DESC_TAMANHO_PIZZA,QUANTIDADE) VALUES (171,83,"INTEIRA",1);
INSERT INTO PIZZARIA.CONTEM (NUM_PEDIDO,COD_PIZZA,DESC_TAMANHO_PIZZA,QUANTIDADE) VALUES (60,18,"INTEIRA",1);
INSERT INTO PIZZARIA.CONTEM (NUM_PEDIDO,COD_PIZZA,DESC_TAMANHO_PIZZA,QUANTIDADE) VALUES (298,84,"INTEIRA",3);
INSERT INTO PIZZARIA.CONTEM (NUM_PEDIDO,COD_PIZZA,DESC_TAMANHO_PIZZA,QUANTIDADE) VALUES (228,42,"BROTO",1);
INSERT INTO PIZZARIA.CONTEM (NUM_PEDIDO,COD_PIZZA,DESC_TAMANHO_PIZZA,QUANTIDADE) VALUES (99,38,"INTEIRA",2);
INSERT INTO PIZZARIA.CONTEM (NUM_PEDIDO,COD_PIZZA,DESC_TAMANHO_PIZZA,QUANTIDADE) VALUES (68,29,"BROTO",1);
INSERT INTO PIZZARIA.CONTEM (NUM_PEDIDO,COD_PIZZA,DESC_TAMANHO_PIZZA,QUANTIDADE) VALUES (236,70,"INTEIRA",3);
INSERT INTO PIZZARIA.CONTEM (NUM_PEDIDO,COD_PIZZA,DESC_TAMANHO_PIZZA,QUANTIDADE) VALUES (52,91,"INTEIRA",1);
INSERT INTO PIZZARIA.CONTEM (NUM_PEDIDO,COD_PIZZA,DESC_TAMANHO_PIZZA,QUANTIDADE) VALUES (60,58,"BROTO",1);
INSERT INTO PIZZARIA.CONTEM (NUM_PEDIDO,COD_PIZZA,DESC_TAMANHO_PIZZA,QUANTIDADE) VALUES (287,55,"BROTO",3);
INSERT INTO PIZZARIA.CONTEM (NUM_PEDIDO,COD_PIZZA,DESC_TAMANHO_PIZZA,QUANTIDADE) VALUES (147,28,"BROTO",3);
INSERT INTO PIZZARIA.CONTEM (NUM_PEDIDO,COD_PIZZA,DESC_TAMANHO_PIZZA,QUANTIDADE) VALUES (163,3,"INTEIRA",1);
INSERT INTO PIZZARIA.CONTEM (NUM_PEDIDO,COD_PIZZA,DESC_TAMANHO_PIZZA,QUANTIDADE) VALUES (195,79,"BROTO",1);
INSERT INTO PIZZARIA.CONTEM (NUM_PEDIDO,COD_PIZZA,DESC_TAMANHO_PIZZA,QUANTIDADE) VALUES (131,37,"INTEIRA",3);
INSERT INTO PIZZARIA.CONTEM (NUM_PEDIDO,COD_PIZZA,DESC_TAMANHO_PIZZA,QUANTIDADE) VALUES (64,76,"BROTO",1);
INSERT INTO PIZZARIA.CONTEM (NUM_PEDIDO,COD_PIZZA,DESC_TAMANHO_PIZZA,QUANTIDADE) VALUES (295,81,"BROTO",1);
INSERT INTO PIZZARIA.CONTEM (NUM_PEDIDO,COD_PIZZA,DESC_TAMANHO_PIZZA,QUANTIDADE) VALUES (58,90,"INTEIRA",1);
INSERT INTO PIZZARIA.CONTEM (NUM_PEDIDO,COD_PIZZA,DESC_TAMANHO_PIZZA,QUANTIDADE) VALUES (57,60,"INTEIRA",1);
INSERT INTO PIZZARIA.CONTEM (NUM_PEDIDO,COD_PIZZA,DESC_TAMANHO_PIZZA,QUANTIDADE) VALUES (221,71,"INTEIRA",2);
INSERT INTO PIZZARIA.CONTEM (NUM_PEDIDO,COD_PIZZA,DESC_TAMANHO_PIZZA,QUANTIDADE) VALUES (153,57,"BROTO",2);
INSERT INTO PIZZARIA.CONTEM (NUM_PEDIDO,COD_PIZZA,DESC_TAMANHO_PIZZA,QUANTIDADE) VALUES (218,29,"BROTO",3);
INSERT INTO PIZZARIA.CONTEM (NUM_PEDIDO,COD_PIZZA,DESC_TAMANHO_PIZZA,QUANTIDADE) VALUES (52,78,"INTEIRA",1);
INSERT INTO PIZZARIA.CONTEM (NUM_PEDIDO,COD_PIZZA,DESC_TAMANHO_PIZZA,QUANTIDADE) VALUES (33,60,"BROTO",3);
INSERT INTO PIZZARIA.CONTEM (NUM_PEDIDO,COD_PIZZA,DESC_TAMANHO_PIZZA,QUANTIDADE) VALUES (6,75,"INTEIRA",3);
INSERT INTO PIZZARIA.CONTEM (NUM_PEDIDO,COD_PIZZA,DESC_TAMANHO_PIZZA,QUANTIDADE) VALUES (96,73,"BROTO",2);
INSERT INTO PIZZARIA.CONTEM (NUM_PEDIDO,COD_PIZZA,DESC_TAMANHO_PIZZA,QUANTIDADE) VALUES (71,53,"BROTO",3);
INSERT INTO PIZZARIA.CONTEM (NUM_PEDIDO,COD_PIZZA,DESC_TAMANHO_PIZZA,QUANTIDADE) VALUES (302,73,"BROTO",2);
INSERT INTO PIZZARIA.CONTEM (NUM_PEDIDO,COD_PIZZA,DESC_TAMANHO_PIZZA,QUANTIDADE) VALUES (285,67,"INTEIRA",3);
INSERT INTO PIZZARIA.CONTEM (NUM_PEDIDO,COD_PIZZA,DESC_TAMANHO_PIZZA,QUANTIDADE) VALUES (246,48,"INTEIRA",1);
INSERT INTO PIZZARIA.CONTEM (NUM_PEDIDO,COD_PIZZA,DESC_TAMANHO_PIZZA,QUANTIDADE) VALUES (233,23,"BROTO",3);
INSERT INTO PIZZARIA.CONTEM (NUM_PEDIDO,COD_PIZZA,DESC_TAMANHO_PIZZA,QUANTIDADE) VALUES (219,86,"BROTO",2);
INSERT INTO PIZZARIA.CONTEM (NUM_PEDIDO,COD_PIZZA,DESC_TAMANHO_PIZZA,QUANTIDADE) VALUES (72,67,"BROTO",1);
INSERT INTO PIZZARIA.CONTEM (NUM_PEDIDO,COD_PIZZA,DESC_TAMANHO_PIZZA,QUANTIDADE) VALUES (227,1,"INTEIRA",2);
INSERT INTO PIZZARIA.CONTEM (NUM_PEDIDO,COD_PIZZA,DESC_TAMANHO_PIZZA,QUANTIDADE) VALUES (65,70,"INTEIRA",2);
INSERT INTO PIZZARIA.CONTEM (NUM_PEDIDO,COD_PIZZA,DESC_TAMANHO_PIZZA,QUANTIDADE) VALUES (26,12,"INTEIRA",3);
INSERT INTO PIZZARIA.CONTEM (NUM_PEDIDO,COD_PIZZA,DESC_TAMANHO_PIZZA,QUANTIDADE) VALUES (135,28,"INTEIRA",1);
INSERT INTO PIZZARIA.CONTEM (NUM_PEDIDO,COD_PIZZA,DESC_TAMANHO_PIZZA,QUANTIDADE) VALUES (223,39,"INTEIRA",1);
INSERT INTO PIZZARIA.CONTEM (NUM_PEDIDO,COD_PIZZA,DESC_TAMANHO_PIZZA,QUANTIDADE) VALUES (249,10,"INTEIRA",2);
INSERT INTO PIZZARIA.CONTEM (NUM_PEDIDO,COD_PIZZA,DESC_TAMANHO_PIZZA,QUANTIDADE) VALUES (170,1,"BROTO",2);
INSERT INTO PIZZARIA.CONTEM (NUM_PEDIDO,COD_PIZZA,DESC_TAMANHO_PIZZA,QUANTIDADE) VALUES (209,34,"BROTO",2);
INSERT INTO PIZZARIA.CONTEM (NUM_PEDIDO,COD_PIZZA,DESC_TAMANHO_PIZZA,QUANTIDADE) VALUES (156,39,"INTEIRA",2);
INSERT INTO PIZZARIA.CONTEM (NUM_PEDIDO,COD_PIZZA,DESC_TAMANHO_PIZZA,QUANTIDADE) VALUES (64,92,"BROTO",1);
INSERT INTO PIZZARIA.CONTEM (NUM_PEDIDO,COD_PIZZA,DESC_TAMANHO_PIZZA,QUANTIDADE) VALUES (27,39,"BROTO",1);
INSERT INTO PIZZARIA.CONTEM (NUM_PEDIDO,COD_PIZZA,DESC_TAMANHO_PIZZA,QUANTIDADE) VALUES (32,84,"BROTO",3);
INSERT INTO PIZZARIA.CONTEM (NUM_PEDIDO,COD_PIZZA,DESC_TAMANHO_PIZZA,QUANTIDADE) VALUES (36,43,"BROTO",1);
INSERT INTO PIZZARIA.CONTEM (NUM_PEDIDO,COD_PIZZA,DESC_TAMANHO_PIZZA,QUANTIDADE) VALUES (64,54,"BROTO",1);
INSERT INTO PIZZARIA.CONTEM (NUM_PEDIDO,COD_PIZZA,DESC_TAMANHO_PIZZA,QUANTIDADE) VALUES (70,59,"BROTO",3);
INSERT INTO PIZZARIA.CONTEM (NUM_PEDIDO,COD_PIZZA,DESC_TAMANHO_PIZZA,QUANTIDADE) VALUES (229,9,"INTEIRA",2);
INSERT INTO PIZZARIA.CONTEM (NUM_PEDIDO,COD_PIZZA,DESC_TAMANHO_PIZZA,QUANTIDADE) VALUES (26,32,"BROTO",2);
INSERT INTO PIZZARIA.CONTEM (NUM_PEDIDO,COD_PIZZA,DESC_TAMANHO_PIZZA,QUANTIDADE) VALUES (215,48,"INTEIRA",2);
INSERT INTO PIZZARIA.CONTEM (NUM_PEDIDO,COD_PIZZA,DESC_TAMANHO_PIZZA,QUANTIDADE) VALUES (204,49,"BROTO",3);
INSERT INTO PIZZARIA.CONTEM (NUM_PEDIDO,COD_PIZZA,DESC_TAMANHO_PIZZA,QUANTIDADE) VALUES (211,66,"INTEIRA",3);
INSERT INTO PIZZARIA.CONTEM (NUM_PEDIDO,COD_PIZZA,DESC_TAMANHO_PIZZA,QUANTIDADE) VALUES (241,2,"BROTO",3);
INSERT INTO PIZZARIA.CONTEM (NUM_PEDIDO,COD_PIZZA,DESC_TAMANHO_PIZZA,QUANTIDADE) VALUES (54,45,"BROTO",2);
INSERT INTO PIZZARIA.CONTEM (NUM_PEDIDO,COD_PIZZA,DESC_TAMANHO_PIZZA,QUANTIDADE) VALUES (36,65,"INTEIRA",1);
INSERT INTO PIZZARIA.CONTEM (NUM_PEDIDO,COD_PIZZA,DESC_TAMANHO_PIZZA,QUANTIDADE) VALUES (144,31,"BROTO",2);
INSERT INTO PIZZARIA.CONTEM (NUM_PEDIDO,COD_PIZZA,DESC_TAMANHO_PIZZA,QUANTIDADE) VALUES (250,56,"INTEIRA",3);
INSERT INTO PIZZARIA.CONTEM (NUM_PEDIDO,COD_PIZZA,DESC_TAMANHO_PIZZA,QUANTIDADE) VALUES (46,8,"INTEIRA",3);
INSERT INTO PIZZARIA.CONTEM (NUM_PEDIDO,COD_PIZZA,DESC_TAMANHO_PIZZA,QUANTIDADE) VALUES (48,62,"INTEIRA",1);
INSERT INTO PIZZARIA.CONTEM (NUM_PEDIDO,COD_PIZZA,DESC_TAMANHO_PIZZA,QUANTIDADE) VALUES (29,9,"BROTO",3);
INSERT INTO PIZZARIA.CONTEM (NUM_PEDIDO,COD_PIZZA,DESC_TAMANHO_PIZZA,QUANTIDADE) VALUES (38,65,"INTEIRA",1);
INSERT INTO PIZZARIA.CONTEM (NUM_PEDIDO,COD_PIZZA,DESC_TAMANHO_PIZZA,QUANTIDADE) VALUES (188,59,"BROTO",2);
INSERT INTO PIZZARIA.CONTEM (NUM_PEDIDO,COD_PIZZA,DESC_TAMANHO_PIZZA,QUANTIDADE) VALUES (293,83,"INTEIRA",2);
INSERT INTO PIZZARIA.CONTEM (NUM_PEDIDO,COD_PIZZA,DESC_TAMANHO_PIZZA,QUANTIDADE) VALUES (28,20,"BROTO",3);
INSERT INTO PIZZARIA.CONTEM (NUM_PEDIDO,COD_PIZZA,DESC_TAMANHO_PIZZA,QUANTIDADE) VALUES (255,7,"INTEIRA",2);
INSERT INTO PIZZARIA.CONTEM (NUM_PEDIDO,COD_PIZZA,DESC_TAMANHO_PIZZA,QUANTIDADE) VALUES (140,55,"BROTO",1);
INSERT INTO PIZZARIA.CONTEM (NUM_PEDIDO,COD_PIZZA,DESC_TAMANHO_PIZZA,QUANTIDADE) VALUES (19,91,"INTEIRA",1);
INSERT INTO PIZZARIA.CONTEM (NUM_PEDIDO,COD_PIZZA,DESC_TAMANHO_PIZZA,QUANTIDADE) VALUES (281,36,"INTEIRA",1);
INSERT INTO PIZZARIA.CONTEM (NUM_PEDIDO,COD_PIZZA,DESC_TAMANHO_PIZZA,QUANTIDADE) VALUES (243,71,"INTEIRA",1);
INSERT INTO PIZZARIA.CONTEM (NUM_PEDIDO,COD_PIZZA,DESC_TAMANHO_PIZZA,QUANTIDADE) VALUES (300,18,"BROTO",3);
INSERT INTO PIZZARIA.CONTEM (NUM_PEDIDO,COD_PIZZA,DESC_TAMANHO_PIZZA,QUANTIDADE) VALUES (65,13,"INTEIRA",1);
INSERT INTO PIZZARIA.CONTEM (NUM_PEDIDO,COD_PIZZA,DESC_TAMANHO_PIZZA,QUANTIDADE) VALUES (220,26,"INTEIRA",2);
INSERT INTO PIZZARIA.CONTEM (NUM_PEDIDO,COD_PIZZA,DESC_TAMANHO_PIZZA,QUANTIDADE) VALUES (247,63,"BROTO",1);
INSERT INTO PIZZARIA.CONTEM (NUM_PEDIDO,COD_PIZZA,DESC_TAMANHO_PIZZA,QUANTIDADE) VALUES (181,59,"BROTO",2);
INSERT INTO PIZZARIA.CONTEM (NUM_PEDIDO,COD_PIZZA,DESC_TAMANHO_PIZZA,QUANTIDADE) VALUES (267,19,"INTEIRA",1);
INSERT INTO PIZZARIA.CONTEM (NUM_PEDIDO,COD_PIZZA,DESC_TAMANHO_PIZZA,QUANTIDADE) VALUES (148,1,"BROTO",3);
INSERT INTO PIZZARIA.CONTEM (NUM_PEDIDO,COD_PIZZA,DESC_TAMANHO_PIZZA,QUANTIDADE) VALUES (51,82,"BROTO",2);
INSERT INTO PIZZARIA.CONTEM (NUM_PEDIDO,COD_PIZZA,DESC_TAMANHO_PIZZA,QUANTIDADE) VALUES (57,1,"INTEIRA",3);
INSERT INTO PIZZARIA.CONTEM (NUM_PEDIDO,COD_PIZZA,DESC_TAMANHO_PIZZA,QUANTIDADE) VALUES (177,65,"INTEIRA",3);
INSERT INTO PIZZARIA.CONTEM (NUM_PEDIDO,COD_PIZZA,DESC_TAMANHO_PIZZA,QUANTIDADE) VALUES (113,89,"BROTO",2);
INSERT INTO PIZZARIA.CONTEM (NUM_PEDIDO,COD_PIZZA,DESC_TAMANHO_PIZZA,QUANTIDADE) VALUES (153,14,"INTEIRA",2);
INSERT INTO PIZZARIA.CONTEM (NUM_PEDIDO,COD_PIZZA,DESC_TAMANHO_PIZZA,QUANTIDADE) VALUES (110,82,"BROTO",1);
INSERT INTO PIZZARIA.CONTEM (NUM_PEDIDO,COD_PIZZA,DESC_TAMANHO_PIZZA,QUANTIDADE) VALUES (18,90,"BROTO",1);
INSERT INTO PIZZARIA.CONTEM (NUM_PEDIDO,COD_PIZZA,DESC_TAMANHO_PIZZA,QUANTIDADE) VALUES (95,56,"INTEIRA",1);
INSERT INTO PIZZARIA.CONTEM (NUM_PEDIDO,COD_PIZZA,DESC_TAMANHO_PIZZA,QUANTIDADE) VALUES (71,83,"BROTO",4);
INSERT INTO PIZZARIA.CONTEM (NUM_PEDIDO,COD_PIZZA,DESC_TAMANHO_PIZZA,QUANTIDADE) VALUES (448,64,"INTEIRA",4);
INSERT INTO PIZZARIA.CONTEM (NUM_PEDIDO,COD_PIZZA,DESC_TAMANHO_PIZZA,QUANTIDADE) VALUES (237,87,"BROTO",1);
INSERT INTO PIZZARIA.CONTEM (NUM_PEDIDO,COD_PIZZA,DESC_TAMANHO_PIZZA,QUANTIDADE) VALUES (434,66,"INTEIRA",1);
INSERT INTO PIZZARIA.CONTEM (NUM_PEDIDO,COD_PIZZA,DESC_TAMANHO_PIZZA,QUANTIDADE) VALUES (15,19,"BROTO",1);
INSERT INTO PIZZARIA.CONTEM (NUM_PEDIDO,COD_PIZZA,DESC_TAMANHO_PIZZA,QUANTIDADE) VALUES (274,20,"BROTO",1);
INSERT INTO PIZZARIA.CONTEM (NUM_PEDIDO,COD_PIZZA,DESC_TAMANHO_PIZZA,QUANTIDADE) VALUES (188,66,"BROTO",3);
INSERT INTO PIZZARIA.CONTEM (NUM_PEDIDO,COD_PIZZA,DESC_TAMANHO_PIZZA,QUANTIDADE) VALUES (209,29,"INTEIRA",2);
INSERT INTO PIZZARIA.CONTEM (NUM_PEDIDO,COD_PIZZA,DESC_TAMANHO_PIZZA,QUANTIDADE) VALUES (129,82,"BROTO",1);
INSERT INTO PIZZARIA.CONTEM (NUM_PEDIDO,COD_PIZZA,DESC_TAMANHO_PIZZA,QUANTIDADE) VALUES (123,85,"INTEIRA",2);
INSERT INTO PIZZARIA.CONTEM (NUM_PEDIDO,COD_PIZZA,DESC_TAMANHO_PIZZA,QUANTIDADE) VALUES (203,79,"BROTO",5);
INSERT INTO PIZZARIA.CONTEM (NUM_PEDIDO,COD_PIZZA,DESC_TAMANHO_PIZZA,QUANTIDADE) VALUES (118,50,"INTEIRA",3);
INSERT INTO PIZZARIA.CONTEM (NUM_PEDIDO,COD_PIZZA,DESC_TAMANHO_PIZZA,QUANTIDADE) VALUES (211,24,"BROTO",2);
INSERT INTO PIZZARIA.CONTEM (NUM_PEDIDO,COD_PIZZA,DESC_TAMANHO_PIZZA,QUANTIDADE) VALUES (378,37,"INTEIRA",3);
INSERT INTO PIZZARIA.CONTEM (NUM_PEDIDO,COD_PIZZA,DESC_TAMANHO_PIZZA,QUANTIDADE) VALUES (449,86,"INTEIRA",1);
INSERT INTO PIZZARIA.CONTEM (NUM_PEDIDO,COD_PIZZA,DESC_TAMANHO_PIZZA,QUANTIDADE) VALUES (220,56,"BROTO",3);
INSERT INTO PIZZARIA.CONTEM (NUM_PEDIDO,COD_PIZZA,DESC_TAMANHO_PIZZA,QUANTIDADE) VALUES (297,7,"BROTO",1);
INSERT INTO PIZZARIA.CONTEM (NUM_PEDIDO,COD_PIZZA,DESC_TAMANHO_PIZZA,QUANTIDADE) VALUES (143,82,"BROTO",3);
INSERT INTO PIZZARIA.CONTEM (NUM_PEDIDO,COD_PIZZA,DESC_TAMANHO_PIZZA,QUANTIDADE) VALUES (67,49,"BROTO",3);
INSERT INTO PIZZARIA.CONTEM (NUM_PEDIDO,COD_PIZZA,DESC_TAMANHO_PIZZA,QUANTIDADE) VALUES (139,41,"BROTO",3);
INSERT INTO PIZZARIA.CONTEM (NUM_PEDIDO,COD_PIZZA,DESC_TAMANHO_PIZZA,QUANTIDADE) VALUES (412,80,"INTEIRA",3);
INSERT INTO PIZZARIA.CONTEM (NUM_PEDIDO,COD_PIZZA,DESC_TAMANHO_PIZZA,QUANTIDADE) VALUES (243,18,"INTEIRA",5);
INSERT INTO PIZZARIA.CONTEM (NUM_PEDIDO,COD_PIZZA,DESC_TAMANHO_PIZZA,QUANTIDADE) VALUES (356,90,"INTEIRA",4);
INSERT INTO PIZZARIA.CONTEM (NUM_PEDIDO,COD_PIZZA,DESC_TAMANHO_PIZZA,QUANTIDADE) VALUES (114,21,"BROTO",3);
INSERT INTO PIZZARIA.CONTEM (NUM_PEDIDO,COD_PIZZA,DESC_TAMANHO_PIZZA,QUANTIDADE) VALUES (123,52,"BROTO",1);
INSERT INTO PIZZARIA.CONTEM (NUM_PEDIDO,COD_PIZZA,DESC_TAMANHO_PIZZA,QUANTIDADE) VALUES (110,34,"INTEIRA",4);
INSERT INTO PIZZARIA.CONTEM (NUM_PEDIDO,COD_PIZZA,DESC_TAMANHO_PIZZA,QUANTIDADE) VALUES (196,73,"BROTO",5);
INSERT INTO PIZZARIA.CONTEM (NUM_PEDIDO,COD_PIZZA,DESC_TAMANHO_PIZZA,QUANTIDADE) VALUES (183,1,"BROTO",2);
INSERT INTO PIZZARIA.CONTEM (NUM_PEDIDO,COD_PIZZA,DESC_TAMANHO_PIZZA,QUANTIDADE) VALUES (184,60,"BROTO",2);
INSERT INTO PIZZARIA.CONTEM (NUM_PEDIDO,COD_PIZZA,DESC_TAMANHO_PIZZA,QUANTIDADE) VALUES (429,57,"INTEIRA",4);
INSERT INTO PIZZARIA.CONTEM (NUM_PEDIDO,COD_PIZZA,DESC_TAMANHO_PIZZA,QUANTIDADE) VALUES (182,1,"BROTO",3);
INSERT INTO PIZZARIA.CONTEM (NUM_PEDIDO,COD_PIZZA,DESC_TAMANHO_PIZZA,QUANTIDADE) VALUES (42,41,"INTEIRA",4);
INSERT INTO PIZZARIA.CONTEM (NUM_PEDIDO,COD_PIZZA,DESC_TAMANHO_PIZZA,QUANTIDADE) VALUES (455,60,"BROTO",1);
INSERT INTO PIZZARIA.CONTEM (NUM_PEDIDO,COD_PIZZA,DESC_TAMANHO_PIZZA,QUANTIDADE) VALUES (348,24,"BROTO",3);
INSERT INTO PIZZARIA.CONTEM (NUM_PEDIDO,COD_PIZZA,DESC_TAMANHO_PIZZA,QUANTIDADE) VALUES (87,49,"INTEIRA",2);
INSERT INTO PIZZARIA.CONTEM (NUM_PEDIDO,COD_PIZZA,DESC_TAMANHO_PIZZA,QUANTIDADE) VALUES (268,80,"BROTO",4);
INSERT INTO PIZZARIA.CONTEM (NUM_PEDIDO,COD_PIZZA,DESC_TAMANHO_PIZZA,QUANTIDADE) VALUES (119,92,"BROTO",1);
INSERT INTO PIZZARIA.CONTEM (NUM_PEDIDO,COD_PIZZA,DESC_TAMANHO_PIZZA,QUANTIDADE) VALUES (441,35,"INTEIRA",3);
INSERT INTO PIZZARIA.CONTEM (NUM_PEDIDO,COD_PIZZA,DESC_TAMANHO_PIZZA,QUANTIDADE) VALUES (441,8,"INTEIRA",1);
INSERT INTO PIZZARIA.CONTEM (NUM_PEDIDO,COD_PIZZA,DESC_TAMANHO_PIZZA,QUANTIDADE) VALUES (58,7,"INTEIRA",1);
INSERT INTO PIZZARIA.CONTEM (NUM_PEDIDO,COD_PIZZA,DESC_TAMANHO_PIZZA,QUANTIDADE) VALUES (495,36,"INTEIRA",2);
INSERT INTO PIZZARIA.CONTEM (NUM_PEDIDO,COD_PIZZA,DESC_TAMANHO_PIZZA,QUANTIDADE) VALUES (60,4,"INTEIRA",2);
INSERT INTO PIZZARIA.CONTEM (NUM_PEDIDO,COD_PIZZA,DESC_TAMANHO_PIZZA,QUANTIDADE) VALUES (151,31,"BROTO",3);
INSERT INTO PIZZARIA.CONTEM (NUM_PEDIDO,COD_PIZZA,DESC_TAMANHO_PIZZA,QUANTIDADE) VALUES (77,64,"INTEIRA",3);
INSERT INTO PIZZARIA.CONTEM (NUM_PEDIDO,COD_PIZZA,DESC_TAMANHO_PIZZA,QUANTIDADE) VALUES (14,78,"BROTO",4);
INSERT INTO PIZZARIA.CONTEM (NUM_PEDIDO,COD_PIZZA,DESC_TAMANHO_PIZZA,QUANTIDADE) VALUES (22,20,"BROTO",3);
INSERT INTO PIZZARIA.CONTEM (NUM_PEDIDO,COD_PIZZA,DESC_TAMANHO_PIZZA,QUANTIDADE) VALUES (429,55,"INTEIRA",5);
INSERT INTO PIZZARIA.CONTEM (NUM_PEDIDO,COD_PIZZA,DESC_TAMANHO_PIZZA,QUANTIDADE) VALUES (131,45,"INTEIRA",4);
INSERT INTO PIZZARIA.CONTEM (NUM_PEDIDO,COD_PIZZA,DESC_TAMANHO_PIZZA,QUANTIDADE) VALUES (366,83,"INTEIRA",5);
INSERT INTO PIZZARIA.CONTEM (NUM_PEDIDO,COD_PIZZA,DESC_TAMANHO_PIZZA,QUANTIDADE) VALUES (117,90,"BROTO",2);
INSERT INTO PIZZARIA.CONTEM (NUM_PEDIDO,COD_PIZZA,DESC_TAMANHO_PIZZA,QUANTIDADE) VALUES (426,50,"INTEIRA",5);
INSERT INTO PIZZARIA.CONTEM (NUM_PEDIDO,COD_PIZZA,DESC_TAMANHO_PIZZA,QUANTIDADE) VALUES (218,55,"INTEIRA",1);
INSERT INTO PIZZARIA.CONTEM (NUM_PEDIDO,COD_PIZZA,DESC_TAMANHO_PIZZA,QUANTIDADE) VALUES (477,76,"INTEIRA",4);
INSERT INTO PIZZARIA.CONTEM (NUM_PEDIDO,COD_PIZZA,DESC_TAMANHO_PIZZA,QUANTIDADE) VALUES (497,37,"INTEIRA",4);
INSERT INTO PIZZARIA.CONTEM (NUM_PEDIDO,COD_PIZZA,DESC_TAMANHO_PIZZA,QUANTIDADE) VALUES (457,68,"INTEIRA",5);
INSERT INTO PIZZARIA.CONTEM (NUM_PEDIDO,COD_PIZZA,DESC_TAMANHO_PIZZA,QUANTIDADE) VALUES (56,39,"BROTO",2);
INSERT INTO PIZZARIA.CONTEM (NUM_PEDIDO,COD_PIZZA,DESC_TAMANHO_PIZZA,QUANTIDADE) VALUES (380,54,"BROTO",2);
INSERT INTO PIZZARIA.CONTEM (NUM_PEDIDO,COD_PIZZA,DESC_TAMANHO_PIZZA,QUANTIDADE) VALUES (363,68,"BROTO",2);
INSERT INTO PIZZARIA.CONTEM (NUM_PEDIDO,COD_PIZZA,DESC_TAMANHO_PIZZA,QUANTIDADE) VALUES (375,14,"INTEIRA",2);
INSERT INTO PIZZARIA.CONTEM (NUM_PEDIDO,COD_PIZZA,DESC_TAMANHO_PIZZA,QUANTIDADE) VALUES (455,32,"BROTO",1);
INSERT INTO PIZZARIA.CONTEM (NUM_PEDIDO,COD_PIZZA,DESC_TAMANHO_PIZZA,QUANTIDADE) VALUES (119,40,"INTEIRA",1);
INSERT INTO PIZZARIA.CONTEM (NUM_PEDIDO,COD_PIZZA,DESC_TAMANHO_PIZZA,QUANTIDADE) VALUES (308,90,"BROTO",3);
INSERT INTO PIZZARIA.CONTEM (NUM_PEDIDO,COD_PIZZA,DESC_TAMANHO_PIZZA,QUANTIDADE) VALUES (404,23,"INTEIRA",4);
INSERT INTO PIZZARIA.CONTEM (NUM_PEDIDO,COD_PIZZA,DESC_TAMANHO_PIZZA,QUANTIDADE) VALUES (328,43,"BROTO",4);
INSERT INTO PIZZARIA.CONTEM (NUM_PEDIDO,COD_PIZZA,DESC_TAMANHO_PIZZA,QUANTIDADE) VALUES (307,72,"BROTO",5);
INSERT INTO PIZZARIA.CONTEM (NUM_PEDIDO,COD_PIZZA,DESC_TAMANHO_PIZZA,QUANTIDADE) VALUES (152,17,"INTEIRA",1);
INSERT INTO PIZZARIA.CONTEM (NUM_PEDIDO,COD_PIZZA,DESC_TAMANHO_PIZZA,QUANTIDADE) VALUES (226,71,"BROTO",1);
INSERT INTO PIZZARIA.CONTEM (NUM_PEDIDO,COD_PIZZA,DESC_TAMANHO_PIZZA,QUANTIDADE) VALUES (316,10,"INTEIRA",4);
INSERT INTO PIZZARIA.CONTEM (NUM_PEDIDO,COD_PIZZA,DESC_TAMANHO_PIZZA,QUANTIDADE) VALUES (202,51,"BROTO",1);
INSERT INTO PIZZARIA.CONTEM (NUM_PEDIDO,COD_PIZZA,DESC_TAMANHO_PIZZA,QUANTIDADE) VALUES (422,27,"INTEIRA",4);
INSERT INTO PIZZARIA.CONTEM (NUM_PEDIDO,COD_PIZZA,DESC_TAMANHO_PIZZA,QUANTIDADE) VALUES (409,87,"BROTO",1);
INSERT INTO PIZZARIA.CONTEM (NUM_PEDIDO,COD_PIZZA,DESC_TAMANHO_PIZZA,QUANTIDADE) VALUES (431,43,"BROTO",1);
INSERT INTO PIZZARIA.CONTEM (NUM_PEDIDO,COD_PIZZA,DESC_TAMANHO_PIZZA,QUANTIDADE) VALUES (467,10,"INTEIRA",2);
INSERT INTO PIZZARIA.CONTEM (NUM_PEDIDO,COD_PIZZA,DESC_TAMANHO_PIZZA,QUANTIDADE) VALUES (266,13,"BROTO",2);
INSERT INTO PIZZARIA.CONTEM (NUM_PEDIDO,COD_PIZZA,DESC_TAMANHO_PIZZA,QUANTIDADE) VALUES (26,42,"BROTO",1);
INSERT INTO PIZZARIA.CONTEM (NUM_PEDIDO,COD_PIZZA,DESC_TAMANHO_PIZZA,QUANTIDADE) VALUES (478,14,"INTEIRA",2);
INSERT INTO PIZZARIA.CONTEM (NUM_PEDIDO,COD_PIZZA,DESC_TAMANHO_PIZZA,QUANTIDADE) VALUES (88,72,"INTEIRA",4);
INSERT INTO PIZZARIA.CONTEM (NUM_PEDIDO,COD_PIZZA,DESC_TAMANHO_PIZZA,QUANTIDADE) VALUES (491,76,"INTEIRA",1);
INSERT INTO PIZZARIA.CONTEM (NUM_PEDIDO,COD_PIZZA,DESC_TAMANHO_PIZZA,QUANTIDADE) VALUES (120,31,"BROTO",5);
INSERT INTO PIZZARIA.CONTEM (NUM_PEDIDO,COD_PIZZA,DESC_TAMANHO_PIZZA,QUANTIDADE) VALUES (68,86,"BROTO",3);
INSERT INTO PIZZARIA.CONTEM (NUM_PEDIDO,COD_PIZZA,DESC_TAMANHO_PIZZA,QUANTIDADE) VALUES (461,77,"INTEIRA",4);
INSERT INTO PIZZARIA.CONTEM (NUM_PEDIDO,COD_PIZZA,DESC_TAMANHO_PIZZA,QUANTIDADE) VALUES (64,47,"BROTO",1);
INSERT INTO PIZZARIA.CONTEM (NUM_PEDIDO,COD_PIZZA,DESC_TAMANHO_PIZZA,QUANTIDADE) VALUES (133,44,"BROTO",3);
INSERT INTO PIZZARIA.CONTEM (NUM_PEDIDO,COD_PIZZA,DESC_TAMANHO_PIZZA,QUANTIDADE) VALUES (476,14,"INTEIRA",3);
INSERT INTO PIZZARIA.CONTEM (NUM_PEDIDO,COD_PIZZA,DESC_TAMANHO_PIZZA,QUANTIDADE) VALUES (29,16,"INTEIRA",1);
INSERT INTO PIZZARIA.CONTEM (NUM_PEDIDO,COD_PIZZA,DESC_TAMANHO_PIZZA,QUANTIDADE) VALUES (54,53,"BROTO",1);
INSERT INTO PIZZARIA.CONTEM (NUM_PEDIDO,COD_PIZZA,DESC_TAMANHO_PIZZA,QUANTIDADE) VALUES (395,78,"INTEIRA",5);
INSERT INTO PIZZARIA.CONTEM (NUM_PEDIDO,COD_PIZZA,DESC_TAMANHO_PIZZA,QUANTIDADE) VALUES (169,9,"BROTO",1);
INSERT INTO PIZZARIA.CONTEM (NUM_PEDIDO,COD_PIZZA,DESC_TAMANHO_PIZZA,QUANTIDADE) VALUES (36,1,"INTEIRA",5);
INSERT INTO PIZZARIA.CONTEM (NUM_PEDIDO,COD_PIZZA,DESC_TAMANHO_PIZZA,QUANTIDADE) VALUES (65,90,"INTEIRA",3);
INSERT INTO PIZZARIA.CONTEM (NUM_PEDIDO,COD_PIZZA,DESC_TAMANHO_PIZZA,QUANTIDADE) VALUES (153,28,"BROTO",1);
INSERT INTO PIZZARIA.CONTEM (NUM_PEDIDO,COD_PIZZA,DESC_TAMANHO_PIZZA,QUANTIDADE) VALUES (376,7,"INTEIRA",5);
INSERT INTO PIZZARIA.CONTEM (NUM_PEDIDO,COD_PIZZA,DESC_TAMANHO_PIZZA,QUANTIDADE) VALUES (474,26,"INTEIRA",1);
INSERT INTO PIZZARIA.CONTEM (NUM_PEDIDO,COD_PIZZA,DESC_TAMANHO_PIZZA,QUANTIDADE) VALUES (211,37,"INTEIRA",3);
INSERT INTO PIZZARIA.CONTEM (NUM_PEDIDO,COD_PIZZA,DESC_TAMANHO_PIZZA,QUANTIDADE) VALUES (89,65,"INTEIRA",3);
INSERT INTO PIZZARIA.CONTEM (NUM_PEDIDO,COD_PIZZA,DESC_TAMANHO_PIZZA,QUANTIDADE) VALUES (188,51,"BROTO",5);
INSERT INTO PIZZARIA.CONTEM (NUM_PEDIDO,COD_PIZZA,DESC_TAMANHO_PIZZA,QUANTIDADE) VALUES (47,48,"BROTO",2);
INSERT INTO PIZZARIA.CONTEM (NUM_PEDIDO,COD_PIZZA,DESC_TAMANHO_PIZZA,QUANTIDADE) VALUES (458,64,"BROTO",2);
INSERT INTO PIZZARIA.CONTEM (NUM_PEDIDO,COD_PIZZA,DESC_TAMANHO_PIZZA,QUANTIDADE) VALUES (491,17,"BROTO",5);
INSERT INTO PIZZARIA.CONTEM (NUM_PEDIDO,COD_PIZZA,DESC_TAMANHO_PIZZA,QUANTIDADE) VALUES (214,22,"BROTO",3);
INSERT INTO PIZZARIA.CONTEM (NUM_PEDIDO,COD_PIZZA,DESC_TAMANHO_PIZZA,QUANTIDADE) VALUES (265,87,"BROTO",5);
INSERT INTO PIZZARIA.CONTEM (NUM_PEDIDO,COD_PIZZA,DESC_TAMANHO_PIZZA,QUANTIDADE) VALUES (473,54,"INTEIRA",4);
INSERT INTO PIZZARIA.CONTEM (NUM_PEDIDO,COD_PIZZA,DESC_TAMANHO_PIZZA,QUANTIDADE) VALUES (137,7,"BROTO",1);
INSERT INTO PIZZARIA.CONTEM (NUM_PEDIDO,COD_PIZZA,DESC_TAMANHO_PIZZA,QUANTIDADE) VALUES (369,82,"INTEIRA",3);
INSERT INTO PIZZARIA.CONTEM (NUM_PEDIDO,COD_PIZZA,DESC_TAMANHO_PIZZA,QUANTIDADE) VALUES (216,86,"BROTO",5);
INSERT INTO PIZZARIA.CONTEM (NUM_PEDIDO,COD_PIZZA,DESC_TAMANHO_PIZZA,QUANTIDADE) VALUES (322,83,"BROTO",5);
INSERT INTO PIZZARIA.CONTEM (NUM_PEDIDO,COD_PIZZA,DESC_TAMANHO_PIZZA,QUANTIDADE) VALUES (77,36,"INTEIRA",2);
INSERT INTO PIZZARIA.CONTEM (NUM_PEDIDO,COD_PIZZA,DESC_TAMANHO_PIZZA,QUANTIDADE) VALUES (326,39,"BROTO",1);
INSERT INTO PIZZARIA.CONTEM (NUM_PEDIDO,COD_PIZZA,DESC_TAMANHO_PIZZA,QUANTIDADE) VALUES (142,5,"INTEIRA",1);
INSERT INTO PIZZARIA.CONTEM (NUM_PEDIDO,COD_PIZZA,DESC_TAMANHO_PIZZA,QUANTIDADE) VALUES (351,16,"BROTO",5);
INSERT INTO PIZZARIA.CONTEM (NUM_PEDIDO,COD_PIZZA,DESC_TAMANHO_PIZZA,QUANTIDADE) VALUES (140,55,"INTEIRA",5);
INSERT INTO PIZZARIA.CONTEM (NUM_PEDIDO,COD_PIZZA,DESC_TAMANHO_PIZZA,QUANTIDADE) VALUES (485,60,"BROTO",5);
INSERT INTO PIZZARIA.CONTEM (NUM_PEDIDO,COD_PIZZA,DESC_TAMANHO_PIZZA,QUANTIDADE) VALUES (25,27,"INTEIRA",5);
INSERT INTO PIZZARIA.CONTEM (NUM_PEDIDO,COD_PIZZA,DESC_TAMANHO_PIZZA,QUANTIDADE) VALUES (14,51,"BROTO",5);
INSERT INTO PIZZARIA.CONTEM (NUM_PEDIDO,COD_PIZZA,DESC_TAMANHO_PIZZA,QUANTIDADE) VALUES (476,56,"BROTO",3);
INSERT INTO PIZZARIA.CONTEM (NUM_PEDIDO,COD_PIZZA,DESC_TAMANHO_PIZZA,QUANTIDADE) VALUES (213,90,"INTEIRA",2);
INSERT INTO PIZZARIA.CONTEM (NUM_PEDIDO,COD_PIZZA,DESC_TAMANHO_PIZZA,QUANTIDADE) VALUES (238,22,"INTEIRA",4);
INSERT INTO PIZZARIA.CONTEM (NUM_PEDIDO,COD_PIZZA,DESC_TAMANHO_PIZZA,QUANTIDADE) VALUES (254,5,"INTEIRA",1);
INSERT INTO PIZZARIA.CONTEM (NUM_PEDIDO,COD_PIZZA,DESC_TAMANHO_PIZZA,QUANTIDADE) VALUES (246,67,"BROTO",1);
INSERT INTO PIZZARIA.CONTEM (NUM_PEDIDO,COD_PIZZA,DESC_TAMANHO_PIZZA,QUANTIDADE) VALUES (106,12,"BROTO",3);
INSERT INTO PIZZARIA.CONTEM (NUM_PEDIDO,COD_PIZZA,DESC_TAMANHO_PIZZA,QUANTIDADE) VALUES (198,9,"BROTO",3);
INSERT INTO PIZZARIA.CONTEM (NUM_PEDIDO,COD_PIZZA,DESC_TAMANHO_PIZZA,QUANTIDADE) VALUES (273,32,"BROTO",3);
INSERT INTO PIZZARIA.CONTEM (NUM_PEDIDO,COD_PIZZA,DESC_TAMANHO_PIZZA,QUANTIDADE) VALUES (470,63,"BROTO",4);
INSERT INTO PIZZARIA.CONTEM (NUM_PEDIDO,COD_PIZZA,DESC_TAMANHO_PIZZA,QUANTIDADE) VALUES (138,47,"INTEIRA",3);
INSERT INTO PIZZARIA.CONTEM (NUM_PEDIDO,COD_PIZZA,DESC_TAMANHO_PIZZA,QUANTIDADE) VALUES (128,78,"INTEIRA",4);
INSERT INTO PIZZARIA.CONTEM (NUM_PEDIDO,COD_PIZZA,DESC_TAMANHO_PIZZA,QUANTIDADE) VALUES (448,61,"INTEIRA",1);
INSERT INTO PIZZARIA.CONTEM (NUM_PEDIDO,COD_PIZZA,DESC_TAMANHO_PIZZA,QUANTIDADE) VALUES (96,79,"BROTO",1);
INSERT INTO PIZZARIA.CONTEM (NUM_PEDIDO,COD_PIZZA,DESC_TAMANHO_PIZZA,QUANTIDADE) VALUES (253,5,"INTEIRA",4);
INSERT INTO PIZZARIA.CONTEM (NUM_PEDIDO,COD_PIZZA,DESC_TAMANHO_PIZZA,QUANTIDADE) VALUES (490,18,"BROTO",3);
INSERT INTO PIZZARIA.CONTEM (NUM_PEDIDO,COD_PIZZA,DESC_TAMANHO_PIZZA,QUANTIDADE) VALUES (214,62,"BROTO",5);
INSERT INTO PIZZARIA.CONTEM (NUM_PEDIDO,COD_PIZZA,DESC_TAMANHO_PIZZA,QUANTIDADE) VALUES (289,56,"INTEIRA",3);
INSERT INTO PIZZARIA.CONTEM (NUM_PEDIDO,COD_PIZZA,DESC_TAMANHO_PIZZA,QUANTIDADE) VALUES (212,52,"INTEIRA",3);
INSERT INTO PIZZARIA.CONTEM (NUM_PEDIDO,COD_PIZZA,DESC_TAMANHO_PIZZA,QUANTIDADE) VALUES (417,38,"BROTO",2);
INSERT INTO PIZZARIA.CONTEM (NUM_PEDIDO,COD_PIZZA,DESC_TAMANHO_PIZZA,QUANTIDADE) VALUES (368,12,"BROTO",2);
INSERT INTO PIZZARIA.CONTEM (NUM_PEDIDO,COD_PIZZA,DESC_TAMANHO_PIZZA,QUANTIDADE) VALUES (147,45,"BROTO",2);
INSERT INTO PIZZARIA.CONTEM (NUM_PEDIDO,COD_PIZZA,DESC_TAMANHO_PIZZA,QUANTIDADE) VALUES (417,69,"BROTO",5);
INSERT INTO PIZZARIA.CONTEM (NUM_PEDIDO,COD_PIZZA,DESC_TAMANHO_PIZZA,QUANTIDADE) VALUES (155,88,"INTEIRA",1);
INSERT INTO PIZZARIA.CONTEM (NUM_PEDIDO,COD_PIZZA,DESC_TAMANHO_PIZZA,QUANTIDADE) VALUES (196,48,"INTEIRA",2);
INSERT INTO PIZZARIA.CONTEM (NUM_PEDIDO,COD_PIZZA,DESC_TAMANHO_PIZZA,QUANTIDADE) VALUES (253,89,"INTEIRA",1);
INSERT INTO PIZZARIA.CONTEM (NUM_PEDIDO,COD_PIZZA,DESC_TAMANHO_PIZZA,QUANTIDADE) VALUES (327,37,"INTEIRA",4);
INSERT INTO PIZZARIA.CONTEM (NUM_PEDIDO,COD_PIZZA,DESC_TAMANHO_PIZZA,QUANTIDADE) VALUES (397,17,"BROTO",5);
INSERT INTO PIZZARIA.CONTEM (NUM_PEDIDO,COD_PIZZA,DESC_TAMANHO_PIZZA,QUANTIDADE) VALUES (412,49,"INTEIRA",4);
INSERT INTO PIZZARIA.CONTEM (NUM_PEDIDO,COD_PIZZA,DESC_TAMANHO_PIZZA,QUANTIDADE) VALUES (252,80,"INTEIRA",4);
INSERT INTO PIZZARIA.CONTEM (NUM_PEDIDO,COD_PIZZA,DESC_TAMANHO_PIZZA,QUANTIDADE) VALUES (455,78,"INTEIRA",3);
INSERT INTO PIZZARIA.CONTEM (NUM_PEDIDO,COD_PIZZA,DESC_TAMANHO_PIZZA,QUANTIDADE) VALUES (388,72,"INTEIRA",5);
INSERT INTO PIZZARIA.CONTEM (NUM_PEDIDO,COD_PIZZA,DESC_TAMANHO_PIZZA,QUANTIDADE) VALUES (480,55,"BROTO",3);
INSERT INTO PIZZARIA.CONTEM (NUM_PEDIDO,COD_PIZZA,DESC_TAMANHO_PIZZA,QUANTIDADE) VALUES (83,13,"BROTO",3);
INSERT INTO PIZZARIA.CONTEM (NUM_PEDIDO,COD_PIZZA,DESC_TAMANHO_PIZZA,QUANTIDADE) VALUES (146,71,"INTEIRA",2);
INSERT INTO PIZZARIA.CONTEM (NUM_PEDIDO,COD_PIZZA,DESC_TAMANHO_PIZZA,QUANTIDADE) VALUES (419,56,"BROTO",4);
INSERT INTO PIZZARIA.CONTEM (NUM_PEDIDO,COD_PIZZA,DESC_TAMANHO_PIZZA,QUANTIDADE) VALUES (384,55,"BROTO",5);
INSERT INTO PIZZARIA.CONTEM (NUM_PEDIDO,COD_PIZZA,DESC_TAMANHO_PIZZA,QUANTIDADE) VALUES (451,2,"INTEIRA",1);
INSERT INTO PIZZARIA.CONTEM (NUM_PEDIDO,COD_PIZZA,DESC_TAMANHO_PIZZA,QUANTIDADE) VALUES (450,9,"INTEIRA",5);
INSERT INTO PIZZARIA.CONTEM (NUM_PEDIDO,COD_PIZZA,DESC_TAMANHO_PIZZA,QUANTIDADE) VALUES (6,42,"BROTO",2);
INSERT INTO PIZZARIA.CONTEM (NUM_PEDIDO,COD_PIZZA,DESC_TAMANHO_PIZZA,QUANTIDADE) VALUES (459,78,"INTEIRA",2);
INSERT INTO PIZZARIA.CONTEM (NUM_PEDIDO,COD_PIZZA,DESC_TAMANHO_PIZZA,QUANTIDADE) VALUES (222,10,"BROTO",4);
INSERT INTO PIZZARIA.CONTEM (NUM_PEDIDO,COD_PIZZA,DESC_TAMANHO_PIZZA,QUANTIDADE) VALUES (458,68,"BROTO",2);
INSERT INTO PIZZARIA.CONTEM (NUM_PEDIDO,COD_PIZZA,DESC_TAMANHO_PIZZA,QUANTIDADE) VALUES (499,46,"BROTO",5);
INSERT INTO PIZZARIA.CONTEM (NUM_PEDIDO,COD_PIZZA,DESC_TAMANHO_PIZZA,QUANTIDADE) VALUES (4,48,"BROTO",3);
INSERT INTO PIZZARIA.CONTEM (NUM_PEDIDO,COD_PIZZA,DESC_TAMANHO_PIZZA,QUANTIDADE) VALUES (47,17,"BROTO",1);
INSERT INTO PIZZARIA.CONTEM (NUM_PEDIDO,COD_PIZZA,DESC_TAMANHO_PIZZA,QUANTIDADE) VALUES (67,46,"INTEIRA",5);
INSERT INTO PIZZARIA.CONTEM (NUM_PEDIDO,COD_PIZZA,DESC_TAMANHO_PIZZA,QUANTIDADE) VALUES (128,88,"BROTO",1);
INSERT INTO PIZZARIA.CONTEM (NUM_PEDIDO,COD_PIZZA,DESC_TAMANHO_PIZZA,QUANTIDADE) VALUES (245,17,"INTEIRA",3);
INSERT INTO PIZZARIA.CONTEM (NUM_PEDIDO,COD_PIZZA,DESC_TAMANHO_PIZZA,QUANTIDADE) VALUES (194,42,"INTEIRA",3);
INSERT INTO PIZZARIA.CONTEM (NUM_PEDIDO,COD_PIZZA,DESC_TAMANHO_PIZZA,QUANTIDADE) VALUES (276,65,"BROTO",1);
INSERT INTO PIZZARIA.CONTEM (NUM_PEDIDO,COD_PIZZA,DESC_TAMANHO_PIZZA,QUANTIDADE) VALUES (256,23,"INTEIRA",3);
INSERT INTO PIZZARIA.CONTEM (NUM_PEDIDO,COD_PIZZA,DESC_TAMANHO_PIZZA,QUANTIDADE) VALUES (279,19,"BROTO",2);
INSERT INTO PIZZARIA.CONTEM (NUM_PEDIDO,COD_PIZZA,DESC_TAMANHO_PIZZA,QUANTIDADE) VALUES (265,33,"INTEIRA",3);
INSERT INTO PIZZARIA.CONTEM (NUM_PEDIDO,COD_PIZZA,DESC_TAMANHO_PIZZA,QUANTIDADE) VALUES (55,75,"BROTO",5);
INSERT INTO PIZZARIA.CONTEM (NUM_PEDIDO,COD_PIZZA,DESC_TAMANHO_PIZZA,QUANTIDADE) VALUES (47,31,"INTEIRA",2);
INSERT INTO PIZZARIA.CONTEM (NUM_PEDIDO,COD_PIZZA,DESC_TAMANHO_PIZZA,QUANTIDADE) VALUES (5,80,"INTEIRA",2);
INSERT INTO PIZZARIA.CONTEM (NUM_PEDIDO,COD_PIZZA,DESC_TAMANHO_PIZZA,QUANTIDADE) VALUES (370,5,"INTEIRA",5);
INSERT INTO PIZZARIA.CONTEM (NUM_PEDIDO,COD_PIZZA,DESC_TAMANHO_PIZZA,QUANTIDADE) VALUES (18,54,"INTEIRA",2);
INSERT INTO PIZZARIA.CONTEM (NUM_PEDIDO,COD_PIZZA,DESC_TAMANHO_PIZZA,QUANTIDADE) VALUES (316,85,"INTEIRA",2);
INSERT INTO PIZZARIA.CONTEM (NUM_PEDIDO,COD_PIZZA,DESC_TAMANHO_PIZZA,QUANTIDADE) VALUES (245,43,"INTEIRA",2);
INSERT INTO PIZZARIA.CONTEM (NUM_PEDIDO,COD_PIZZA,DESC_TAMANHO_PIZZA,QUANTIDADE) VALUES (208,48,"INTEIRA",1);
INSERT INTO PIZZARIA.CONTEM (NUM_PEDIDO,COD_PIZZA,DESC_TAMANHO_PIZZA,QUANTIDADE) VALUES (202,52,"BROTO",2);
INSERT INTO PIZZARIA.CONTEM (NUM_PEDIDO,COD_PIZZA,DESC_TAMANHO_PIZZA,QUANTIDADE) VALUES (203,68,"BROTO",4);
INSERT INTO PIZZARIA.CONTEM (NUM_PEDIDO,COD_PIZZA,DESC_TAMANHO_PIZZA,QUANTIDADE) VALUES (419,26,"BROTO",2);
INSERT INTO PIZZARIA.CONTEM (NUM_PEDIDO,COD_PIZZA,DESC_TAMANHO_PIZZA,QUANTIDADE) VALUES (275,48,"INTEIRA",3);
INSERT INTO PIZZARIA.CONTEM (NUM_PEDIDO,COD_PIZZA,DESC_TAMANHO_PIZZA,QUANTIDADE) VALUES (447,33,"BROTO",5);
INSERT INTO PIZZARIA.CONTEM (NUM_PEDIDO,COD_PIZZA,DESC_TAMANHO_PIZZA,QUANTIDADE) VALUES (206,92,"BROTO",4);
INSERT INTO PIZZARIA.CONTEM (NUM_PEDIDO,COD_PIZZA,DESC_TAMANHO_PIZZA,QUANTIDADE) VALUES (253,2,"BROTO",4);
INSERT INTO PIZZARIA.CONTEM (NUM_PEDIDO,COD_PIZZA,DESC_TAMANHO_PIZZA,QUANTIDADE) VALUES (341,18,"BROTO",5);
INSERT INTO PIZZARIA.CONTEM (NUM_PEDIDO,COD_PIZZA,DESC_TAMANHO_PIZZA,QUANTIDADE) VALUES (358,51,"INTEIRA",5);
INSERT INTO PIZZARIA.CONTEM (NUM_PEDIDO,COD_PIZZA,DESC_TAMANHO_PIZZA,QUANTIDADE) VALUES (147,88,"INTEIRA",1);
INSERT INTO PIZZARIA.CONTEM (NUM_PEDIDO,COD_PIZZA,DESC_TAMANHO_PIZZA,QUANTIDADE) VALUES (240,29,"INTEIRA",3);
INSERT INTO PIZZARIA.CONTEM (NUM_PEDIDO,COD_PIZZA,DESC_TAMANHO_PIZZA,QUANTIDADE) VALUES (371,87,"INTEIRA",5);
INSERT INTO PIZZARIA.CONTEM (NUM_PEDIDO,COD_PIZZA,DESC_TAMANHO_PIZZA,QUANTIDADE) VALUES (284,32,"INTEIRA",3);
INSERT INTO PIZZARIA.CONTEM (NUM_PEDIDO,COD_PIZZA,DESC_TAMANHO_PIZZA,QUANTIDADE) VALUES (190,36,"BROTO",2);
INSERT INTO PIZZARIA.CONTEM (NUM_PEDIDO,COD_PIZZA,DESC_TAMANHO_PIZZA,QUANTIDADE) VALUES (450,58,"INTEIRA",4);
INSERT INTO PIZZARIA.CONTEM (NUM_PEDIDO,COD_PIZZA,DESC_TAMANHO_PIZZA,QUANTIDADE) VALUES (16,19,"INTEIRA",5);
INSERT INTO PIZZARIA.CONTEM (NUM_PEDIDO,COD_PIZZA,DESC_TAMANHO_PIZZA,QUANTIDADE) VALUES (82,44,"INTEIRA",5);
INSERT INTO PIZZARIA.CONTEM (NUM_PEDIDO,COD_PIZZA,DESC_TAMANHO_PIZZA,QUANTIDADE) VALUES (307,17,"INTEIRA",4);
INSERT INTO PIZZARIA.CONTEM (NUM_PEDIDO,COD_PIZZA,DESC_TAMANHO_PIZZA,QUANTIDADE) VALUES (244,54,"INTEIRA",3);
INSERT INTO PIZZARIA.CONTEM (NUM_PEDIDO,COD_PIZZA,DESC_TAMANHO_PIZZA,QUANTIDADE) VALUES (116,11,"INTEIRA",3);
INSERT INTO PIZZARIA.CONTEM (NUM_PEDIDO,COD_PIZZA,DESC_TAMANHO_PIZZA,QUANTIDADE) VALUES (141,2,"INTEIRA",1);
INSERT INTO PIZZARIA.CONTEM (NUM_PEDIDO,COD_PIZZA,DESC_TAMANHO_PIZZA,QUANTIDADE) VALUES (476,78,"BROTO",3);
INSERT INTO PIZZARIA.CONTEM (NUM_PEDIDO,COD_PIZZA,DESC_TAMANHO_PIZZA,QUANTIDADE) VALUES (455,76,"INTEIRA",2);
INSERT INTO PIZZARIA.CONTEM (NUM_PEDIDO,COD_PIZZA,DESC_TAMANHO_PIZZA,QUANTIDADE) VALUES (25,76,"INTEIRA",5);
INSERT INTO PIZZARIA.CONTEM (NUM_PEDIDO,COD_PIZZA,DESC_TAMANHO_PIZZA,QUANTIDADE) VALUES (492,25,"BROTO",2);
INSERT INTO PIZZARIA.CONTEM (NUM_PEDIDO,COD_PIZZA,DESC_TAMANHO_PIZZA,QUANTIDADE) VALUES (124,83,"INTEIRA",1);
INSERT INTO PIZZARIA.CONTEM (NUM_PEDIDO,COD_PIZZA,DESC_TAMANHO_PIZZA,QUANTIDADE) VALUES (154,17,"INTEIRA",4);
INSERT INTO PIZZARIA.CONTEM (NUM_PEDIDO,COD_PIZZA,DESC_TAMANHO_PIZZA,QUANTIDADE) VALUES (421,73,"INTEIRA",4);
INSERT INTO PIZZARIA.CONTEM (NUM_PEDIDO,COD_PIZZA,DESC_TAMANHO_PIZZA,QUANTIDADE) VALUES (335,88,"BROTO",5);
INSERT INTO PIZZARIA.CONTEM (NUM_PEDIDO,COD_PIZZA,DESC_TAMANHO_PIZZA,QUANTIDADE) VALUES (187,18,"BROTO",1);
INSERT INTO PIZZARIA.CONTEM (NUM_PEDIDO,COD_PIZZA,DESC_TAMANHO_PIZZA,QUANTIDADE) VALUES (154,47,"BROTO",4);
INSERT INTO PIZZARIA.CONTEM (NUM_PEDIDO,COD_PIZZA,DESC_TAMANHO_PIZZA,QUANTIDADE) VALUES (218,78,"INTEIRA",1);
INSERT INTO PIZZARIA.CONTEM (NUM_PEDIDO,COD_PIZZA,DESC_TAMANHO_PIZZA,QUANTIDADE) VALUES (256,68,"BROTO",1);
INSERT INTO PIZZARIA.CONTEM (NUM_PEDIDO,COD_PIZZA,DESC_TAMANHO_PIZZA,QUANTIDADE) VALUES (88,47,"INTEIRA",1);
INSERT INTO PIZZARIA.CONTEM (NUM_PEDIDO,COD_PIZZA,DESC_TAMANHO_PIZZA,QUANTIDADE) VALUES (180,52,"INTEIRA",2);
INSERT INTO PIZZARIA.CONTEM (NUM_PEDIDO,COD_PIZZA,DESC_TAMANHO_PIZZA,QUANTIDADE) VALUES (472,58,"BROTO",1);
INSERT INTO PIZZARIA.CONTEM (NUM_PEDIDO,COD_PIZZA,DESC_TAMANHO_PIZZA,QUANTIDADE) VALUES (359,64,"BROTO",2);
INSERT INTO PIZZARIA.CONTEM (NUM_PEDIDO,COD_PIZZA,DESC_TAMANHO_PIZZA,QUANTIDADE) VALUES (395,54,"BROTO",4);
INSERT INTO PIZZARIA.CONTEM (NUM_PEDIDO,COD_PIZZA,DESC_TAMANHO_PIZZA,QUANTIDADE) VALUES (208,18,"INTEIRA",4);
INSERT INTO PIZZARIA.CONTEM (NUM_PEDIDO,COD_PIZZA,DESC_TAMANHO_PIZZA,QUANTIDADE) VALUES (308,89,"BROTO",4);
INSERT INTO PIZZARIA.CONTEM (NUM_PEDIDO,COD_PIZZA,DESC_TAMANHO_PIZZA,QUANTIDADE) VALUES (485,30,"INTEIRA",3);
INSERT INTO PIZZARIA.CONTEM (NUM_PEDIDO,COD_PIZZA,DESC_TAMANHO_PIZZA,QUANTIDADE) VALUES (104,59,"INTEIRA",3);
INSERT INTO PIZZARIA.CONTEM (NUM_PEDIDO,COD_PIZZA,DESC_TAMANHO_PIZZA,QUANTIDADE) VALUES (391,52,"INTEIRA",3);
INSERT INTO PIZZARIA.CONTEM (NUM_PEDIDO,COD_PIZZA,DESC_TAMANHO_PIZZA,QUANTIDADE) VALUES (465,15,"BROTO",1);
INSERT INTO PIZZARIA.CONTEM (NUM_PEDIDO,COD_PIZZA,DESC_TAMANHO_PIZZA,QUANTIDADE) VALUES (179,54,"BROTO",4);
INSERT INTO PIZZARIA.CONTEM (NUM_PEDIDO,COD_PIZZA,DESC_TAMANHO_PIZZA,QUANTIDADE) VALUES (166,50,"BROTO",5);
INSERT INTO PIZZARIA.CONTEM (NUM_PEDIDO,COD_PIZZA,DESC_TAMANHO_PIZZA,QUANTIDADE) VALUES (310,29,"INTEIRA",3);
INSERT INTO PIZZARIA.CONTEM (NUM_PEDIDO,COD_PIZZA,DESC_TAMANHO_PIZZA,QUANTIDADE) VALUES (78,22,"INTEIRA",3);
INSERT INTO PIZZARIA.CONTEM (NUM_PEDIDO,COD_PIZZA,DESC_TAMANHO_PIZZA,QUANTIDADE) VALUES (71,89,"BROTO",3);
INSERT INTO PIZZARIA.CONTEM (NUM_PEDIDO,COD_PIZZA,DESC_TAMANHO_PIZZA,QUANTIDADE) VALUES (196,24,"INTEIRA",3);
INSERT INTO PIZZARIA.CONTEM (NUM_PEDIDO,COD_PIZZA,DESC_TAMANHO_PIZZA,QUANTIDADE) VALUES (61,79,"INTEIRA",4);
INSERT INTO PIZZARIA.CONTEM (NUM_PEDIDO,COD_PIZZA,DESC_TAMANHO_PIZZA,QUANTIDADE) VALUES (165,32,"INTEIRA",4);
INSERT INTO PIZZARIA.CONTEM (NUM_PEDIDO,COD_PIZZA,DESC_TAMANHO_PIZZA,QUANTIDADE) VALUES (463,67,"BROTO",4);
INSERT INTO PIZZARIA.CONTEM (NUM_PEDIDO,COD_PIZZA,DESC_TAMANHO_PIZZA,QUANTIDADE) VALUES (89,87,"INTEIRA",3);
INSERT INTO PIZZARIA.CONTEM (NUM_PEDIDO,COD_PIZZA,DESC_TAMANHO_PIZZA,QUANTIDADE) VALUES (354,15,"INTEIRA",5);
INSERT INTO PIZZARIA.CONTEM (NUM_PEDIDO,COD_PIZZA,DESC_TAMANHO_PIZZA,QUANTIDADE) VALUES (411,83,"INTEIRA",2);
INSERT INTO PIZZARIA.CONTEM (NUM_PEDIDO,COD_PIZZA,DESC_TAMANHO_PIZZA,QUANTIDADE) VALUES (157,17,"INTEIRA",1);
INSERT INTO PIZZARIA.CONTEM (NUM_PEDIDO,COD_PIZZA,DESC_TAMANHO_PIZZA,QUANTIDADE) VALUES (445,33,"INTEIRA",3);
INSERT INTO PIZZARIA.CONTEM (NUM_PEDIDO,COD_PIZZA,DESC_TAMANHO_PIZZA,QUANTIDADE) VALUES (411,2,"BROTO",3);
INSERT INTO PIZZARIA.CONTEM (NUM_PEDIDO,COD_PIZZA,DESC_TAMANHO_PIZZA,QUANTIDADE) VALUES (225,78,"BROTO",1);
INSERT INTO PIZZARIA.CONTEM (NUM_PEDIDO,COD_PIZZA,DESC_TAMANHO_PIZZA,QUANTIDADE) VALUES (281,78,"BROTO",2);
INSERT INTO PIZZARIA.CONTEM (NUM_PEDIDO,COD_PIZZA,DESC_TAMANHO_PIZZA,QUANTIDADE) VALUES (380,37,"INTEIRA",1);
INSERT INTO PIZZARIA.CONTEM (NUM_PEDIDO,COD_PIZZA,DESC_TAMANHO_PIZZA,QUANTIDADE) VALUES (284,90,"BROTO",5);
INSERT INTO PIZZARIA.CONTEM (NUM_PEDIDO,COD_PIZZA,DESC_TAMANHO_PIZZA,QUANTIDADE) VALUES (448,7,"INTEIRA",2);
INSERT INTO PIZZARIA.CONTEM (NUM_PEDIDO,COD_PIZZA,DESC_TAMANHO_PIZZA,QUANTIDADE) VALUES (55,38,"INTEIRA",2);
INSERT INTO PIZZARIA.CONTEM (NUM_PEDIDO,COD_PIZZA,DESC_TAMANHO_PIZZA,QUANTIDADE) VALUES (249,24,"INTEIRA",2);
INSERT INTO PIZZARIA.CONTEM (NUM_PEDIDO,COD_PIZZA,DESC_TAMANHO_PIZZA,QUANTIDADE) VALUES (83,60,"BROTO",1);
INSERT INTO PIZZARIA.CONTEM (NUM_PEDIDO,COD_PIZZA,DESC_TAMANHO_PIZZA,QUANTIDADE) VALUES (385,63,"INTEIRA",4);
INSERT INTO PIZZARIA.CONTEM (NUM_PEDIDO,COD_PIZZA,DESC_TAMANHO_PIZZA,QUANTIDADE) VALUES (142,24,"INTEIRA",2);
INSERT INTO PIZZARIA.CONTEM (NUM_PEDIDO,COD_PIZZA,DESC_TAMANHO_PIZZA,QUANTIDADE) VALUES (433,92,"INTEIRA",3);
INSERT INTO PIZZARIA.CONTEM (NUM_PEDIDO,COD_PIZZA,DESC_TAMANHO_PIZZA,QUANTIDADE) VALUES (144,77,"INTEIRA",1);
INSERT INTO PIZZARIA.CONTEM (NUM_PEDIDO,COD_PIZZA,DESC_TAMANHO_PIZZA,QUANTIDADE) VALUES (359,37,"BROTO",5);
INSERT INTO PIZZARIA.CONTEM (NUM_PEDIDO,COD_PIZZA,DESC_TAMANHO_PIZZA,QUANTIDADE) VALUES (215,49,"INTEIRA",4);
INSERT INTO PIZZARIA.CONTEM (NUM_PEDIDO,COD_PIZZA,DESC_TAMANHO_PIZZA,QUANTIDADE) VALUES (61,16,"BROTO",5);
INSERT INTO PIZZARIA.CONTEM (NUM_PEDIDO,COD_PIZZA,DESC_TAMANHO_PIZZA,QUANTIDADE) VALUES (104,33,"INTEIRA",3);
INSERT INTO PIZZARIA.CONTEM (NUM_PEDIDO,COD_PIZZA,DESC_TAMANHO_PIZZA,QUANTIDADE) VALUES (329,80,"INTEIRA",2);
INSERT INTO PIZZARIA.CONTEM (NUM_PEDIDO,COD_PIZZA,DESC_TAMANHO_PIZZA,QUANTIDADE) VALUES (108,58,"INTEIRA",5);
INSERT INTO PIZZARIA.CONTEM (NUM_PEDIDO,COD_PIZZA,DESC_TAMANHO_PIZZA,QUANTIDADE) VALUES (95,46,"BROTO",3);
INSERT INTO PIZZARIA.CONTEM (NUM_PEDIDO,COD_PIZZA,DESC_TAMANHO_PIZZA,QUANTIDADE) VALUES (334,5,"INTEIRA",1);
INSERT INTO PIZZARIA.CONTEM (NUM_PEDIDO,COD_PIZZA,DESC_TAMANHO_PIZZA,QUANTIDADE) VALUES (103,75,"BROTO",2);
INSERT INTO PIZZARIA.CONTEM (NUM_PEDIDO,COD_PIZZA,DESC_TAMANHO_PIZZA,QUANTIDADE) VALUES (246,42,"INTEIRA",4);
INSERT INTO PIZZARIA.CONTEM (NUM_PEDIDO,COD_PIZZA,DESC_TAMANHO_PIZZA,QUANTIDADE) VALUES (95,86,"INTEIRA",4);
INSERT INTO PIZZARIA.CONTEM (NUM_PEDIDO,COD_PIZZA,DESC_TAMANHO_PIZZA,QUANTIDADE) VALUES (478,33,"BROTO",5);
INSERT INTO PIZZARIA.CONTEM (NUM_PEDIDO,COD_PIZZA,DESC_TAMANHO_PIZZA,QUANTIDADE) VALUES (160,41,"INTEIRA",3);
INSERT INTO PIZZARIA.CONTEM (NUM_PEDIDO,COD_PIZZA,DESC_TAMANHO_PIZZA,QUANTIDADE) VALUES (88,49,"INTEIRA",3);
INSERT INTO PIZZARIA.CONTEM (NUM_PEDIDO,COD_PIZZA,DESC_TAMANHO_PIZZA,QUANTIDADE) VALUES (407,75,"INTEIRA",1);
INSERT INTO PIZZARIA.CONTEM (NUM_PEDIDO,COD_PIZZA,DESC_TAMANHO_PIZZA,QUANTIDADE) VALUES (387,74,"INTEIRA",5);
INSERT INTO PIZZARIA.CONTEM (NUM_PEDIDO,COD_PIZZA,DESC_TAMANHO_PIZZA,QUANTIDADE) VALUES (49,19,"INTEIRA",1);
INSERT INTO PIZZARIA.CONTEM (NUM_PEDIDO,COD_PIZZA,DESC_TAMANHO_PIZZA,QUANTIDADE) VALUES (311,5,"BROTO",3);
INSERT INTO PIZZARIA.CONTEM (NUM_PEDIDO,COD_PIZZA,DESC_TAMANHO_PIZZA,QUANTIDADE) VALUES (413,92,"INTEIRA",5);
INSERT INTO PIZZARIA.CONTEM (NUM_PEDIDO,COD_PIZZA,DESC_TAMANHO_PIZZA,QUANTIDADE) VALUES (16,78,"INTEIRA",4);
INSERT INTO PIZZARIA.CONTEM (NUM_PEDIDO,COD_PIZZA,DESC_TAMANHO_PIZZA,QUANTIDADE) VALUES (389,38,"INTEIRA",3);
INSERT INTO PIZZARIA.CONTEM (NUM_PEDIDO,COD_PIZZA,DESC_TAMANHO_PIZZA,QUANTIDADE) VALUES (375,57,"BROTO",1);
INSERT INTO PIZZARIA.CONTEM (NUM_PEDIDO,COD_PIZZA,DESC_TAMANHO_PIZZA,QUANTIDADE) VALUES (317,35,"INTEIRA",2);
INSERT INTO PIZZARIA.CONTEM (NUM_PEDIDO,COD_PIZZA,DESC_TAMANHO_PIZZA,QUANTIDADE) VALUES (163,9,"INTEIRA",5);
INSERT INTO PIZZARIA.CONTEM (NUM_PEDIDO,COD_PIZZA,DESC_TAMANHO_PIZZA,QUANTIDADE) VALUES (386,16,"INTEIRA",2);
INSERT INTO PIZZARIA.CONTEM (NUM_PEDIDO,COD_PIZZA,DESC_TAMANHO_PIZZA,QUANTIDADE) VALUES (219,16,"BROTO",3);
INSERT INTO PIZZARIA.CONTEM (NUM_PEDIDO,COD_PIZZA,DESC_TAMANHO_PIZZA,QUANTIDADE) VALUES (18,80,"INTEIRA",3);
INSERT INTO PIZZARIA.CONTEM (NUM_PEDIDO,COD_PIZZA,DESC_TAMANHO_PIZZA,QUANTIDADE) VALUES (31,62,"INTEIRA",3);
INSERT INTO PIZZARIA.CONTEM (NUM_PEDIDO,COD_PIZZA,DESC_TAMANHO_PIZZA,QUANTIDADE) VALUES (284,92,"BROTO",3);
INSERT INTO PIZZARIA.CONTEM (NUM_PEDIDO,COD_PIZZA,DESC_TAMANHO_PIZZA,QUANTIDADE) VALUES (280,13,"INTEIRA",4);
INSERT INTO PIZZARIA.CONTEM (NUM_PEDIDO,COD_PIZZA,DESC_TAMANHO_PIZZA,QUANTIDADE) VALUES (96,23,"BROTO",4);
INSERT INTO PIZZARIA.CONTEM (NUM_PEDIDO,COD_PIZZA,DESC_TAMANHO_PIZZA,QUANTIDADE) VALUES (186,8,"BROTO",2);
INSERT INTO PIZZARIA.CONTEM (NUM_PEDIDO,COD_PIZZA,DESC_TAMANHO_PIZZA,QUANTIDADE) VALUES (37,68,"BROTO",4);
INSERT INTO PIZZARIA.CONTEM (NUM_PEDIDO,COD_PIZZA,DESC_TAMANHO_PIZZA,QUANTIDADE) VALUES (78,37,"BROTO",5);
INSERT INTO PIZZARIA.CONTEM (NUM_PEDIDO,COD_PIZZA,DESC_TAMANHO_PIZZA,QUANTIDADE) VALUES (329,46,"INTEIRA",4);
INSERT INTO PIZZARIA.CONTEM (NUM_PEDIDO,COD_PIZZA,DESC_TAMANHO_PIZZA,QUANTIDADE) VALUES (354,37,"BROTO",5);
INSERT INTO PIZZARIA.CONTEM (NUM_PEDIDO,COD_PIZZA,DESC_TAMANHO_PIZZA,QUANTIDADE) VALUES (70,35,"BROTO",1);
INSERT INTO PIZZARIA.CONTEM (NUM_PEDIDO,COD_PIZZA,DESC_TAMANHO_PIZZA,QUANTIDADE) VALUES (393,52,"BROTO",5);
INSERT INTO PIZZARIA.CONTEM (NUM_PEDIDO,COD_PIZZA,DESC_TAMANHO_PIZZA,QUANTIDADE) VALUES (313,90,"BROTO",5);
INSERT INTO PIZZARIA.CONTEM (NUM_PEDIDO,COD_PIZZA,DESC_TAMANHO_PIZZA,QUANTIDADE) VALUES (164,60,"INTEIRA",3);
INSERT INTO PIZZARIA.CONTEM (NUM_PEDIDO,COD_PIZZA,DESC_TAMANHO_PIZZA,QUANTIDADE) VALUES (294,77,"BROTO",3);
INSERT INTO PIZZARIA.CONTEM (NUM_PEDIDO,COD_PIZZA,DESC_TAMANHO_PIZZA,QUANTIDADE) VALUES (384,68,"INTEIRA",4);
INSERT INTO PIZZARIA.CONTEM (NUM_PEDIDO,COD_PIZZA,DESC_TAMANHO_PIZZA,QUANTIDADE) VALUES (250,76,"BROTO",5);
INSERT INTO PIZZARIA.CONTEM (NUM_PEDIDO,COD_PIZZA,DESC_TAMANHO_PIZZA,QUANTIDADE) VALUES (434,15,"BROTO",4);
INSERT INTO PIZZARIA.CONTEM (NUM_PEDIDO,COD_PIZZA,DESC_TAMANHO_PIZZA,QUANTIDADE) VALUES (229,53,"BROTO",5);
INSERT INTO PIZZARIA.CONTEM (NUM_PEDIDO,COD_PIZZA,DESC_TAMANHO_PIZZA,QUANTIDADE) VALUES (225,21,"BROTO",4);
INSERT INTO PIZZARIA.CONTEM (NUM_PEDIDO,COD_PIZZA,DESC_TAMANHO_PIZZA,QUANTIDADE) VALUES (254,5,"BROTO",5);
INSERT INTO PIZZARIA.CONTEM (NUM_PEDIDO,COD_PIZZA,DESC_TAMANHO_PIZZA,QUANTIDADE) VALUES (356,46,"INTEIRA",3);
INSERT INTO PIZZARIA.CONTEM (NUM_PEDIDO,COD_PIZZA,DESC_TAMANHO_PIZZA,QUANTIDADE) VALUES (109,34,"INTEIRA",3);
INSERT INTO PIZZARIA.CONTEM (NUM_PEDIDO,COD_PIZZA,DESC_TAMANHO_PIZZA,QUANTIDADE) VALUES (37,86,"BROTO",5);
INSERT INTO PIZZARIA.CONTEM (NUM_PEDIDO,COD_PIZZA,DESC_TAMANHO_PIZZA,QUANTIDADE) VALUES (395,38,"BROTO",5);
INSERT INTO PIZZARIA.CONTEM (NUM_PEDIDO,COD_PIZZA,DESC_TAMANHO_PIZZA,QUANTIDADE) VALUES (428,7,"BROTO",5);
INSERT INTO PIZZARIA.CONTEM (NUM_PEDIDO,COD_PIZZA,DESC_TAMANHO_PIZZA,QUANTIDADE) VALUES (121,60,"INTEIRA",5);
INSERT INTO PIZZARIA.CONTEM (NUM_PEDIDO,COD_PIZZA,DESC_TAMANHO_PIZZA,QUANTIDADE) VALUES (353,9,"INTEIRA",2);
INSERT INTO PIZZARIA.CONTEM (NUM_PEDIDO,COD_PIZZA,DESC_TAMANHO_PIZZA,QUANTIDADE) VALUES (399,45,"INTEIRA",1);
INSERT INTO PIZZARIA.CONTEM (NUM_PEDIDO,COD_PIZZA,DESC_TAMANHO_PIZZA,QUANTIDADE) VALUES (180,63,"BROTO",2);
INSERT INTO PIZZARIA.CONTEM (NUM_PEDIDO,COD_PIZZA,DESC_TAMANHO_PIZZA,QUANTIDADE) VALUES (373,49,"BROTO",1);
INSERT INTO PIZZARIA.CONTEM (NUM_PEDIDO,COD_PIZZA,DESC_TAMANHO_PIZZA,QUANTIDADE) VALUES (196,51,"BROTO",3);
INSERT INTO PIZZARIA.CONTEM (NUM_PEDIDO,COD_PIZZA,DESC_TAMANHO_PIZZA,QUANTIDADE) VALUES (96,29,"BROTO",2);
INSERT INTO PIZZARIA.CONTEM (NUM_PEDIDO,COD_PIZZA,DESC_TAMANHO_PIZZA,QUANTIDADE) VALUES (270,38,"INTEIRA",5);
INSERT INTO PIZZARIA.CONTEM (NUM_PEDIDO,COD_PIZZA,DESC_TAMANHO_PIZZA,QUANTIDADE) VALUES (260,55,"BROTO",5);
INSERT INTO PIZZARIA.CONTEM (NUM_PEDIDO,COD_PIZZA,DESC_TAMANHO_PIZZA,QUANTIDADE) VALUES (445,40,"BROTO",1);
INSERT INTO PIZZARIA.CONTEM (NUM_PEDIDO,COD_PIZZA,DESC_TAMANHO_PIZZA,QUANTIDADE) VALUES (285,12,"BROTO",2);
INSERT INTO PIZZARIA.CONTEM (NUM_PEDIDO,COD_PIZZA,DESC_TAMANHO_PIZZA,QUANTIDADE) VALUES (287,74,"INTEIRA",4);
INSERT INTO PIZZARIA.CONTEM (NUM_PEDIDO,COD_PIZZA,DESC_TAMANHO_PIZZA,QUANTIDADE) VALUES (416,32,"INTEIRA",4);
INSERT INTO PIZZARIA.CONTEM (NUM_PEDIDO,COD_PIZZA,DESC_TAMANHO_PIZZA,QUANTIDADE) VALUES (224,84,"BROTO",5);
INSERT INTO PIZZARIA.CONTEM (NUM_PEDIDO,COD_PIZZA,DESC_TAMANHO_PIZZA,QUANTIDADE) VALUES (443,64,"INTEIRA",4);
INSERT INTO PIZZARIA.CONTEM (NUM_PEDIDO,COD_PIZZA,DESC_TAMANHO_PIZZA,QUANTIDADE) VALUES (205,34,"BROTO",1);
INSERT INTO PIZZARIA.CONTEM (NUM_PEDIDO,COD_PIZZA,DESC_TAMANHO_PIZZA,QUANTIDADE) VALUES (34,61,"INTEIRA",1);
INSERT INTO PIZZARIA.CONTEM (NUM_PEDIDO,COD_PIZZA,DESC_TAMANHO_PIZZA,QUANTIDADE) VALUES (308,23,"BROTO",2);
INSERT INTO PIZZARIA.CONTEM (NUM_PEDIDO,COD_PIZZA,DESC_TAMANHO_PIZZA,QUANTIDADE) VALUES (210,4,"BROTO",5);
INSERT INTO PIZZARIA.CONTEM (NUM_PEDIDO,COD_PIZZA,DESC_TAMANHO_PIZZA,QUANTIDADE) VALUES (264,77,"BROTO",3);
INSERT INTO PIZZARIA.CONTEM (NUM_PEDIDO,COD_PIZZA,DESC_TAMANHO_PIZZA,QUANTIDADE) VALUES (352,28,"BROTO",4);
INSERT INTO PIZZARIA.CONTEM (NUM_PEDIDO,COD_PIZZA,DESC_TAMANHO_PIZZA,QUANTIDADE) VALUES (193,36,"BROTO",4);
INSERT INTO PIZZARIA.CONTEM (NUM_PEDIDO,COD_PIZZA,DESC_TAMANHO_PIZZA,QUANTIDADE) VALUES (235,77,"INTEIRA",1);
INSERT INTO PIZZARIA.CONTEM (NUM_PEDIDO,COD_PIZZA,DESC_TAMANHO_PIZZA,QUANTIDADE) VALUES (464,59,"BROTO",3);
INSERT INTO PIZZARIA.CONTEM (NUM_PEDIDO,COD_PIZZA,DESC_TAMANHO_PIZZA,QUANTIDADE) VALUES (10,25,"BROTO",3);
INSERT INTO PIZZARIA.CONTEM (NUM_PEDIDO,COD_PIZZA,DESC_TAMANHO_PIZZA,QUANTIDADE) VALUES (69,91,"BROTO",3);
INSERT INTO PIZZARIA.CONTEM (NUM_PEDIDO,COD_PIZZA,DESC_TAMANHO_PIZZA,QUANTIDADE) VALUES (133,59,"INTEIRA",3);
INSERT INTO PIZZARIA.CONTEM (NUM_PEDIDO,COD_PIZZA,DESC_TAMANHO_PIZZA,QUANTIDADE) VALUES (416,88,"BROTO",4);
INSERT INTO PIZZARIA.CONTEM (NUM_PEDIDO,COD_PIZZA,DESC_TAMANHO_PIZZA,QUANTIDADE) VALUES (31,2,"BROTO",4);
INSERT INTO PIZZARIA.CONTEM (NUM_PEDIDO,COD_PIZZA,DESC_TAMANHO_PIZZA,QUANTIDADE) VALUES (471,30,"INTEIRA",1);
INSERT INTO PIZZARIA.CONTEM (NUM_PEDIDO,COD_PIZZA,DESC_TAMANHO_PIZZA,QUANTIDADE) VALUES (432,56,"BROTO",1);
INSERT INTO PIZZARIA.CONTEM (NUM_PEDIDO,COD_PIZZA,DESC_TAMANHO_PIZZA,QUANTIDADE) VALUES (296,84,"INTEIRA",2);
INSERT INTO PIZZARIA.CONTEM (NUM_PEDIDO,COD_PIZZA,DESC_TAMANHO_PIZZA,QUANTIDADE) VALUES (495,36,"BROTO",5);
INSERT INTO PIZZARIA.CONTEM (NUM_PEDIDO,COD_PIZZA,DESC_TAMANHO_PIZZA,QUANTIDADE) VALUES (110,70,"INTEIRA",4);
INSERT INTO PIZZARIA.CONTEM (NUM_PEDIDO,COD_PIZZA,DESC_TAMANHO_PIZZA,QUANTIDADE) VALUES (487,52,"BROTO",5);
INSERT INTO PIZZARIA.CONTEM (NUM_PEDIDO,COD_PIZZA,DESC_TAMANHO_PIZZA,QUANTIDADE) VALUES (309,74,"BROTO",2);
INSERT INTO PIZZARIA.CONTEM (NUM_PEDIDO,COD_PIZZA,DESC_TAMANHO_PIZZA,QUANTIDADE) VALUES (370,39,"INTEIRA",1);
INSERT INTO PIZZARIA.CONTEM (NUM_PEDIDO,COD_PIZZA,DESC_TAMANHO_PIZZA,QUANTIDADE) VALUES (491,45,"BROTO",5);
INSERT INTO PIZZARIA.CONTEM (NUM_PEDIDO,COD_PIZZA,DESC_TAMANHO_PIZZA,QUANTIDADE) VALUES (377,36,"INTEIRA",2);
INSERT INTO PIZZARIA.CONTEM (NUM_PEDIDO,COD_PIZZA,DESC_TAMANHO_PIZZA,QUANTIDADE) VALUES (312,63,"BROTO",4);
INSERT INTO PIZZARIA.CONTEM (NUM_PEDIDO,COD_PIZZA,DESC_TAMANHO_PIZZA,QUANTIDADE) VALUES (301,1,"BROTO",1);
INSERT INTO PIZZARIA.CONTEM (NUM_PEDIDO,COD_PIZZA,DESC_TAMANHO_PIZZA,QUANTIDADE) VALUES (104,67,"INTEIRA",1);
INSERT INTO PIZZARIA.CONTEM (NUM_PEDIDO,COD_PIZZA,DESC_TAMANHO_PIZZA,QUANTIDADE) VALUES (453,10,"BROTO",3);
INSERT INTO PIZZARIA.CONTEM (NUM_PEDIDO,COD_PIZZA,DESC_TAMANHO_PIZZA,QUANTIDADE) VALUES (210,52,"BROTO",1);
INSERT INTO PIZZARIA.CONTEM (NUM_PEDIDO,COD_PIZZA,DESC_TAMANHO_PIZZA,QUANTIDADE) VALUES (224,72,"BROTO",4);
INSERT INTO PIZZARIA.CONTEM (NUM_PEDIDO,COD_PIZZA,DESC_TAMANHO_PIZZA,QUANTIDADE) VALUES (193,42,"INTEIRA",2);
INSERT INTO PIZZARIA.CONTEM (NUM_PEDIDO,COD_PIZZA,DESC_TAMANHO_PIZZA,QUANTIDADE) VALUES (37,81,"BROTO",3);
INSERT INTO PIZZARIA.CONTEM (NUM_PEDIDO,COD_PIZZA,DESC_TAMANHO_PIZZA,QUANTIDADE) VALUES (384,8,"INTEIRA",5);
INSERT INTO PIZZARIA.CONTEM (NUM_PEDIDO,COD_PIZZA,DESC_TAMANHO_PIZZA,QUANTIDADE) VALUES (187,30,"BROTO",5);
INSERT INTO PIZZARIA.CONTEM (NUM_PEDIDO,COD_PIZZA,DESC_TAMANHO_PIZZA,QUANTIDADE) VALUES (302,45,"BROTO",4);
INSERT INTO PIZZARIA.CONTEM (NUM_PEDIDO,COD_PIZZA,DESC_TAMANHO_PIZZA,QUANTIDADE) VALUES (298,75,"BROTO",2);
INSERT INTO PIZZARIA.CONTEM (NUM_PEDIDO,COD_PIZZA,DESC_TAMANHO_PIZZA,QUANTIDADE) VALUES (146,63,"BROTO",3);
INSERT INTO PIZZARIA.CONTEM (NUM_PEDIDO,COD_PIZZA,DESC_TAMANHO_PIZZA,QUANTIDADE) VALUES (56,20,"INTEIRA",5);
INSERT INTO PIZZARIA.CONTEM (NUM_PEDIDO,COD_PIZZA,DESC_TAMANHO_PIZZA,QUANTIDADE) VALUES (255,21,"INTEIRA",4);
INSERT INTO PIZZARIA.CONTEM (NUM_PEDIDO,COD_PIZZA,DESC_TAMANHO_PIZZA,QUANTIDADE) VALUES (157,76,"INTEIRA",4);
INSERT INTO PIZZARIA.CONTEM (NUM_PEDIDO,COD_PIZZA,DESC_TAMANHO_PIZZA,QUANTIDADE) VALUES (321,63,"BROTO",1);
INSERT INTO PIZZARIA.CONTEM (NUM_PEDIDO,COD_PIZZA,DESC_TAMANHO_PIZZA,QUANTIDADE) VALUES (365,28,"INTEIRA",5);
INSERT INTO PIZZARIA.CONTEM (NUM_PEDIDO,COD_PIZZA,DESC_TAMANHO_PIZZA,QUANTIDADE) VALUES (278,48,"BROTO",1);
INSERT INTO PIZZARIA.CONTEM (NUM_PEDIDO,COD_PIZZA,DESC_TAMANHO_PIZZA,QUANTIDADE) VALUES (68,21,"INTEIRA",4);
INSERT INTO PIZZARIA.CONTEM (NUM_PEDIDO,COD_PIZZA,DESC_TAMANHO_PIZZA,QUANTIDADE) VALUES (157,86,"INTEIRA",5);
INSERT INTO PIZZARIA.CONTEM (NUM_PEDIDO,COD_PIZZA,DESC_TAMANHO_PIZZA,QUANTIDADE) VALUES (433,30,"INTEIRA",2);
INSERT INTO PIZZARIA.CONTEM (NUM_PEDIDO,COD_PIZZA,DESC_TAMANHO_PIZZA,QUANTIDADE) VALUES (401,86,"BROTO",2);
INSERT INTO PIZZARIA.CONTEM (NUM_PEDIDO,COD_PIZZA,DESC_TAMANHO_PIZZA,QUANTIDADE) VALUES (186,14,"INTEIRA",1);
INSERT INTO PIZZARIA.CONTEM (NUM_PEDIDO,COD_PIZZA,DESC_TAMANHO_PIZZA,QUANTIDADE) VALUES (265,80,"BROTO",2);
INSERT INTO PIZZARIA.CONTEM (NUM_PEDIDO,COD_PIZZA,DESC_TAMANHO_PIZZA,QUANTIDADE) VALUES (83,60,"INTEIRA",4);
INSERT INTO PIZZARIA.CONTEM (NUM_PEDIDO,COD_PIZZA,DESC_TAMANHO_PIZZA,QUANTIDADE) VALUES (345,40,"BROTO",1);
INSERT INTO PIZZARIA.CONTEM (NUM_PEDIDO,COD_PIZZA,DESC_TAMANHO_PIZZA,QUANTIDADE) VALUES (240,28,"BROTO",5);
INSERT INTO PIZZARIA.CONTEM (NUM_PEDIDO,COD_PIZZA,DESC_TAMANHO_PIZZA,QUANTIDADE) VALUES (458,11,"INTEIRA",3);
INSERT INTO PIZZARIA.CONTEM (NUM_PEDIDO,COD_PIZZA,DESC_TAMANHO_PIZZA,QUANTIDADE) VALUES (303,43,"INTEIRA",5);
INSERT INTO PIZZARIA.CONTEM (NUM_PEDIDO,COD_PIZZA,DESC_TAMANHO_PIZZA,QUANTIDADE) VALUES (325,69,"INTEIRA",5);
INSERT INTO PIZZARIA.CONTEM (NUM_PEDIDO,COD_PIZZA,DESC_TAMANHO_PIZZA,QUANTIDADE) VALUES (411,91,"INTEIRA",3);
INSERT INTO PIZZARIA.CONTEM (NUM_PEDIDO,COD_PIZZA,DESC_TAMANHO_PIZZA,QUANTIDADE) VALUES (47,44,"INTEIRA",4);
INSERT INTO PIZZARIA.CONTEM (NUM_PEDIDO,COD_PIZZA,DESC_TAMANHO_PIZZA,QUANTIDADE) VALUES (408,15,"INTEIRA",2);
INSERT INTO PIZZARIA.CONTEM (NUM_PEDIDO,COD_PIZZA,DESC_TAMANHO_PIZZA,QUANTIDADE) VALUES (281,77,"INTEIRA",2);
INSERT INTO PIZZARIA.CONTEM (NUM_PEDIDO,COD_PIZZA,DESC_TAMANHO_PIZZA,QUANTIDADE) VALUES (387,87,"INTEIRA",3);
INSERT INTO PIZZARIA.CONTEM (NUM_PEDIDO,COD_PIZZA,DESC_TAMANHO_PIZZA,QUANTIDADE) VALUES (171,48,"INTEIRA",1);
INSERT INTO PIZZARIA.CONTEM (NUM_PEDIDO,COD_PIZZA,DESC_TAMANHO_PIZZA,QUANTIDADE) VALUES (200,21,"INTEIRA",5);
INSERT INTO PIZZARIA.CONTEM (NUM_PEDIDO,COD_PIZZA,DESC_TAMANHO_PIZZA,QUANTIDADE) VALUES (38,26,"BROTO",4);
INSERT INTO PIZZARIA.CONTEM (NUM_PEDIDO,COD_PIZZA,DESC_TAMANHO_PIZZA,QUANTIDADE) VALUES (468,66,"BROTO",2);
INSERT INTO PIZZARIA.CONTEM (NUM_PEDIDO,COD_PIZZA,DESC_TAMANHO_PIZZA,QUANTIDADE) VALUES (29,47,"INTEIRA",1);
INSERT INTO PIZZARIA.CONTEM (NUM_PEDIDO,COD_PIZZA,DESC_TAMANHO_PIZZA,QUANTIDADE) VALUES (245,42,"BROTO",2);
INSERT INTO PIZZARIA.CONTEM (NUM_PEDIDO,COD_PIZZA,DESC_TAMANHO_PIZZA,QUANTIDADE) VALUES (40,74,"INTEIRA",3);
INSERT INTO PIZZARIA.CONTEM (NUM_PEDIDO,COD_PIZZA,DESC_TAMANHO_PIZZA,QUANTIDADE) VALUES (493,92,"INTEIRA",5);
INSERT INTO PIZZARIA.CONTEM (NUM_PEDIDO,COD_PIZZA,DESC_TAMANHO_PIZZA,QUANTIDADE) VALUES (232,6,"BROTO",1);
INSERT INTO PIZZARIA.CONTEM (NUM_PEDIDO,COD_PIZZA,DESC_TAMANHO_PIZZA,QUANTIDADE) VALUES (334,88,"BROTO",5);
INSERT INTO PIZZARIA.CONTEM (NUM_PEDIDO,COD_PIZZA,DESC_TAMANHO_PIZZA,QUANTIDADE) VALUES (301,39,"INTEIRA",2);
INSERT INTO PIZZARIA.CONTEM (NUM_PEDIDO,COD_PIZZA,DESC_TAMANHO_PIZZA,QUANTIDADE) VALUES (490,33,"INTEIRA",5);
INSERT INTO PIZZARIA.CONTEM (NUM_PEDIDO,COD_PIZZA,DESC_TAMANHO_PIZZA,QUANTIDADE) VALUES (499,60,"INTEIRA",2);
INSERT INTO PIZZARIA.CONTEM (NUM_PEDIDO,COD_PIZZA,DESC_TAMANHO_PIZZA,QUANTIDADE) VALUES (327,88,"INTEIRA",5);
INSERT INTO PIZZARIA.CONTEM (NUM_PEDIDO,COD_PIZZA,DESC_TAMANHO_PIZZA,QUANTIDADE) VALUES (140,10,"INTEIRA",1);
INSERT INTO PIZZARIA.CONTEM (NUM_PEDIDO,COD_PIZZA,DESC_TAMANHO_PIZZA,QUANTIDADE) VALUES (439,90,"INTEIRA",2);
INSERT INTO PIZZARIA.CONTEM (NUM_PEDIDO,COD_PIZZA,DESC_TAMANHO_PIZZA,QUANTIDADE) VALUES (369,15,"INTEIRA",4);
INSERT INTO PIZZARIA.CONTEM (NUM_PEDIDO,COD_PIZZA,DESC_TAMANHO_PIZZA,QUANTIDADE) VALUES (159,63,"BROTO",2);
INSERT INTO PIZZARIA.CONTEM (NUM_PEDIDO,COD_PIZZA,DESC_TAMANHO_PIZZA,QUANTIDADE) VALUES (97,25,"INTEIRA",1);
INSERT INTO PIZZARIA.CONTEM (NUM_PEDIDO,COD_PIZZA,DESC_TAMANHO_PIZZA,QUANTIDADE) VALUES (46,16,"BROTO",1);
INSERT INTO PIZZARIA.CONTEM (NUM_PEDIDO,COD_PIZZA,DESC_TAMANHO_PIZZA,QUANTIDADE) VALUES (227,54,"BROTO",3);
INSERT INTO PIZZARIA.CONTEM (NUM_PEDIDO,COD_PIZZA,DESC_TAMANHO_PIZZA,QUANTIDADE) VALUES (422,46,"BROTO",3);
INSERT INTO PIZZARIA.CONTEM (NUM_PEDIDO,COD_PIZZA,DESC_TAMANHO_PIZZA,QUANTIDADE) VALUES (35,80,"INTEIRA",3);
INSERT INTO PIZZARIA.CONTEM (NUM_PEDIDO,COD_PIZZA,DESC_TAMANHO_PIZZA,QUANTIDADE) VALUES (396,16,"INTEIRA",2);
INSERT INTO PIZZARIA.CONTEM (NUM_PEDIDO,COD_PIZZA,DESC_TAMANHO_PIZZA,QUANTIDADE) VALUES (234,23,"INTEIRA",2);
INSERT INTO PIZZARIA.CONTEM (NUM_PEDIDO,COD_PIZZA,DESC_TAMANHO_PIZZA,QUANTIDADE) VALUES (433,37,"BROTO",1);
INSERT INTO PIZZARIA.CONTEM (NUM_PEDIDO,COD_PIZZA,DESC_TAMANHO_PIZZA,QUANTIDADE) VALUES (228,38,"INTEIRA",2);
INSERT INTO PIZZARIA.CONTEM (NUM_PEDIDO,COD_PIZZA,DESC_TAMANHO_PIZZA,QUANTIDADE) VALUES (413,60,"INTEIRA",5);
INSERT INTO PIZZARIA.CONTEM (NUM_PEDIDO,COD_PIZZA,DESC_TAMANHO_PIZZA,QUANTIDADE) VALUES (332,22,"BROTO",5);
INSERT INTO PIZZARIA.CONTEM (NUM_PEDIDO,COD_PIZZA,DESC_TAMANHO_PIZZA,QUANTIDADE) VALUES (181,66,"INTEIRA",3);
INSERT INTO PIZZARIA.CONTEM (NUM_PEDIDO,COD_PIZZA,DESC_TAMANHO_PIZZA,QUANTIDADE) VALUES (82,13,"INTEIRA",5);
INSERT INTO PIZZARIA.CONTEM (NUM_PEDIDO,COD_PIZZA,DESC_TAMANHO_PIZZA,QUANTIDADE) VALUES (54,64,"INTEIRA",4);
INSERT INTO PIZZARIA.CONTEM (NUM_PEDIDO,COD_PIZZA,DESC_TAMANHO_PIZZA,QUANTIDADE) VALUES (265,89,"BROTO",4);
INSERT INTO PIZZARIA.CONTEM (NUM_PEDIDO,COD_PIZZA,DESC_TAMANHO_PIZZA,QUANTIDADE) VALUES (83,86,"INTEIRA",4);
INSERT INTO PIZZARIA.CONTEM (NUM_PEDIDO,COD_PIZZA,DESC_TAMANHO_PIZZA,QUANTIDADE) VALUES (126,63,"INTEIRA",3);
INSERT INTO PIZZARIA.CONTEM (NUM_PEDIDO,COD_PIZZA,DESC_TAMANHO_PIZZA,QUANTIDADE) VALUES (243,87,"BROTO",5);
INSERT INTO PIZZARIA.CONTEM (NUM_PEDIDO,COD_PIZZA,DESC_TAMANHO_PIZZA,QUANTIDADE) VALUES (450,4,"INTEIRA",1);
INSERT INTO PIZZARIA.CONTEM (NUM_PEDIDO,COD_PIZZA,DESC_TAMANHO_PIZZA,QUANTIDADE) VALUES (187,81,"BROTO",4);
INSERT INTO PIZZARIA.CONTEM (NUM_PEDIDO,COD_PIZZA,DESC_TAMANHO_PIZZA,QUANTIDADE) VALUES (290,13,"INTEIRA",1);
INSERT INTO PIZZARIA.CONTEM (NUM_PEDIDO,COD_PIZZA,DESC_TAMANHO_PIZZA,QUANTIDADE) VALUES (492,35,"BROTO",2);
INSERT INTO PIZZARIA.CONTEM (NUM_PEDIDO,COD_PIZZA,DESC_TAMANHO_PIZZA,QUANTIDADE) VALUES (325,34,"INTEIRA",2);
INSERT INTO PIZZARIA.CONTEM (NUM_PEDIDO,COD_PIZZA,DESC_TAMANHO_PIZZA,QUANTIDADE) VALUES (17,33,"BROTO",4);
INSERT INTO PIZZARIA.CONTEM (NUM_PEDIDO,COD_PIZZA,DESC_TAMANHO_PIZZA,QUANTIDADE) VALUES (471,72,"INTEIRA",3);
INSERT INTO PIZZARIA.CONTEM (NUM_PEDIDO,COD_PIZZA,DESC_TAMANHO_PIZZA,QUANTIDADE) VALUES (63,48,"BROTO",1);
INSERT INTO PIZZARIA.CONTEM (NUM_PEDIDO,COD_PIZZA,DESC_TAMANHO_PIZZA,QUANTIDADE) VALUES (399,42,"BROTO",3);
INSERT INTO PIZZARIA.CONTEM (NUM_PEDIDO,COD_PIZZA,DESC_TAMANHO_PIZZA,QUANTIDADE) VALUES (271,46,"BROTO",1);
INSERT INTO PIZZARIA.CONTEM (NUM_PEDIDO,COD_PIZZA,DESC_TAMANHO_PIZZA,QUANTIDADE) VALUES (52,29,"INTEIRA",5);
INSERT INTO PIZZARIA.CONTEM (NUM_PEDIDO,COD_PIZZA,DESC_TAMANHO_PIZZA,QUANTIDADE) VALUES (157,13,"BROTO",4);
INSERT INTO PIZZARIA.CONTEM (NUM_PEDIDO,COD_PIZZA,DESC_TAMANHO_PIZZA,QUANTIDADE) VALUES (285,89,"BROTO",2);
INSERT INTO PIZZARIA.CONTEM (NUM_PEDIDO,COD_PIZZA,DESC_TAMANHO_PIZZA,QUANTIDADE) VALUES (56,14,"BROTO",4);
INSERT INTO PIZZARIA.CONTEM (NUM_PEDIDO,COD_PIZZA,DESC_TAMANHO_PIZZA,QUANTIDADE) VALUES (342,10,"INTEIRA",4);
INSERT INTO PIZZARIA.CONTEM (NUM_PEDIDO,COD_PIZZA,DESC_TAMANHO_PIZZA,QUANTIDADE) VALUES (232,13,"INTEIRA",4);
INSERT INTO PIZZARIA.CONTEM (NUM_PEDIDO,COD_PIZZA,DESC_TAMANHO_PIZZA,QUANTIDADE) VALUES (251,92,"INTEIRA",3);
INSERT INTO PIZZARIA.CONTEM (NUM_PEDIDO,COD_PIZZA,DESC_TAMANHO_PIZZA,QUANTIDADE) VALUES (353,76,"BROTO",2);
INSERT INTO PIZZARIA.CONTEM (NUM_PEDIDO,COD_PIZZA,DESC_TAMANHO_PIZZA,QUANTIDADE) VALUES (317,50,"BROTO",4);
INSERT INTO PIZZARIA.CONTEM (NUM_PEDIDO,COD_PIZZA,DESC_TAMANHO_PIZZA,QUANTIDADE) VALUES (140,90,"BROTO",1);
INSERT INTO PIZZARIA.CONTEM (NUM_PEDIDO,COD_PIZZA,DESC_TAMANHO_PIZZA,QUANTIDADE) VALUES (239,14,"BROTO",4);
INSERT INTO PIZZARIA.CONTEM (NUM_PEDIDO,COD_PIZZA,DESC_TAMANHO_PIZZA,QUANTIDADE) VALUES (292,74,"INTEIRA",2);
INSERT INTO PIZZARIA.CONTEM (NUM_PEDIDO,COD_PIZZA,DESC_TAMANHO_PIZZA,QUANTIDADE) VALUES (335,74,"INTEIRA",4);
INSERT INTO PIZZARIA.CONTEM (NUM_PEDIDO,COD_PIZZA,DESC_TAMANHO_PIZZA,QUANTIDADE) VALUES (476,82,"INTEIRA",3);
INSERT INTO PIZZARIA.CONTEM (NUM_PEDIDO,COD_PIZZA,DESC_TAMANHO_PIZZA,QUANTIDADE) VALUES (165,48,"INTEIRA",4);
INSERT INTO PIZZARIA.CONTEM (NUM_PEDIDO,COD_PIZZA,DESC_TAMANHO_PIZZA,QUANTIDADE) VALUES (297,8,"INTEIRA",1);
INSERT INTO PIZZARIA.CONTEM (NUM_PEDIDO,COD_PIZZA,DESC_TAMANHO_PIZZA,QUANTIDADE) VALUES (181,81,"BROTO",2);
INSERT INTO PIZZARIA.CONTEM (NUM_PEDIDO,COD_PIZZA,DESC_TAMANHO_PIZZA,QUANTIDADE) VALUES (417,76,"INTEIRA",5);
INSERT INTO PIZZARIA.CONTEM (NUM_PEDIDO,COD_PIZZA,DESC_TAMANHO_PIZZA,QUANTIDADE) VALUES (444,5,"BROTO",5);
INSERT INTO PIZZARIA.CONTEM (NUM_PEDIDO,COD_PIZZA,DESC_TAMANHO_PIZZA,QUANTIDADE) VALUES (145,11,"BROTO",3);
INSERT INTO PIZZARIA.CONTEM (NUM_PEDIDO,COD_PIZZA,DESC_TAMANHO_PIZZA,QUANTIDADE) VALUES (421,41,"INTEIRA",2);
INSERT INTO PIZZARIA.CONTEM (NUM_PEDIDO,COD_PIZZA,DESC_TAMANHO_PIZZA,QUANTIDADE) VALUES (164,79,"BROTO",2);
INSERT INTO PIZZARIA.CONTEM (NUM_PEDIDO,COD_PIZZA,DESC_TAMANHO_PIZZA,QUANTIDADE) VALUES (94,76,"BROTO",1);
INSERT INTO PIZZARIA.CONTEM (NUM_PEDIDO,COD_PIZZA,DESC_TAMANHO_PIZZA,QUANTIDADE) VALUES (226,48,"INTEIRA",5);
INSERT INTO PIZZARIA.CONTEM (NUM_PEDIDO,COD_PIZZA,DESC_TAMANHO_PIZZA,QUANTIDADE) VALUES (250,71,"INTEIRA",3);
INSERT INTO PIZZARIA.CONTEM (NUM_PEDIDO,COD_PIZZA,DESC_TAMANHO_PIZZA,QUANTIDADE) VALUES (277,30,"BROTO",3);
INSERT INTO PIZZARIA.CONTEM (NUM_PEDIDO,COD_PIZZA,DESC_TAMANHO_PIZZA,QUANTIDADE) VALUES (69,73,"INTEIRA",5);
INSERT INTO PIZZARIA.CONTEM (NUM_PEDIDO,COD_PIZZA,DESC_TAMANHO_PIZZA,QUANTIDADE) VALUES (213,15,"INTEIRA",1);
INSERT INTO PIZZARIA.CONTEM (NUM_PEDIDO,COD_PIZZA,DESC_TAMANHO_PIZZA,QUANTIDADE) VALUES (173,92,"BROTO",1);
INSERT INTO PIZZARIA.CONTEM (NUM_PEDIDO,COD_PIZZA,DESC_TAMANHO_PIZZA,QUANTIDADE) VALUES (167,71,"INTEIRA",5);
INSERT INTO PIZZARIA.CONTEM (NUM_PEDIDO,COD_PIZZA,DESC_TAMANHO_PIZZA,QUANTIDADE) VALUES (79,30,"BROTO",5);
INSERT INTO PIZZARIA.CONTEM (NUM_PEDIDO,COD_PIZZA,DESC_TAMANHO_PIZZA,QUANTIDADE) VALUES (284,42,"BROTO",5);
INSERT INTO PIZZARIA.CONTEM (NUM_PEDIDO,COD_PIZZA,DESC_TAMANHO_PIZZA,QUANTIDADE) VALUES (332,33,"BROTO",1);
INSERT INTO PIZZARIA.CONTEM (NUM_PEDIDO,COD_PIZZA,DESC_TAMANHO_PIZZA,QUANTIDADE) VALUES (205,1,"BROTO",4);
INSERT INTO PIZZARIA.CONTEM (NUM_PEDIDO,COD_PIZZA,DESC_TAMANHO_PIZZA,QUANTIDADE) VALUES (56,21,"INTEIRA",2);
INSERT INTO PIZZARIA.CONTEM (NUM_PEDIDO,COD_PIZZA,DESC_TAMANHO_PIZZA,QUANTIDADE) VALUES (49,84,"BROTO",1);
INSERT INTO PIZZARIA.CONTEM (NUM_PEDIDO,COD_PIZZA,DESC_TAMANHO_PIZZA,QUANTIDADE) VALUES (412,67,"BROTO",5);
INSERT INTO PIZZARIA.CONTEM (NUM_PEDIDO,COD_PIZZA,DESC_TAMANHO_PIZZA,QUANTIDADE) VALUES (450,62,"INTEIRA",1);
INSERT INTO PIZZARIA.CONTEM (NUM_PEDIDO,COD_PIZZA,DESC_TAMANHO_PIZZA,QUANTIDADE) VALUES (354,88,"INTEIRA",1);
INSERT INTO PIZZARIA.CONTEM (NUM_PEDIDO,COD_PIZZA,DESC_TAMANHO_PIZZA,QUANTIDADE) VALUES (54,39,"INTEIRA",4);
INSERT INTO PIZZARIA.CONTEM (NUM_PEDIDO,COD_PIZZA,DESC_TAMANHO_PIZZA,QUANTIDADE) VALUES (496,54,"INTEIRA",3);
INSERT INTO PIZZARIA.CONTEM (NUM_PEDIDO,COD_PIZZA,DESC_TAMANHO_PIZZA,QUANTIDADE) VALUES (361,76,"BROTO",5);
INSERT INTO PIZZARIA.CONTEM (NUM_PEDIDO,COD_PIZZA,DESC_TAMANHO_PIZZA,QUANTIDADE) VALUES (42,90,"BROTO",3);
INSERT INTO PIZZARIA.CONTEM (NUM_PEDIDO,COD_PIZZA,DESC_TAMANHO_PIZZA,QUANTIDADE) VALUES (498,9,"BROTO",3);
INSERT INTO PIZZARIA.CONTEM (NUM_PEDIDO,COD_PIZZA,DESC_TAMANHO_PIZZA,QUANTIDADE) VALUES (115,3,"BROTO",4);
INSERT INTO PIZZARIA.CONTEM (NUM_PEDIDO,COD_PIZZA,DESC_TAMANHO_PIZZA,QUANTIDADE) VALUES (5,19,"INTEIRA",4);
INSERT INTO PIZZARIA.CONTEM (NUM_PEDIDO,COD_PIZZA,DESC_TAMANHO_PIZZA,QUANTIDADE) VALUES (19,69,"INTEIRA",5);
INSERT INTO PIZZARIA.CONTEM (NUM_PEDIDO,COD_PIZZA,DESC_TAMANHO_PIZZA,QUANTIDADE) VALUES (242,78,"BROTO",2);
INSERT INTO PIZZARIA.CONTEM (NUM_PEDIDO,COD_PIZZA,DESC_TAMANHO_PIZZA,QUANTIDADE) VALUES (239,70,"BROTO",1);
INSERT INTO PIZZARIA.CONTEM (NUM_PEDIDO,COD_PIZZA,DESC_TAMANHO_PIZZA,QUANTIDADE) VALUES (464,91,"BROTO",3);
INSERT INTO PIZZARIA.CONTEM (NUM_PEDIDO,COD_PIZZA,DESC_TAMANHO_PIZZA,QUANTIDADE) VALUES (126,3,"BROTO",3);
INSERT INTO PIZZARIA.CONTEM (NUM_PEDIDO,COD_PIZZA,DESC_TAMANHO_PIZZA,QUANTIDADE) VALUES (193,29,"INTEIRA",5);
INSERT INTO PIZZARIA.CONTEM (NUM_PEDIDO,COD_PIZZA,DESC_TAMANHO_PIZZA,QUANTIDADE) VALUES (173,84,"INTEIRA",3);
INSERT INTO PIZZARIA.CONTEM (NUM_PEDIDO,COD_PIZZA,DESC_TAMANHO_PIZZA,QUANTIDADE) VALUES (328,44,"BROTO",1);
INSERT INTO PIZZARIA.CONTEM (NUM_PEDIDO,COD_PIZZA,DESC_TAMANHO_PIZZA,QUANTIDADE) VALUES (15,72,"BROTO",1);
INSERT INTO PIZZARIA.CONTEM (NUM_PEDIDO,COD_PIZZA,DESC_TAMANHO_PIZZA,QUANTIDADE) VALUES (120,6,"BROTO",4);
INSERT INTO PIZZARIA.CONTEM (NUM_PEDIDO,COD_PIZZA,DESC_TAMANHO_PIZZA,QUANTIDADE) VALUES (407,51,"INTEIRA",4);
INSERT INTO PIZZARIA.CONTEM (NUM_PEDIDO,COD_PIZZA,DESC_TAMANHO_PIZZA,QUANTIDADE) VALUES (7,81,"BROTO",2);
INSERT INTO PIZZARIA.CONTEM (NUM_PEDIDO,COD_PIZZA,DESC_TAMANHO_PIZZA,QUANTIDADE) VALUES (71,17,"BROTO",1);
INSERT INTO PIZZARIA.CONTEM (NUM_PEDIDO,COD_PIZZA,DESC_TAMANHO_PIZZA,QUANTIDADE) VALUES (85,57,"INTEIRA",4);
INSERT INTO PIZZARIA.CONTEM (NUM_PEDIDO,COD_PIZZA,DESC_TAMANHO_PIZZA,QUANTIDADE) VALUES (303,66,"INTEIRA",4);
INSERT INTO PIZZARIA.CONTEM (NUM_PEDIDO,COD_PIZZA,DESC_TAMANHO_PIZZA,QUANTIDADE) VALUES (146,56,"INTEIRA",5);
INSERT INTO PIZZARIA.CONTEM (NUM_PEDIDO,COD_PIZZA,DESC_TAMANHO_PIZZA,QUANTIDADE) VALUES (279,4,"INTEIRA",4);
INSERT INTO PIZZARIA.CONTEM (NUM_PEDIDO,COD_PIZZA,DESC_TAMANHO_PIZZA,QUANTIDADE) VALUES (161,77,"INTEIRA",4);
INSERT INTO PIZZARIA.CONTEM (NUM_PEDIDO,COD_PIZZA,DESC_TAMANHO_PIZZA,QUANTIDADE) VALUES (334,35,"BROTO",2);
INSERT INTO PIZZARIA.CONTEM (NUM_PEDIDO,COD_PIZZA,DESC_TAMANHO_PIZZA,QUANTIDADE) VALUES (259,68,"BROTO",4);
INSERT INTO PIZZARIA.CONTEM (NUM_PEDIDO,COD_PIZZA,DESC_TAMANHO_PIZZA,QUANTIDADE) VALUES (381,13,"BROTO",3);
INSERT INTO PIZZARIA.CONTEM (NUM_PEDIDO,COD_PIZZA,DESC_TAMANHO_PIZZA,QUANTIDADE) VALUES (469,8,"BROTO",5);
INSERT INTO PIZZARIA.CONTEM (NUM_PEDIDO,COD_PIZZA,DESC_TAMANHO_PIZZA,QUANTIDADE) VALUES (248,50,"INTEIRA",4);
INSERT INTO PIZZARIA.CONTEM (NUM_PEDIDO,COD_PIZZA,DESC_TAMANHO_PIZZA,QUANTIDADE) VALUES (192,34,"INTEIRA",3);
INSERT INTO PIZZARIA.CONTEM (NUM_PEDIDO,COD_PIZZA,DESC_TAMANHO_PIZZA,QUANTIDADE) VALUES (486,38,"INTEIRA",2);
INSERT INTO PIZZARIA.CONTEM (NUM_PEDIDO,COD_PIZZA,DESC_TAMANHO_PIZZA,QUANTIDADE) VALUES (347,56,"BROTO",5);
INSERT INTO PIZZARIA.CONTEM (NUM_PEDIDO,COD_PIZZA,DESC_TAMANHO_PIZZA,QUANTIDADE) VALUES (141,65,"INTEIRA",5);
INSERT INTO PIZZARIA.CONTEM (NUM_PEDIDO,COD_PIZZA,DESC_TAMANHO_PIZZA,QUANTIDADE) VALUES (93,33,"BROTO",4);
INSERT INTO PIZZARIA.CONTEM (NUM_PEDIDO,COD_PIZZA,DESC_TAMANHO_PIZZA,QUANTIDADE) VALUES (226,44,"BROTO",2);
INSERT INTO PIZZARIA.CONTEM (NUM_PEDIDO,COD_PIZZA,DESC_TAMANHO_PIZZA,QUANTIDADE) VALUES (427,33,"BROTO",4);
INSERT INTO PIZZARIA.CONTEM (NUM_PEDIDO,COD_PIZZA,DESC_TAMANHO_PIZZA,QUANTIDADE) VALUES (263,52,"BROTO",4);
INSERT INTO PIZZARIA.CONTEM (NUM_PEDIDO,COD_PIZZA,DESC_TAMANHO_PIZZA,QUANTIDADE) VALUES (324,59,"INTEIRA",3);


/*
-- PESQUISA OS PREÇOS DAS PIZZAS PARA ATUALIZAR A TABELA CONTEM
SELECT CON.NUM_PEDIDO
      ,CON.COD_PIZZA
      ,CON.DESC_TAMANHO_PIZZA
      ,QUANTIDADE
	  ,(SELECT TAM.PRECO_TAMANHO_PIZZA
		  FROM TAMANHO_PIZZA TAM 
		 WHERE TAM.COD_PIZZA = CON.COD_PIZZA 
		   AND TAM.DESC_TAMANHO_PIZZA = CON.DESC_TAMANHO_PIZZA ) PRECO
  FROM PIZZARIA.CONTEM CON
*/

USE PIZZARIA;
-- INDICA O FECHAMENTO DO PEDIDO 3 HORAS DEPOIS DA ABERTURA
UPDATE PIZZARIA.PEDIDO SET 
       DTA_HOR_FECHAMENTO_PEDIDO = DATE_ADD(DTA_HOR_ABERTURA_PEDIDO, INTERVAL 3 HOUR)
 WHERE NUM_PEDIDO >= 1;


-- ATUALIZA OS PREÇOS NOS PEDIDOS COM OS PREÇOSDA TABELA DE TAMANHO_PIZZA
UPDATE PIZZARIA.CONTEM CON SET
		PRECO = (SELECT TAM.PRECO_TAMANHO_PIZZA
				   FROM TAMANHO_PIZZA TAM 
				  WHERE TAM.COD_PIZZA = CON.COD_PIZZA 
				    AND TAM.DESC_TAMANHO_PIZZA = CON.DESC_TAMANHO_PIZZA )
WHERE CON.COD_PIZZA >= 1;
				    
ALTER TABLE TESTE.PESSOA ADD NOM_DA_MAE VARCHAR (150);

ALTER TABLE TESTE.PESSOA CHANGE COLUMN NOM_DA_MAE NOME_MAE VARCHAR (150) NOT NULL;

ALTER TABLE TESTE.PESSOA MODIFY COLUMN IDF_ATIVO VARCHAR(1) DEFAULT 'S';

ALTER TABLE TESTE.PESSOA CHANGE NOME_MAE NOM_DA_MAE VARCHAR (150) NOT NULL;

ALTER TABLE TESTE.PESSOA DROP COLUMN NOME_DA_MAE;
ALTER TABLE TESTE.PESSOA RENAME TESTE.CLIENTE;
ALTER TABLE TESTE.CLIENTE RENAME TESTE.PESSOA;

SELECT * FROM PIZZARIA.CLIENTE;

SELECT COD_CLIENTE,NOME_CLIENTE FROM PIZZARIA.CLIENTE;
SELECT CLI.COD_CLIENTE, CLI.NOME_CLIENTE FROM PIZZARIA.CLIENTE CLI;
